{"type":"FeatureCollection","name":"Michigan and Ohio counties (2024 Census cartographic boundaries)","features":[{"type":"Feature","id":"39035","properties":{"id":"39035","FIPS":"39035","stateFIPS":"39","name":"Cuyahoga","state":"OH","sourceId":"census-counties-2024"},"geometry":{"type":"Polygon","coordinates":[[[-81.970965,41.369107],[-81.970863,41.375413],[-81.970463,41.384747],[-81.970464,41.386748],[-81.970464,41.388453],[-81.970464,41.389837],[-81.970164,41.405747],[-81.970263,41.411045],[-81.969963,41.416927],[-81.969963,41.418913],[-81.969863,41.431253],[-81.969763,41.44189],[-81.969662,41.45805],[-81.969465,41.478017],[-81.969177,41.492684],[-81.968466,41.504087],[-81.9683268768858,41.5049540930577],[-81.9659478226714,41.503678489236],[-81.963472,41.502351],[-81.9615298127465,41.5009157860834],[-81.9589310876198,41.4989954117938],[-81.958124,41.498399],[-81.954161441957,41.496290594543],[-81.952264,41.495281],[-81.944454,41.492363],[-81.935795413104,41.4910701718119],[-81.9309466042967,41.4903461880048],[-81.927456,41.489825],[-81.9225570419362,41.4895988277545],[-81.917254,41.489354],[-81.9074922655355,41.4879085334185],[-81.905645,41.487635],[-81.9046915300482,41.4873328580278],[-81.901328,41.486267],[-81.896906,41.486425],[-81.892468796549,41.485701245092],[-81.889716084274,41.4852522485469],[-81.876987,41.483176],[-81.87356,41.4830543131321],[-81.863638,41.482702],[-81.8543793047823,41.4849068486686],[-81.8520088044259,41.4854713552682],[-81.851961238252,41.4854826825895],[-81.851435,41.485608],[-81.847425,41.487245],[-81.8420845666843,41.4890251444386],[-81.838623,41.490179],[-81.8376283976982,41.4900100998955],[-81.8371845654195,41.4899347297519],[-81.8368828306157,41.4898834901361],[-81.835131,41.489586],[-81.8313144451496,41.4909433272892],[-81.831276,41.490957],[-81.8311739693642,41.490982407019],[-81.820124,41.493734],[-81.812281,41.495315],[-81.81104,41.495354685543],[-81.8095345766582,41.4954028269956],[-81.8095059749304,41.4954037416411],[-81.8069299153498,41.4954861206284],[-81.800273,41.495699],[-81.798106,41.49728],[-81.795082,41.497344],[-81.794854,41.496276],[-81.7944299208833,41.4961741981352],[-81.790405,41.495208],[-81.7891995783678,41.4952785773934],[-81.7826427613311,41.4956624787964],[-81.782019,41.495699],[-81.7812997091097,41.4953317230343],[-81.7811025409946,41.4952310470658],[-81.777542,41.493413],[-81.7770082929699,41.4932924180669],[-81.7725117842334,41.492276509179],[-81.7685745393334,41.4913869563453],[-81.767331,41.491106],[-81.76619,41.491939],[-81.763252,41.491341],[-81.762853,41.490294],[-81.7510379673616,41.4882414824503],[-81.744755,41.48715],[-81.738755,41.48855],[-81.738962299899,41.4891526321813],[-81.7395152350308,41.4907600449494],[-81.739648,41.491146],[-81.734033,41.493193],[-81.732613,41.491205],[-81.7303612485851,41.4919992707781],[-81.727201,41.493114],[-81.727025,41.494341],[-81.72065,41.497929],[-81.718085,41.497187],[-81.716035,41.498051],[-81.715483,41.499251],[-81.710612,41.500584],[-81.710245251601,41.500733318991],[-81.709704301785,41.5009535628447],[-81.7094513951594,41.5010565319708],[-81.7092473266621,41.5011396170018],[-81.709212,41.501154],[-81.6954149197992,41.5098468485358],[-81.695375,41.509872],[-81.692131,41.509322],[-81.691361,41.510582],[-81.69324,41.514391],[-81.687671,41.516916],[-81.688873,41.518176],[-81.665113,41.531604],[-81.662396,41.528842],[-81.668176,41.525419],[-81.6677477960035,41.523633059947],[-81.6675455001798,41.52278933075],[-81.667526,41.522708],[-81.663844,41.524422],[-81.6634060448087,41.5246519776691],[-81.655503,41.528802],[-81.655335,41.530792],[-81.6545365359922,41.5311975892014],[-81.6531606587588,41.5318964822547],[-81.6520927428208,41.5324389427391],[-81.647799,41.53462],[-81.646285,41.534922],[-81.644028459588,41.5363323929891],[-81.6412182684283,41.5380888312467],[-81.641178,41.538114],[-81.640617,41.539299],[-81.638109,41.540538],[-81.636965,41.539783],[-81.632947,41.541998],[-81.634153,41.542964],[-81.63579,41.542634],[-81.637359,41.542607],[-81.637787,41.543156],[-81.634873,41.547149],[-81.633286,41.54818],[-81.631451,41.548058],[-81.627303,41.544076],[-81.627021,41.5442455985866],[-81.611738,41.553437],[-81.6099968754053,41.5544842012824],[-81.609778031491,41.5546158251928],[-81.599747,41.560649],[-81.596718,41.563133],[-81.591846,41.566212],[-81.588842,41.569841],[-81.5888521864268,41.5699143239193],[-81.588953,41.57064],[-81.584214,41.574253],[-81.582834,41.573454],[-81.581566,41.573753],[-81.5784556888225,41.5760855620727],[-81.5775168905731,41.5767896090525],[-81.5751961696697,41.5785300219088],[-81.5748669241326,41.5787769379274],[-81.572488,41.580561],[-81.5707780764034,41.5820838285739],[-81.5674908147091,41.5850114073545],[-81.5673505666932,41.5851363098276],[-81.5672891700848,41.585190988592],[-81.566303605589,41.5860687153973],[-81.566191,41.586169],[-81.563766,41.586852],[-81.5622724507027,41.5882216996969],[-81.5564264543284,41.5935829284667],[-81.5561316709015,41.5938532675652],[-81.55483,41.595047],[-81.550521,41.598413],[-81.5499719551179,41.5989005444007],[-81.5431353536664,41.6049713536664],[-81.542272,41.605738],[-81.534952,41.610712],[-81.5322007593241,41.6123835799632],[-81.529723,41.613889],[-81.524272,41.616135],[-81.5197888818947,41.6172524213854],[-81.518932,41.617466],[-81.515372,41.617665],[-81.5144160574989,41.6180530592973],[-81.509545020729,41.6200304283376],[-81.507095,41.621025],[-81.5024699916144,41.6233894705792],[-81.498017,41.625666],[-81.48864,41.631348],[-81.488923,41.626757],[-81.488739,41.624048],[-81.48864,41.618103],[-81.48864,41.617437],[-81.488581,41.610943],[-81.488312,41.608999],[-81.48854,41.605847],[-81.488343,41.603279],[-81.488072,41.596284],[-81.488238,41.594544],[-81.48804,41.588249],[-81.48794,41.586249],[-81.488038,41.582234],[-81.487842,41.570051],[-81.478157,41.570053],[-81.457687,41.569952],[-81.447347,41.569963],[-81.447279,41.569964],[-81.446503,41.5701],[-81.439307,41.56987],[-81.437819,41.569745],[-81.433532,41.56995],[-81.419936,41.56995],[-81.41763,41.56967],[-81.408993,41.569849],[-81.391005,41.569716],[-81.390851,41.55606],[-81.39073,41.534742],[-81.390747,41.522517],[-81.390851,41.500748],[-81.390866,41.499214],[-81.391134,41.467051],[-81.391332,41.459264],[-81.391174,41.458813],[-81.391394,41.454897],[-81.391456,41.449914],[-81.391518,41.445222],[-81.384079,41.44525],[-81.374992,41.445286],[-81.374822,41.433421],[-81.374819,41.431758],[-81.374772,41.424427],[-81.385194,41.424371],[-81.387171,41.424269],[-81.391764,41.424269],[-81.391779,41.418716],[-81.391833,41.415853],[-81.391907,41.406177],[-81.391934,41.401853],[-81.391945,41.397787],[-81.391894,41.388722],[-81.391761,41.35736],[-81.391694,41.348272],[-81.397621,41.348318],[-81.399585,41.348573],[-81.405157,41.34865],[-81.411801,41.348694],[-81.419012,41.348753],[-81.440053,41.349051],[-81.450331,41.349148],[-81.461254,41.349342],[-81.46881,41.349607],[-81.488988,41.349753],[-81.508313,41.350055],[-81.517658,41.350154],[-81.518851,41.350162],[-81.526619,41.350484],[-81.536077,41.350614],[-81.54604,41.350656],[-81.561609,41.350842],[-81.585249,41.351088],[-81.598052,41.351157],[-81.597243,41.349305],[-81.595463,41.35028],[-81.593317,41.349633],[-81.593566,41.347685],[-81.596815,41.347212],[-81.596034,41.344919],[-81.594726,41.34354],[-81.589742,41.343746],[-81.588099,41.342651],[-81.587901,41.336311],[-81.591235,41.331275],[-81.591542,41.327877],[-81.590315,41.326133],[-81.587337,41.323707],[-81.587335,41.321306],[-81.587664,41.319772],[-81.585919,41.317391],[-81.583645,41.315683],[-81.584058,41.313301],[-81.583622,41.311524],[-81.584265,41.309664],[-81.585444,41.308864],[-81.584293,41.306981],[-81.581628,41.30579],[-81.578555,41.305817],[-81.575951,41.304425],[-81.57551,41.303679],[-81.573334,41.303292],[-81.573002,41.30265],[-81.575517,41.30266],[-81.57573,41.300909],[-81.572859,41.300751],[-81.573219,41.299103],[-81.57251,41.296504],[-81.57107,41.295868],[-81.57205,41.293896],[-81.569884,41.29342],[-81.571117,41.291768],[-81.570901,41.290813],[-81.568606,41.28993],[-81.566487,41.290019],[-81.565337,41.289182],[-81.565138,41.287853],[-81.566889,41.287967],[-81.568065,41.286024],[-81.566757,41.284383],[-81.564785,41.284208],[-81.564394,41.281936],[-81.562419,41.280389],[-81.562183,41.279316],[-81.563147,41.278579],[-81.564451,41.279056],[-81.565681,41.278084],[-81.565139,41.277758],[-81.568888,41.277855],[-81.587418,41.2776],[-81.590542,41.277554],[-81.610073,41.277501],[-81.618517,41.277559],[-81.62568,41.277554],[-81.627354,41.277544],[-81.636116,41.277493],[-81.637849,41.277481],[-81.670199,41.277256],[-81.684621,41.277131],[-81.68495,41.277146],[-81.702093,41.277081],[-81.704653,41.277225],[-81.744821,41.2768],[-81.758191,41.276688],[-81.785097,41.27645],[-81.806261,41.276093],[-81.806614,41.276084],[-81.822133,41.275804],[-81.822686,41.275794],[-81.825282,41.275751],[-81.835917,41.275597],[-81.838998,41.275563],[-81.848426,41.275446],[-81.848488,41.275445],[-81.850264,41.275424],[-81.858132,41.275325],[-81.878053,41.275044],[-81.87801,41.283013],[-81.877636,41.312445],[-81.877462,41.320103],[-81.877457,41.322054],[-81.877295,41.330625],[-81.87696,41.350685],[-81.903558,41.350795],[-81.905156,41.350802],[-81.912403,41.350832],[-81.91766,41.350854],[-81.922266,41.350874],[-81.935427,41.350976],[-81.937316,41.350993],[-81.954393,41.351162],[-81.971262,41.351268],[-81.970965,41.369107]]]}},{"type":"Feature","id":"39061","properties":{"id":"39061","FIPS":"39061","stateFIPS":"39","name":"Hamilton","state":"OH","sourceId":"census-counties-2024"},"geometry":{"type":"Polygon","coordinates":[[[-84.8201490142937,39.1120069327249],[-84.8201410724208,39.1184980392406],[-84.8201392615932,39.1199780774006],[-84.8201237289949,39.132673288196],[-84.8201076182141,39.1458410631549],[-84.820105,39.147981],[-84.8198303509923,39.1579507589805],[-84.819815,39.158508],[-84.8198286396177,39.1614651677083],[-84.8200803049493,39.2160280308802],[-84.8200912542224,39.2184019124296],[-84.8200926763988,39.2187102505618],[-84.820147,39.230488],[-84.8201401461226,39.2307760369165],[-84.819832,39.243726],[-84.8199056393094,39.2485394533011],[-84.8199080445924,39.2486966752755],[-84.8199454069448,39.2511388755075],[-84.8199497279459,39.2514213189061],[-84.819999,39.254642],[-84.8199875762252,39.2551839153181],[-84.8198200459795,39.2631311313495],[-84.819791,39.264509],[-84.8197044285977,39.2673849225953],[-84.819623,39.27009],[-84.8196225691032,39.2701260068105],[-84.8195461209017,39.2765142096517],[-84.819351,39.292819],[-84.819451,39.305152],[-84.795744,39.30565],[-84.772675,39.305155],[-84.766524,39.304868],[-84.763276,39.304918],[-84.76281,39.304951],[-84.74971,39.304926],[-84.744849,39.304754],[-84.727202,39.304746],[-84.706049,39.304655],[-84.70328,39.304748],[-84.702248,39.304655],[-84.688443,39.304755],[-84.659233,39.304847],[-84.654347,39.304756],[-84.641814,39.305044],[-84.639825,39.308832],[-84.638589,39.309746],[-84.637291,39.310247],[-84.630992,39.311942],[-84.63079,39.311978],[-84.630047,39.312056],[-84.616339,39.311227],[-84.609655,39.310299],[-84.609338,39.310256],[-84.608746,39.310156],[-84.598746,39.308556],[-84.579655,39.308058],[-84.571327,39.308048],[-84.562347,39.308079],[-84.554565,39.307358],[-84.542391,39.306256],[-84.531278,39.304488],[-84.524107,39.303343],[-84.523685,39.303278],[-84.523336,39.303288],[-84.518247,39.304034],[-84.512774,39.304835],[-84.504644,39.305957],[-84.50273,39.305502],[-84.494048,39.303409],[-84.485147,39.301546],[-84.484573,39.301606],[-84.465455,39.302922],[-84.452667,39.301483],[-84.44696,39.300808],[-84.439499,39.299963],[-84.429133,39.298763],[-84.410254,39.298238],[-84.409335,39.297858],[-84.401185,39.297875],[-84.395127,39.297646],[-84.391871,39.29753],[-84.391083,39.297579],[-84.37913,39.295711],[-84.378935,39.295676],[-84.370755,39.294398],[-84.369919,39.294299],[-84.362011,39.293328],[-84.353209,39.292287],[-84.347144,39.292619],[-84.344648,39.292745],[-84.339164,39.293042],[-84.334105,39.293287],[-84.326445,39.293088],[-84.317453,39.292713],[-84.315697,39.292689],[-84.305222,39.292184],[-84.297678,39.291786],[-84.297155,39.291757],[-84.287502,39.290617],[-84.282417,39.289985],[-84.277412,39.289366],[-84.268125,39.288722],[-84.26275,39.288353],[-84.262172,39.288342],[-84.263904,39.285945],[-84.265237,39.28222],[-84.264657,39.280663],[-84.25764,39.277972],[-84.256374,39.276825],[-84.256686,39.274912],[-84.258408,39.27415],[-84.258733,39.273731],[-84.258845,39.273474],[-84.259431,39.27086],[-84.260416,39.268663],[-84.261408,39.264686],[-84.262988,39.26407],[-84.264968,39.263959],[-84.267878,39.262051],[-84.268233,39.261757],[-84.271328,39.258437],[-84.279052,39.254285],[-84.282224,39.252263],[-84.282825,39.251936],[-84.293265,39.248865],[-84.295114,39.246686],[-84.296066,39.245204],[-84.296415,39.239305],[-84.297003,39.238254],[-84.299441,39.235156],[-84.300079,39.234696],[-84.300405,39.234508],[-84.302592,39.233982],[-84.303859,39.234479],[-84.307114,39.234413],[-84.308992,39.231539],[-84.316698,39.226944],[-84.3187,39.225009],[-84.320028,39.223433],[-84.31974,39.222216],[-84.316076,39.22051],[-84.313552,39.213055],[-84.312411,39.211104],[-84.31115,39.20963],[-84.309356,39.208774],[-84.299464,39.209061],[-84.296099,39.209712],[-84.295265,39.209948],[-84.293273,39.210758],[-84.292667,39.211036],[-84.289621,39.212934],[-84.287467,39.213544],[-84.284304,39.213243],[-84.283128,39.212591],[-84.279743,39.207607],[-84.277945,39.206233],[-84.276377,39.203873],[-84.276286,39.200927],[-84.277205,39.199836],[-84.278,39.196916],[-84.279846,39.195717],[-84.281757,39.194445],[-84.282764,39.192273],[-84.287042,39.188716],[-84.287827,39.187466],[-84.288385,39.18625],[-84.288463,39.182344],[-84.288932,39.181501],[-84.292887,39.179986],[-84.294596,39.178577],[-84.298226,39.175723],[-84.299448,39.173875],[-84.297821,39.170178],[-84.295195,39.166964],[-84.297429,39.165852],[-84.299025,39.165268],[-84.300117,39.164433],[-84.301742,39.159434],[-84.301828,39.152566],[-84.301893,39.152148],[-84.302724,39.142606],[-84.304218,39.132432],[-84.306887,39.114499],[-84.307136,39.112838],[-84.309247,39.098676],[-84.311018,39.086631],[-84.31102,39.086612],[-84.312289,39.078074],[-84.313208,39.071821],[-84.31481,39.060999],[-84.314815,39.060335],[-84.31524,39.057335],[-84.316752,39.046192],[-84.319593,39.025615],[-84.3199364709232,39.0220809555344],[-84.326539,39.027463],[-84.3350945583163,39.0321772872355],[-84.336339,39.032863],[-84.3363774064021,39.0328792336339],[-84.346039,39.036963],[-84.360439,39.041362],[-84.3613597300941,39.0414945243119],[-84.3712065252103,39.042911812348],[-84.38684,39.045162],[-84.3894199816135,39.0451973422139],[-84.39414,39.045262],[-84.3966869833509,39.0456740120126],[-84.40094,39.046362],[-84.40254,39.045662],[-84.406941,39.045662],[-84.421467,39.050938],[-84.4214792123506,39.0509440760956],[-84.421608393192,39.0510083483369],[-84.4239443757962,39.0521705859873],[-84.4245661280684,39.0524799307139],[-84.42573,39.053059],[-84.427913,39.054962],[-84.4287393257164,39.0563763541826],[-84.4294503306395,39.05759332319],[-84.429841,39.058262],[-84.432341,39.067561],[-84.4331317919463,39.0728988456376],[-84.433141,39.072961],[-84.4326734620709,39.0779169020487],[-84.432641,39.078261],[-84.432941,39.083961],[-84.434641,39.086861],[-84.4346325076923,39.0869289384615],[-84.433941,39.092461],[-84.432841,39.094261],[-84.435541,39.102261],[-84.4358592728829,39.1027227171797],[-84.4402401161449,39.1090779887223],[-84.440642,39.109661],[-84.4407499022624,39.1097735936651],[-84.445242,39.114461],[-84.4456719124152,39.114772074837],[-84.449793,39.117754],[-84.455342,39.12036],[-84.462042,39.12176],[-84.4631018030123,39.1217225951878],[-84.470542,39.12146],[-84.4712396318617,39.1211785488016],[-84.4761428376073,39.1192004093147],[-84.476243,39.11916],[-84.480943,39.11676],[-84.4848121102702,39.1133460791733],[-84.487743,39.11076],[-84.492429218324,39.1042773979851],[-84.4935544922307,39.1027207690808],[-84.493743,39.10246],[-84.4958322681388,39.1008184321767],[-84.496543,39.10026],[-84.4986005556286,39.098910789306],[-84.5019963180453,39.0966840699391],[-84.502062,39.096641],[-84.5060822325253,39.0950807457156],[-84.509743,39.09366],[-84.519543,39.09206],[-84.5225736778395,39.092119413406],[-84.5225763500247,39.0921194657915],[-84.524644,39.09216],[-84.5372435220488,39.0974412367869],[-84.541344,39.09916],[-84.5415454696343,39.0992057885532],[-84.543544,39.09966],[-84.550844,39.09936],[-84.5510198104119,39.0992769784166],[-84.554444,39.09766],[-84.557544,39.09486],[-84.563926390312,39.0873806363531],[-84.563944,39.08736],[-84.5652688909326,39.0865036680557],[-84.5718393126186,39.082256932088],[-84.572144,39.08206],[-84.592408,39.078088],[-84.601682,39.074115],[-84.6043813489005,39.0737359847925],[-84.607928,39.073238],[-84.620112,39.073457],[-84.6234848991522,39.0743602500324],[-84.632446,39.07676],[-84.635771693775,39.07952831493],[-84.650346,39.09166],[-84.657246,39.09546],[-84.666147,39.09796],[-84.677247,39.09826],[-84.684847,39.100459],[-84.689747,39.104159],[-84.6924825286506,39.1074775101663],[-84.6970001232396,39.1129578708153],[-84.701947,39.118959],[-84.7122344808816,39.1306058463828],[-84.714048,39.132659],[-84.718548,39.137059],[-84.723298748118,39.1401213572408],[-84.726148,39.141958],[-84.7264211300536,39.1420737330736],[-84.732048,39.144458],[-84.744149,39.147458],[-84.750749,39.147358],[-84.754449,39.146658],[-84.7589353526971,39.1437035726141],[-84.766749,39.138558],[-84.783991,39.11806],[-84.78768,39.115297],[-84.79382,39.112939],[-84.810753,39.109142],[-84.812241,39.107102],[-84.813767,39.106492],[-84.820157,39.10548],[-84.8201490142937,39.1120069327249]]]}},{"type":"Feature","id":"26103","properties":{"id":"26103","FIPS":"26103","stateFIPS":"26","name":"Marquette","state":"MI","sourceId":"census-counties-2024"},"geometry":{"type":"MultiPolygon","coordinates":[[[[-87.403831,46.593672],[-87.403156,46.594135],[-87.403203,46.594455],[-87.403179,46.595158],[-87.402633,46.595545],[-87.401842,46.5957],[-87.400644,46.595606],[-87.399714,46.595414],[-87.399411,46.595046],[-87.399295,46.594726],[-87.3999,46.594215],[-87.400807,46.594103],[-87.402109,46.593464],[-87.40283,46.593416],[-87.403458,46.593496],[-87.403831,46.593672]]],[[[-87.420134,46.602974],[-87.418443,46.603672],[-87.417451,46.604332],[-87.416803,46.604972],[-87.416062,46.605224],[-87.415507,46.604779],[-87.414693,46.604715],[-87.414275,46.604971],[-87.413362,46.605396],[-87.412693,46.605083],[-87.41303,46.604436],[-87.412744,46.604072],[-87.412124,46.603668],[-87.411669,46.603373],[-87.411344,46.603389],[-87.410774,46.603557],[-87.410212,46.603178],[-87.410079,46.602718],[-87.410413,46.602094],[-87.410743,46.601669],[-87.411167,46.601669],[-87.411716,46.601759],[-87.412042,46.601567],[-87.412437,46.601375],[-87.412181,46.60064],[-87.412181,46.600177],[-87.412693,46.599585],[-87.413786,46.599106],[-87.414344,46.598978],[-87.414856,46.59861],[-87.414903,46.598291],[-87.41567,46.598003],[-87.416042,46.597619],[-87.416508,46.597476],[-87.417647,46.597763],[-87.418857,46.598706],[-87.41988,46.600033],[-87.419811,46.600512],[-87.419322,46.601104],[-87.419718,46.601759],[-87.420322,46.602462],[-87.420134,46.602974]]],[[[-87.461237,46.636819],[-87.460801,46.637895],[-87.461017,46.638487],[-87.460455,46.639139],[-87.459903,46.639572],[-87.459151,46.639995],[-87.458312,46.639788],[-87.457635,46.639399],[-87.457446,46.638869],[-87.456894,46.638404],[-87.457162,46.638101],[-87.457792,46.637982],[-87.458454,46.638079],[-87.459054,46.637984],[-87.459446,46.637484],[-87.459793,46.637106],[-87.460645,46.636611],[-87.461258,46.636283],[-87.461237,46.636819]]],[[[-87.5425,46.704189],[-87.542404,46.704502],[-87.54226,46.704608],[-87.5421978755888,46.7046192067565],[-87.541495,46.704746],[-87.541086,46.704845],[-87.540456,46.705129],[-87.54021,46.705093],[-87.539359,46.704849],[-87.539157,46.704865],[-87.539046,46.704703],[-87.539248,46.704502],[-87.539643,46.704311],[-87.540133,46.704146],[-87.540663,46.703945],[-87.541067,46.703865],[-87.541312,46.703677],[-87.541822,46.703555],[-87.542317,46.703545],[-87.542635,46.703766],[-87.5425,46.704189]]],[[[-87.959092,46.950504],[-87.957603,46.951451],[-87.956543,46.951606],[-87.955836,46.950624],[-87.955457,46.949487],[-87.955786,46.948953],[-87.9571837646585,46.9491849054614],[-87.957552,46.949246],[-87.959016,46.949935],[-87.959092,46.950504]]],[[[-87.978258,46.954314],[-87.97754,46.954793],[-87.974487,46.954828],[-87.97171,46.953811],[-87.969035,46.95376],[-87.963634,46.951313],[-87.964442,46.95028],[-87.968001,46.950969],[-87.970146,46.950418],[-87.971887,46.9504],[-87.972821,46.950917],[-87.973174,46.951744],[-87.975572,46.953208],[-87.976426,46.953512],[-87.9773118077219,46.9535207703735],[-87.977941,46.953527],[-87.978258,46.954314]]],[[[-88.005423,46.965764],[-88.004775,46.966312],[-88.003849,46.96627],[-88.002302,46.965304],[-88.000609,46.963848],[-87.999869,46.963827],[-87.999171,46.964191],[-87.998266,46.963725],[-87.997179,46.962815],[-87.9970347841498,46.9620360446513],[-87.996875,46.961173],[-87.997313,46.959447],[-87.998357,46.958709],[-87.999445,46.958768],[-87.999385,46.961204],[-88.005402,46.965263],[-88.005423,46.965764]]],[[[-88.116897,46.333331],[-88.116571,46.419951],[-88.116667,46.436801],[-88.116603,46.506523],[-88.116694,46.527142],[-88.116681,46.537369],[-88.115843,46.678381],[-87.991546,46.679113],[-87.991289,46.71453],[-87.991389,46.765159],[-88.044709,46.765353],[-88.044528,46.808798],[-88.044533,46.809621],[-88.044583,46.817804],[-88.044872,46.821145],[-88.045112,46.834469],[-88.044573,46.838231],[-88.0445670007046,46.9115682657834],[-88.035102,46.90865],[-88.023976,46.908937],[-88.016995,46.910479],[-88.012147,46.910039],[-88.007319,46.908737],[-88.004298,46.906982],[-87.998715,46.905351],[-87.98971,46.904899],[-87.986113,46.905957],[-87.9754903954913,46.9070484335453],[-87.95827403608,46.9088173511562],[-87.956,46.909051],[-87.9540983340949,46.9089895124801],[-87.93633,46.908415],[-87.921768,46.908538],[-87.916591,46.909606],[-87.901448,46.909819],[-87.897653,46.908907],[-87.8749822914179,46.8928918582982],[-87.874538,46.892578],[-87.8735132862118,46.8921982189843],[-87.86112,46.887605],[-87.8604132005936,46.8874297800466],[-87.8479272670741,46.8843344397436],[-87.846195,46.883905],[-87.8446374698308,46.8840486176399],[-87.841228,46.884363],[-87.83686,46.887052],[-87.8322008107408,46.8883304185006],[-87.827162,46.889713],[-87.816794,46.891154],[-87.8141202912508,46.8888077606239],[-87.813226,46.888023],[-87.813222,46.886157],[-87.808954,46.883456],[-87.803726,46.881383],[-87.79896,46.880584],[-87.795035,46.881484],[-87.793194,46.880822],[-87.785234,46.880218],[-87.782461,46.879859],[-87.780032,46.878885],[-87.77693,46.876726],[-87.776313,46.872591],[-87.7782887403272,46.8708339763142],[-87.778752,46.870422],[-87.776804,46.866823],[-87.773395160056,46.8644252566495],[-87.771612,46.863171],[-87.765989,46.861316],[-87.7658352431757,46.8613028803781],[-87.760012,46.860806],[-87.7559370375134,46.86045888085],[-87.755868,46.860453],[-87.750102,46.864309],[-87.7496263865923,46.8644628587354],[-87.746646,46.865427],[-87.743197,46.86593],[-87.741014,46.865247],[-87.737021,46.853448],[-87.737129,46.851819],[-87.73487,46.85012],[-87.736442,46.849135],[-87.736732,46.847216],[-87.7364693396009,46.8460962831927],[-87.734325,46.836955],[-87.7330287808568,46.8331944830914],[-87.732575,46.831878],[-87.7276790375675,46.8262559493531],[-87.727329,46.825854],[-87.708304,46.824426],[-87.69387,46.826965],[-87.687108,46.830007],[-87.684709,46.834387],[-87.68793,46.839159],[-87.687164,46.841742],[-87.684165,46.842669],[-87.680668,46.842496],[-87.676838,46.840068],[-87.674541,46.836964],[-87.675096,46.834692],[-87.673177,46.827593],[-87.6739729464678,46.8251785836168],[-87.674345,46.82405],[-87.672015,46.820415],[-87.667873,46.817095],[-87.662261,46.815157],[-87.657303,46.813309],[-87.6525610214864,46.8125739237519],[-87.65151,46.812411],[-87.64892,46.812124],[-87.645556,46.813556],[-87.641887,46.813733],[-87.636662,46.813067],[-87.6333,46.812107],[-87.630322,46.809568],[-87.628959,46.807313],[-87.628081,46.805157],[-87.620345,46.799587],[-87.619536,46.79736],[-87.617319,46.796187],[-87.607988,46.788408],[-87.604327,46.786137],[-87.6033898413903,46.7859225285916],[-87.600875,46.785347],[-87.595307,46.78295],[-87.5905821306011,46.7824677136156],[-87.590389,46.782448],[-87.592511,46.781156],[-87.593213,46.779327],[-87.592304,46.777505],[-87.59441,46.776844],[-87.595479,46.774332],[-87.592753,46.767658],[-87.590767,46.753009],[-87.589543,46.749769],[-87.587404,46.74828],[-87.586261,46.746673],[-87.587385,46.744813],[-87.585763,46.740881],[-87.582872,46.737904],[-87.58289,46.736989],[-87.58483,46.736371],[-87.582745,46.730527],[-87.578476,46.724962],[-87.573493,46.720239],[-87.568264,46.716898],[-87.565204,46.715432],[-87.563659,46.715391],[-87.563366,46.716439],[-87.561618,46.716696],[-87.56177,46.715912],[-87.562137,46.714916],[-87.561628,46.714494],[-87.56071,46.713536],[-87.559835,46.712886],[-87.560304,46.712444],[-87.559048,46.711825],[-87.558063,46.712056],[-87.557434,46.711006],[-87.557687,46.710298],[-87.556685,46.709343],[-87.554206,46.707742],[-87.552726,46.707561],[-87.552038,46.707237],[-87.551833,46.706514],[-87.548906,46.704927],[-87.544645,46.703264],[-87.543629,46.703283],[-87.543783,46.700062],[-87.540605,46.696948],[-87.536515,46.695151],[-87.534571,46.695677],[-87.529413,46.693998],[-87.5286899519148,46.6933746951018],[-87.525397,46.690536],[-87.520667,46.691069],[-87.520023,46.690041],[-87.522889,46.688352],[-87.524611,46.686637],[-87.522446,46.681013],[-87.5230373862842,46.6788816672531],[-87.523153,46.678465],[-87.524444,46.677586],[-87.524873,46.676313],[-87.521591,46.671986],[-87.517079,46.668376],[-87.514948,46.665211],[-87.511367,46.661962],[-87.50938,46.658517],[-87.509357,46.65679],[-87.5066678171045,46.65284328859],[-87.5032234717197,46.6477882820107],[-87.503025,46.647497],[-87.5015114441626,46.6467620357488],[-87.4934050080004,46.6428256492366],[-87.49286,46.642561],[-87.4924088378494,46.6424352653946],[-87.4690226878299,46.6359177675503],[-87.4685592202267,46.6357886035321],[-87.467965,46.635623],[-87.462545,46.635708],[-87.464343,46.633384],[-87.466537,46.631555],[-87.467563,46.626228],[-87.466165,46.62161],[-87.462639,46.617644],[-87.46454,46.616322],[-87.464108,46.614811],[-87.461147,46.612158],[-87.456527,46.609213],[-87.454041,46.609756],[-87.452424,46.609125],[-87.451368,46.605923],[-87.442612,46.602776],[-87.441313,46.601138],[-87.441194,46.599587],[-87.443214,46.598852],[-87.441432,46.597219],[-87.43953,46.594769],[-87.437985,46.595504],[-87.434658,46.594932],[-87.434064,46.593299],[-87.43442,46.591747],[-87.431212,46.590441],[-87.423012,46.590767],[-87.412673,46.591666],[-87.41089,46.592482],[-87.41196,46.593626],[-87.40887,46.594116],[-87.407562,46.592401],[-87.409032998757,46.5902444151705],[-87.409345,46.589787],[-87.407919,46.587827],[-87.405055047926,46.5872531049753],[-87.402215,46.586684],[-87.398531,46.584887],[-87.395322,46.584397],[-87.390925,46.584805],[-87.386409,46.585459],[-87.385886,46.587085],[-87.38629,46.591094],[-87.383961,46.59307],[-87.38003,46.593508],[-87.37701,46.590337],[-87.377763,46.587047],[-87.379421,46.585573],[-87.379234,46.583339],[-87.379539,46.581601],[-87.381649,46.580059],[-87.38427,46.58113],[-87.386052,46.582273],[-87.389736,46.580476],[-87.39247,46.577291],[-87.392974,46.572523],[-87.392828,46.570852],[-87.388989,46.56359],[-87.387607,46.561389],[-87.384494,46.558064],[-87.3829847681226,46.5569996034878],[-87.381013,46.555609],[-87.382206,46.553681],[-87.381307,46.550217],[-87.3798652958789,46.5492919500745],[-87.377445,46.547739],[-87.374923,46.546607],[-87.376428,46.546213],[-87.379254,46.544516],[-87.383324,46.543802],[-87.384151,46.543053],[-87.3903,46.542577],[-87.3904327016002,46.5422388661147],[-87.391652,46.539132],[-87.393027,46.537875],[-87.3931855773032,46.5370983353792],[-87.393985,46.533183],[-87.393442,46.532175],[-87.390953,46.532705],[-87.390787,46.530493],[-87.391448,46.528238],[-87.38929,46.524472],[-87.385523,46.520477],[-87.381349,46.517292],[-87.366767,46.507303],[-87.3661816247326,46.5069965870389],[-87.3643400188075,46.5060326038369],[-87.35941,46.503452],[-87.3525597269008,46.5012315553199],[-87.351071,46.500749],[-87.3366789850057,46.4969783401582],[-87.333712,46.496201],[-87.3299242501368,46.4955106682743],[-87.3132303853571,46.4924681483353],[-87.310755,46.492017],[-87.3052826495684,46.4914882306093],[-87.2859582703368,46.489621],[-87.285565,46.489583],[-87.258732,46.488255],[-87.2569953269313,46.4882858898925],[-87.2297055018436,46.4887712891179],[-87.22826,46.488797],[-87.202404,46.490827],[-87.1996500913256,46.4914042007527],[-87.179784,46.495568],[-87.175065,46.497548],[-87.173307,46.498913],[-87.173468,46.500887],[-87.171264,46.504041],[-87.168198,46.50558],[-87.166068,46.506163],[-87.162569,46.505352],[-87.161835,46.503738],[-87.159795,46.501081],[-87.160318,46.499933],[-87.15842,46.498561],[-87.155659,46.498177],[-87.151989,46.49671],[-87.142518,46.494867],[-87.134571,46.493918],[-87.1285243100061,46.4939994026419],[-87.12744,46.494014],[-87.116634,46.494808],[-87.116473,46.464566],[-87.116574,46.463909],[-87.116438,46.420326],[-87.116355,46.410493],[-87.116513,46.391179],[-87.116248,46.347553],[-87.116125,46.289525],[-87.116245,46.245857],[-87.116466,46.228481],[-87.116138,46.15905],[-87.241506,46.159103],[-87.241776,46.129551],[-87.242885,45.985117],[-87.267346,45.985122],[-87.305513,45.985155],[-87.367849,45.985321],[-87.449484,45.985742],[-87.450661,45.98566],[-87.492512,45.985547],[-87.617091,45.986014],[-87.616678,46.072906],[-87.615931,46.159746],[-87.615914,46.246654],[-87.659,46.246682],[-87.741111,46.246821],[-87.804019,46.246754],[-87.86532,46.246865],[-87.866561,46.246851],[-87.950361,46.246743],[-87.99205,46.246702],[-88.010005,46.246715],[-88.117407,46.246618],[-88.116897,46.333331]]]]}},{"type":"Feature","id":"26053","properties":{"id":"26053","FIPS":"26053","stateFIPS":"26","name":"Gogebic","state":"MI","sourceId":"census-counties-2024"},"geometry":{"type":"Polygon","coordinates":[[[-90.418136,46.566094],[-90.414486,46.566964],[-90.3983019546954,46.5760101088753],[-90.3977025116427,46.5763451689308],[-90.385929,46.582926],[-90.370225,46.589328],[-90.347027,46.600845],[-90.337401,46.607192],[-90.33297,46.608729],[-90.330584,46.608815],[-90.327626,46.607744],[-90.322475,46.606125],[-90.310521,46.603038],[-90.308931,46.602763],[-90.306609,46.602741],[-90.2782866717813,46.6135551045056],[-90.265294,46.618516],[-90.237609,46.624485],[-90.220213,46.629458],[-90.210757,46.632991],[-90.1854931507335,46.6397617613407],[-90.164026,46.645515],[-90.1637155082552,46.6455621352534],[-90.155759,46.64677],[-90.152056,46.646634],[-90.138258,46.64917],[-90.128513,46.650868],[-90.123817,46.650947],[-90.118076,46.652211],[-90.1115331859772,46.6533105661792],[-90.100695,46.655132],[-90.07666,46.660846],[-90.0734029232411,46.6617957522803],[-90.068937,46.663098],[-90.048564,46.666785],[-90.027886,46.673733],[-89.997083,46.691735],[-89.9890157396058,46.6999375978888],[-89.985817,46.70319],[-89.97155,46.711325],[-89.966285,46.71269],[-89.957101,46.716929],[-89.938435,46.726818],[-89.91998,46.737177],[-89.8853874922337,46.7654749888557],[-89.863793,46.765405],[-89.86442,46.592643],[-89.740001,46.592494],[-89.740009,46.54985],[-89.740568,46.505642],[-89.56131,46.506134],[-89.551272,46.506185],[-89.365094,46.505949],[-89.365409,46.495866],[-89.365683,46.419274],[-89.365155,46.376399],[-89.366293,46.362393],[-89.366371,46.347545],[-89.365507,46.333078],[-89.116381,46.332663],[-89.012149,46.33285],[-88.991012,46.332308],[-88.990857,46.191236],[-88.9908849086907,46.0973298417764],[-89.0265377695293,46.1119013922815],[-89.09163,46.138505],[-89.125136,46.144531],[-89.161757,46.151816],[-89.166887,46.152868],[-89.1798944426371,46.1552574777141],[-89.194508,46.157942],[-89.201283,46.159426],[-89.203289,46.16002],[-89.2054674832761,46.1603769474287],[-89.205657,46.160408],[-89.218156,46.162988],[-89.219964,46.163319],[-89.276489,46.174047],[-89.276883,46.174116],[-89.372812,46.192847],[-89.376299942128,46.1934571055796],[-89.386001,46.195154],[-89.4905941889721,46.2153125112119],[-89.495723,46.216301],[-89.533801,46.224119],[-89.5547840832446,46.2280673056318],[-89.638416,46.243804],[-89.667617,46.249797],[-89.7349430651631,46.2625028500089],[-89.7349712168272,46.2625081628223],[-89.7406708824992,46.2635838100764],[-89.764506,46.268082],[-89.8051597186787,46.2759912122323],[-89.908196,46.296037],[-89.90991,46.296402],[-89.918798,46.297741],[-89.9291576329505,46.2997498928327],[-89.9905019876605,46.3116455106692],[-90.120489,46.336852],[-90.121248,46.337217],[-90.12138,46.338131],[-90.121084,46.338656],[-90.118724,46.339209],[-90.118553,46.34101],[-90.117992,46.341373],[-90.118791,46.342253],[-90.119572,46.34418],[-90.120198,46.345066],[-90.121891,46.344471],[-90.123453,46.345848],[-90.123549,46.346506],[-90.121903,46.346738],[-90.121826,46.347836],[-90.120198,46.349633],[-90.118544,46.349316],[-90.117466,46.349487],[-90.116741,46.350652],[-90.116493,46.353638],[-90.116844,46.355153],[-90.118827,46.359241],[-90.119691,46.359755],[-90.119757,46.359748],[-90.120973,46.35972],[-90.120661,46.360617],[-90.122481,46.360599],[-90.122757,46.362621],[-90.122923,46.363603],[-90.126517,46.366889],[-90.131036,46.369199],[-90.129976,46.37011],[-90.131166,46.370933],[-90.133871,46.371828],[-90.134663,46.374947],[-90.134656,46.374979],[-90.133584,46.377773],[-90.132823,46.378252],[-90.13425,46.379131],[-90.13225,46.381249],[-90.133966,46.382118],[-90.135253,46.38221],[-90.137502,46.384205],[-90.13941,46.384999],[-90.140732,46.386892],[-90.14144,46.387549],[-90.140793,46.388423],[-90.141852,46.389293],[-90.143861,46.389735],[-90.144359,46.390255],[-90.14483,46.391587],[-90.14437,46.39219],[-90.1454,46.394303],[-90.147464,46.395594],[-90.147553,46.396528],[-90.146816,46.397205],[-90.14677,46.399132],[-90.148347,46.399258],[-90.149981,46.399785],[-90.152936,46.401293],[-90.154064,46.403129],[-90.153433,46.404172],[-90.154468,46.405371],[-90.154006,46.406671],[-90.155862,46.407291],[-90.157851,46.409291],[-90.1588481971832,46.4132744513704],[-90.158972,46.413769],[-90.158863,46.414768],[-90.15772,46.415706],[-90.158904,46.418452],[-90.158241,46.420485],[-90.158603,46.422656],[-90.160591,46.422999],[-90.159635,46.425285],[-90.160252,46.426566],[-90.1605042120186,46.426677252321],[-90.162349,46.427491],[-90.162409,46.43037],[-90.163417,46.431841],[-90.1634216746098,46.4344251243223],[-90.163422,46.434605],[-90.1661437695512,46.4374140566213],[-90.166852,46.438145],[-90.166919,46.439851],[-90.16777,46.442122],[-90.168672,46.441111],[-90.169265,46.439946],[-90.170404,46.439438],[-90.171747,46.439834],[-90.174556,46.439656],[-90.1760396455905,46.4399079647076],[-90.17608807887,46.4399161900393],[-90.17793,46.440229],[-90.178298,46.44392],[-90.176763,46.447675],[-90.176915,46.448642],[-90.1784526937837,46.4498857791929],[-90.178924,46.450267],[-90.1791241968845,46.4522293465453],[-90.179212,46.45309],[-90.1791734116097,46.4531818263852],[-90.178053,46.455848],[-90.178325,46.457408],[-90.180279,46.458736],[-90.181428,46.458406],[-90.179943,46.457385],[-90.180336,46.456746],[-90.18284,46.457401],[-90.187687,46.458206],[-90.1880303859406,46.4583273377882],[-90.189385,46.458806],[-90.190749,46.460173],[-90.193294,46.463143],[-90.1920764454564,46.4654742060617],[-90.192005,46.465611],[-90.189426,46.467004],[-90.1894146126146,46.4670197527891],[-90.188633,46.468101],[-90.188996,46.469015],[-90.190674,46.468627],[-90.192657,46.468576],[-90.192407,46.470284],[-90.193394,46.472487],[-90.19584,46.473402],[-90.197873,46.474273],[-90.201727,46.476074],[-90.2018229273777,46.4761623187645],[-90.204009,46.478175],[-90.205633,46.480729],[-90.205696,46.484446],[-90.206887,46.485961],[-90.208613,46.486589],[-90.209492,46.487469],[-90.211753,46.490351],[-90.212197,46.491477],[-90.211192,46.493111],[-90.212268,46.493738],[-90.214843,46.498181],[-90.214866,46.499947],[-90.216594,46.501759],[-90.220532,46.503403],[-90.222351,46.50338],[-90.228735,46.501573],[-90.230324,46.501732],[-90.23102,46.503354],[-90.230921,46.504656],[-90.229402,46.507992],[-90.230363,46.509705],[-90.231587,46.509842],[-90.236283,46.507121],[-90.243395,46.505245],[-90.246043,46.504832],[-90.248194,46.505357],[-90.252032,46.504677],[-90.25716,46.504716],[-90.25865,46.503483],[-90.260504,46.502822],[-90.263018,46.502777],[-90.265269,46.503829],[-90.265143,46.505089],[-90.264321,46.506632],[-90.266567,46.507855],[-90.26848,46.507167],[-90.270713,46.506933],[-90.271731,46.504715],[-90.272976,46.505139],[-90.273082,46.507186],[-90.272643,46.509065],[-90.271046,46.510142],[-90.270432,46.510756],[-90.270422,46.51169],[-90.273383,46.513662],[-90.274721,46.515416],[-90.276821,46.514537],[-90.277577,46.515022],[-90.276559,46.516695],[-90.27506,46.518398],[-90.273065,46.518638],[-90.271796,46.519265],[-90.271971,46.519756],[-90.272599,46.521127],[-90.277131,46.524487],[-90.278356,46.523847],[-90.27892,46.522271],[-90.282266,46.521575],[-90.281676,46.520645],[-90.283423,46.518868],[-90.285707,46.518846],[-90.292854,46.520972],[-90.29475,46.521646],[-90.295165,46.521056],[-90.294311,46.519876],[-90.294411,46.518848],[-90.295796,46.51848],[-90.296672,46.519113],[-90.298284,46.51782],[-90.303546,46.517432],[-90.306558,46.518484],[-90.307716,46.518392],[-90.308376,46.517903],[-90.308537,46.516812],[-90.311571,46.516532],[-90.312581,46.517113],[-90.313839,46.516199],[-90.313894,46.516199],[-90.316983,46.517319],[-90.317104,46.520073],[-90.317777,46.521637],[-90.314434,46.523784],[-90.311886,46.528695],[-90.312936,46.530441],[-90.311718,46.531591],[-90.310605,46.532554],[-90.311286,46.534227],[-90.310329,46.536852],[-90.3103786157893,46.5370872537332],[-90.310859,46.539365],[-90.31381,46.539962],[-90.316331,46.540874],[-90.31697,46.542544],[-90.315196,46.544447],[-90.317163,46.545139],[-90.318448,46.544243],[-90.320245,46.545617],[-90.320428,46.546287],[-90.320663,46.546606],[-90.322885,46.546694],[-90.324699,46.545602],[-90.326686,46.54615],[-90.328044,46.548046],[-90.327548,46.550262],[-90.327346,46.551125],[-90.327874,46.551678],[-90.32926,46.550568],[-90.330653,46.551807],[-90.33257,46.551865],[-90.331677,46.552727],[-90.331887,46.553278],[-90.335062,46.553335],[-90.336921,46.554076],[-90.338608,46.553185],[-90.342555,46.552681],[-90.344338,46.552087],[-90.344047,46.551116],[-90.343111,46.550521],[-90.341711,46.550327],[-90.339819,46.550086],[-90.339404,46.549288],[-90.340669,46.548057],[-90.3413555480092,46.5479639227054],[-90.342336,46.547831],[-90.343595,46.54806],[-90.345612,46.549526],[-90.346806,46.54935],[-90.347738,46.547835],[-90.347514,46.547083],[-90.345384,46.546274],[-90.345799,46.545143],[-90.347344,46.544507],[-90.348056,46.543857],[-90.348405,46.541779],[-90.348866,46.541177],[-90.350318,46.540493],[-90.355535,46.539399],[-90.357342,46.538994],[-90.35852,46.539183],[-90.359724,46.539368],[-90.360101,46.540925],[-90.360685,46.54138],[-90.362428,46.54123],[-90.363833,46.539975],[-90.364736,46.539586],[-90.366218,46.539682],[-90.366241,46.540651],[-90.367083,46.541163],[-90.369964,46.540549],[-90.372732,46.539345],[-90.374304,46.538943],[-90.376201,46.538159],[-90.37685,46.536175],[-90.378635,46.535601],[-90.380258,46.536693],[-90.383318,46.535602],[-90.384424,46.534592],[-90.385955,46.533791],[-90.387228,46.533663],[-90.389736,46.533232],[-90.391275,46.533405],[-90.392113,46.532617],[-90.39332,46.532615],[-90.395272,46.533941],[-90.394652,46.534493],[-90.392856,46.534455],[-90.392142,46.534841],[-90.391967,46.535367],[-90.392419,46.53621],[-90.394886,46.535779],[-90.395568,46.536317],[-90.398742,46.542738],[-90.400041,46.544384],[-90.400429,46.544384],[-90.400941,46.54398],[-90.402019,46.544384],[-90.402729,46.545569],[-90.405593,46.547584],[-90.407775,46.552246],[-90.407843,46.554505],[-90.408464,46.55506],[-90.410669,46.555093],[-90.414464,46.55732],[-90.414596,46.55732],[-90.41562,46.563169],[-90.416696,46.56506],[-90.418136,46.566094]]]}},{"type":"Feature","id":"26115","properties":{"id":"26115","FIPS":"26115","stateFIPS":"26","name":"Monroe","state":"MI","sourceId":"census-counties-2024"},"geometry":{"type":"Polygon","coordinates":[[[-83.773922,42.08243],[-83.711872,42.083639],[-83.695764,42.083919],[-83.683673,42.084154],[-83.680233,42.084155],[-83.666346,42.084432],[-83.66157,42.084525],[-83.656824,42.084586],[-83.656621,42.084581],[-83.646553,42.08389],[-83.63887,42.084009],[-83.587602,42.08479],[-83.587366,42.084778],[-83.539396,42.085598],[-83.500167,42.086374],[-83.494488,42.086517],[-83.479967,42.086879],[-83.420622,42.087777],[-83.420761,42.093568],[-83.4086,42.093657],[-83.381501,42.093862],[-83.377159,42.093901],[-83.355095,42.094008],[-83.353996,42.094012],[-83.345238,42.094037],[-83.342546,42.094047],[-83.330101,42.094095],[-83.308624,42.094186],[-83.303885,42.094241],[-83.303606,42.094245],[-83.295268,42.094243],[-83.293039,42.092378],[-83.290232,42.091913],[-83.289344,42.090043],[-83.287215,42.089464],[-83.286238,42.090767],[-83.286001,42.090516],[-83.285712,42.090094],[-83.285655,42.089556],[-83.285689,42.089475],[-83.286216,42.089093],[-83.286314,42.089066],[-83.286837,42.088498],[-83.284525,42.088158],[-83.28492,42.08973],[-83.283141,42.08939],[-83.283245,42.086126],[-83.28027,42.085457],[-83.282456,42.084396],[-83.281694,42.08342],[-83.279351,42.083947],[-83.277228,42.082704],[-83.277617,42.081856],[-83.280443,42.081638],[-83.278189,42.079374],[-83.275253,42.080306],[-83.277339,42.077315],[-83.277073,42.076095],[-83.273043,42.07495],[-83.270437,42.076132],[-83.268776,42.074281],[-83.269989,42.071388],[-83.267598,42.069084],[-83.266295,42.068663],[-83.264314,42.069283],[-83.262615,42.072737],[-83.260629,42.072923],[-83.259843,42.074246],[-83.257615,42.073684],[-83.255299,42.070778],[-83.254878,42.068657],[-83.254075,42.068013],[-83.252355,42.068379],[-83.251541,42.067652],[-83.254548,42.063962],[-83.251996,42.064153],[-83.250008,42.063458],[-83.24861,42.060627],[-83.243171,42.06151],[-83.240911,42.059766],[-83.239103,42.059814],[-83.236655,42.057933],[-83.234393,42.059025],[-83.233364,42.057878],[-83.233335,42.056136],[-83.232312,42.054857],[-83.229302,42.054855],[-83.228958,42.052926],[-83.230645,42.049504],[-83.230433,42.048678],[-83.229087,42.048326],[-83.225644,42.049127],[-83.225464,42.049104],[-83.223176,42.048514],[-83.219674,42.04912],[-83.218683,42.048133],[-83.217739,42.044686],[-83.214211,42.042577],[-83.2127952709633,42.0419930600246],[-83.212613,42.041249],[-83.2087504843834,42.0387131816054],[-83.203119,42.035016],[-83.20098,42.032192],[-83.193493,42.026542],[-83.185681,42.026618],[-83.183178,42.022701],[-83.181659,42.019248],[-83.1835195078961,42.0145473605169],[-83.185729,42.008965],[-83.1862682196257,42.0085943034682],[-83.189703,42.006233],[-83.192742,42.007295],[-83.191669,42.011413],[-83.196674,42.016924],[-83.200607,42.018451],[-83.207131,42.01626],[-83.208651,42.014932],[-83.206327,42.012741],[-83.204361,42.009022],[-83.208114,42.006166],[-83.209723,41.99607],[-83.206238,41.992085],[-83.210195,41.990221],[-83.215909,41.988478],[-83.217276,41.988914],[-83.2175080253439,41.9900412412376],[-83.217911,41.991999],[-83.216934,41.992834],[-83.2169840396438,41.9928732765734],[-83.221281,41.996246],[-83.234125,41.994504],[-83.236323,41.990983],[-83.2260393622241,41.9912772552986],[-83.224895,41.99131],[-83.223256,41.989191],[-83.226689,41.988308],[-83.237741,41.981754],[-83.242376,41.977796],[-83.245822,41.976312],[-83.2461185242389,41.9761474990197],[-83.250314,41.97382],[-83.252819,41.970133],[-83.253013,41.968447],[-83.257009,41.959686],[-83.258704,41.953072],[-83.256423,41.948935],[-83.2549119054194,41.9489796314855],[-83.254053,41.949005],[-83.253813000232,41.9472227449137],[-83.253539,41.945188],[-83.257521,41.942425],[-83.260929,41.941656],[-83.262839,41.93951],[-83.264851,41.934725],[-83.2647776780979,41.9345244098553],[-83.263904042675,41.9321343647119],[-83.263746,41.931702],[-83.264535,41.930983],[-83.265522,41.93088],[-83.2664804490022,41.933599656004],[-83.266784,41.934461],[-83.2673762754265,41.9356012494689],[-83.267653,41.936134],[-83.267534,41.937631],[-83.27,41.939862],[-83.2757290759114,41.9417282478646],[-83.284462,41.944573],[-83.291525,41.945071],[-83.296773,41.944925],[-83.301009909248,41.9440984256795],[-83.301212,41.944059],[-83.3031313184626,41.9431057542493],[-83.309741,41.939823],[-83.3109216578329,41.9391961907874],[-83.31445,41.937323],[-83.3184284992466,41.9343967410267],[-83.3188411092734,41.9340932588043],[-83.319698,41.933463],[-83.323308,41.929398],[-83.326639,41.924309],[-83.3267256280969,41.9239706034829],[-83.32713,41.922391],[-83.325544,41.92058],[-83.327326,41.916166],[-83.331562,41.91408],[-83.333642,41.907261],[-83.3337327488558,41.9065746115005],[-83.3356584729891,41.8920091948129],[-83.335961,41.889721],[-83.3375,41.888948],[-83.338613,41.886842],[-83.34276,41.879384],[-83.344517,41.879021],[-83.346771,41.876929],[-83.3481015902382,41.8765943625248],[-83.350783,41.87592],[-83.3521042685096,41.8759987894697],[-83.354204,41.876124],[-83.358115,41.874312],[-83.3595760457703,41.8746611869715],[-83.3605270133873,41.8748884663004],[-83.362546,41.875371],[-83.365801,41.875737],[-83.367593,41.876823],[-83.371158,41.876911],[-83.37649,41.873746],[-83.3764324819034,41.8725835289939],[-83.376395,41.871826],[-83.378059,41.871295],[-83.3785197594868,41.8713835587355],[-83.3799468775656,41.871657853191],[-83.380598,41.871783],[-83.383743,41.869638],[-83.390983,41.858933],[-83.3942855489346,41.8551694689629],[-83.39622,41.852965],[-83.3969276761645,41.8524141451903],[-83.398007,41.851574],[-83.409596,41.830325],[-83.410058,41.827825],[-83.4129,41.82564],[-83.4131276612346,41.8255730008888],[-83.415248,41.824949],[-83.416811,41.822636],[-83.41958,41.821299],[-83.423129,41.820635],[-83.42796,41.820514],[-83.434204,41.818562],[-83.4346202267578,41.8181463889622],[-83.439612,41.813162],[-83.440009,41.81054],[-83.441668,41.808646],[-83.441864,41.802967],[-83.4421974965696,41.8012588468385],[-83.444324,41.790367],[-83.4429282701208,41.7835407610294],[-83.441769,41.777871],[-83.428677,41.750872],[-83.427532,41.745273],[-83.427556,41.741965],[-83.430341,41.741917],[-83.431171,41.744975],[-83.434696,41.746422],[-83.436584,41.744778],[-83.438578,41.745757],[-83.439155,41.758045],[-83.440414,41.758984],[-83.463075,41.75828],[-83.464806,41.758553],[-83.469841,41.762818],[-83.471992,41.762192],[-83.472202,41.75961],[-83.476923,41.75781],[-83.479913,41.757419],[-83.479441,41.751392],[-83.468058,41.750375],[-83.468163,41.748848],[-83.473304,41.74834],[-83.473251,41.746461],[-83.469999,41.745522],[-83.47131,41.743134],[-83.469264,41.740864],[-83.45292,41.740587],[-83.454118,41.736643],[-83.453101,41.735689],[-83.453336,41.734949],[-83.45477,41.73456],[-83.455401,41.732843],[-83.4640140315744,41.7326403500083],[-83.4644203242811,41.7326307906316],[-83.4673376857572,41.7325621500753],[-83.4820213451256,41.732216668531],[-83.4889775646912,41.7320530005095],[-83.4923754823826,41.7319730532823],[-83.4923876768237,41.7319727663678],[-83.497733,41.731847],[-83.499733,41.731647],[-83.503433,41.731547],[-83.504334,41.731547],[-83.5215968983071,41.7310777707769],[-83.5284330320893,41.7308919552964],[-83.5345175981284,41.7307265684567],[-83.5476768136316,41.7303688829535],[-83.5476808435517,41.7303687734148],[-83.5563113217103,41.7301341851962],[-83.5668699463901,41.729847187314],[-83.5668710187663,41.7298471581653],[-83.585235,41.729348],[-83.585544414054,41.7293408043243],[-83.5893643477215,41.7292519686576],[-83.593835,41.729148],[-83.595235,41.729148],[-83.5955747689302,41.7291373393918],[-83.605408558302,41.7288287938882],[-83.6120372491349,41.7286208117286],[-83.6148345388014,41.7285330438177],[-83.6245355309483,41.728228664967],[-83.6245373818017,41.7282286068945],[-83.6313485069676,41.7280149006654],[-83.636636,41.727849],[-83.639636,41.727749],[-83.6399931637539,41.7277381361164],[-83.6457380386337,41.7275633937148],[-83.6459046865828,41.7275583247684],[-83.6495572272946,41.7274472250927],[-83.6558057957658,41.7272571617956],[-83.665937,41.726949],[-83.6661666515759,41.7269430811449],[-83.685337,41.726449],[-83.6854116032719,41.7264448936589],[-83.6890368341324,41.7262453523501],[-83.7015222911115,41.7255581231714],[-83.708937,41.72515],[-83.7092559650824,41.7251405668263],[-83.7095807820572,41.7251309605869],[-83.720620237528,41.7248044762565],[-83.7296365653301,41.7245378245406],[-83.7443510777,41.724102652921],[-83.7467936838407,41.7240304145183],[-83.7587561697811,41.7236766321944],[-83.763038,41.72355],[-83.7631498887765,41.7235473333038],[-83.764074,41.745487],[-83.76626,41.797529],[-83.766626,41.803103],[-83.766987,41.811047],[-83.767417,41.820957],[-83.769336,41.885663],[-83.769712,41.900314],[-83.769722,41.900732],[-83.769827,41.90425],[-83.769943,41.907996],[-83.7702,41.919552],[-83.770263,41.922558],[-83.770376,41.936881],[-83.770503,41.944327],[-83.771094,41.976481],[-83.771457,41.995203],[-83.771666,42.002611],[-83.771874,42.009754],[-83.772091,42.017617],[-83.772672,42.03885],[-83.773922,42.08243]]]}},{"type":"Feature","id":"26141","properties":{"id":"26141","FIPS":"26141","stateFIPS":"26","name":"Presque Isle","state":"MI","sourceId":"census-counties-2024"},"geometry":{"type":"Polygon","coordinates":[[[-84.25202,45.625998],[-84.2044951460569,45.626247],[-84.203386,45.624857],[-84.200959,45.622743],[-84.196344,45.621296],[-84.196184,45.62035],[-84.191012,45.615201],[-84.187193,45.612446],[-84.183214,45.607965],[-84.179992,45.603985],[-84.178042,45.603401],[-84.175973,45.600311],[-84.170364,45.596609],[-84.170535,45.595396],[-84.168064,45.592735],[-84.165904,45.591328],[-84.163181,45.591255],[-84.162923,45.5911464936994],[-84.1618154085345,45.5906806772167],[-84.158737,45.589386],[-84.158227,45.58812],[-84.157463,45.585283],[-84.150856,45.580992],[-84.138449,45.57284],[-84.137355,45.571642],[-84.134741,45.567649],[-84.132887,45.566517],[-84.130463,45.563056],[-84.128846,45.561891],[-84.126992,45.5561],[-84.127288,45.553878],[-84.127848,45.550175],[-84.126971,45.542428],[-84.12509,45.533279],[-84.1244548455077,45.530533405028],[-84.123237,45.525269],[-84.120005,45.517676],[-84.116687,45.51305],[-84.112792,45.508286],[-84.109238,45.505171],[-84.103657,45.501135],[-84.096855,45.497354],[-84.089758,45.494433],[-84.078696,45.490757],[-84.073319585577,45.4898322443809],[-84.069981,45.489258],[-84.060632,45.488857],[-84.051363,45.490057],[-84.042525,45.492809],[-84.036864,45.494689],[-84.036294,45.495388],[-84.036389,45.497288],[-84.035866,45.497754],[-84.029734,45.497288],[-84.027975,45.496188],[-84.020417,45.495488],[-84.016614,45.495921],[-84.009599239452,45.4947645724052],[-84.009341,45.494722],[-84.004028,45.492058],[-84.000002,45.49122],[-83.996015,45.491068],[-83.98864,45.491777],[-83.979167,45.493986],[-83.975018,45.49437],[-83.971985,45.495124],[-83.968364,45.494905],[-83.965917,45.493588],[-83.964234,45.493272],[-83.954508,45.494018],[-83.953328,45.494407],[-83.947552,45.493907],[-83.945974,45.493245],[-83.93609,45.492353],[-83.927479,45.490172],[-83.926892,45.489499],[-83.922639,45.488176],[-83.914356,45.486848],[-83.9132695451222,45.4866113112224],[-83.909911989643,45.4858798535995],[-83.909472,45.485784],[-83.907256,45.484352],[-83.905796,45.482457],[-83.900645,45.478864],[-83.897302,45.475701],[-83.892519,45.472842],[-83.884175,45.469316],[-83.881813,45.467907],[-83.874146,45.46091],[-83.87132,45.459595],[-83.869444,45.456812],[-83.86034,45.448061],[-83.853871,45.443084],[-83.849767,45.440834],[-83.846343,45.438755],[-83.8455768896849,45.4381169948797],[-83.843,45.435971],[-83.838846,45.434041],[-83.8371471956731,45.4337574943088],[-83.833513,45.433151],[-83.830987,45.433472],[-83.8291033731554,45.4324458110411],[-83.828922,45.432347],[-83.829058,45.431069],[-83.824655,45.42693],[-83.819654,45.425595],[-83.816798,45.425314],[-83.814249,45.424218],[-83.8118900527402,45.4222154231326],[-83.81131,45.421723],[-83.810831,45.420582],[-83.806636,45.418938],[-83.797015,45.416744],[-83.788997,45.415637],[-83.779845,45.416636],[-83.779399,45.415823],[-83.784246,45.413785],[-83.786143,45.4138],[-83.787896,45.411735],[-83.786856,45.41015],[-83.783232,45.410817],[-83.776658,45.407987],[-83.772663,45.406918],[-83.763857,45.407586],[-83.7617283183636,45.409772968868],[-83.761191,45.410325],[-83.760672,45.411524],[-83.760052,45.412274],[-83.757931,45.412014],[-83.7567960304274,45.4116076658048],[-83.7551330400519,45.4110122931427],[-83.752515,45.410075],[-83.748529,45.407395],[-83.7458552038032,45.4048060108382],[-83.744588,45.403579],[-83.7416212298603,45.4037352176045],[-83.740239,45.403808],[-83.737359,45.405678],[-83.7374412560042,45.4058145656171],[-83.7374825465917,45.4058831183583],[-83.7376456408978,45.4061538958505],[-83.738554,45.407662],[-83.736869,45.411268],[-83.735755,45.411555],[-83.733608,45.410696],[-83.72733,45.412356],[-83.722601,45.412833],[-83.717437,45.414321],[-83.716132,45.414455],[-83.715752,45.413978],[-83.714257,45.413539],[-83.710259,45.411001],[-83.707386,45.406132],[-83.705779,45.40272],[-83.702918,45.400428],[-83.700423,45.397739],[-83.694852,45.394839],[-83.690802,45.393655],[-83.687786,45.39146],[-83.684742,45.39043],[-83.683165,45.390697],[-83.681453,45.390525],[-83.679143,45.389342],[-83.676833,45.38728],[-83.671343,45.384723],[-83.668761,45.384646],[-83.662972,45.383272],[-83.658678,45.38079],[-83.650796,45.376361],[-83.646774,45.37302],[-83.641773,45.370977],[-83.639808166482,45.3705376336694],[-83.6393,45.370424],[-83.635712,45.367063],[-83.631092,45.36502],[-83.627758,45.364819],[-83.62302,45.363702],[-83.61734,45.363607],[-83.615637,45.364356],[-83.6106,45.363072],[-83.605191,45.360456],[-83.604648,45.358795],[-83.602501,45.357229],[-83.6028,45.356331],[-83.601821,45.354956],[-83.600843,45.354192],[-83.598976,45.351979],[-83.596964,45.35154],[-83.594442,45.352158],[-83.593368,45.354135],[-83.591941,45.354163],[-83.589869,45.352721],[-83.589869,45.35132],[-83.588755,45.350496],[-83.5884403442998,45.350508211048],[-83.5870150983387,45.350563521493],[-83.586977,45.350565],[-83.586058,45.350235],[-83.586078,45.34915],[-83.584436,45.347859],[-83.583303,45.348079],[-83.582756,45.349617],[-83.58301,45.351334],[-83.585648,45.353449],[-83.583987,45.354987],[-83.582267,45.35419],[-83.58021,45.350924],[-83.5732507239352,45.3478260558456],[-83.572215,45.347365],[-83.569576,45.34731],[-83.567693,45.348074],[-83.566684,45.349765],[-83.565733,45.350938],[-83.564064,45.351006],[-83.557801,45.349653],[-83.554924,45.349342],[-83.552284,45.349874],[-83.546831,45.352356],[-83.545958,45.35331],[-83.546579,45.3559],[-83.546103,45.357749],[-83.544301,45.358491],[-83.538166,45.358055],[-83.537301,45.357501],[-83.535692,45.35723],[-83.529679,45.354154],[-83.525123,45.351039],[-83.5203895248297,45.3476220950035],[-83.518993,45.346614],[-83.51454,45.346352],[-83.511537,45.345625],[-83.509859,45.34446],[-83.508202,45.34446],[-83.505924,45.343558],[-83.501844,45.341563],[-83.494514,45.339366],[-83.4944878736441,45.3393759033175],[-83.492356,45.340184],[-83.4907878904852,45.3416419286706],[-83.490762,45.341666],[-83.491431,45.345677],[-83.49084,45.346682],[-83.4907,45.349723],[-83.492805,45.353092],[-83.494419,45.354851],[-83.496664,45.357086],[-83.497296,45.359535],[-83.496734,45.360159],[-83.494878,45.360215],[-83.489928,45.358467],[-83.488735,45.357727],[-83.489063,45.356166],[-83.487993,45.353844],[-83.4867,45.351674],[-83.484034,45.348391],[-83.481789,45.347865],[-83.477252,45.34512],[-83.478094,45.344364],[-83.477509,45.342917],[-83.477794,45.341891],[-83.48083,45.342342],[-83.482701,45.342145],[-83.484993,45.342638],[-83.48787,45.341767],[-83.488691,45.34087],[-83.490022,45.338479],[-83.490115,45.336144],[-83.485695,45.330028],[-83.48373,45.32914],[-83.479427,45.325769],[-83.475661,45.326608],[-83.47524,45.332527],[-83.474375,45.333103],[-83.471568,45.331902],[-83.469276,45.332461],[-83.466961,45.332363],[-83.463546,45.330538],[-83.463529,45.328703],[-83.464808,45.32809],[-83.464668,45.325541],[-83.463543,45.323673],[-83.463572,45.322726],[-83.464583,45.321667],[-83.462862,45.31949],[-83.459471,45.317935],[-83.454252,45.318404],[-83.451919,45.319397],[-83.451189,45.319462],[-83.450932,45.31901],[-83.45149,45.317559],[-83.45108,45.315806],[-83.449377,45.313521],[-83.447106,45.312367],[-83.44597,45.310593],[-83.445056,45.307465],[-83.442154,45.305668],[-83.436129,45.304226],[-83.433975,45.304101],[-83.4314898503399,45.3019176143877],[-83.425369,45.29654],[-83.42347,45.296215],[-83.423002,45.294952],[-83.423279,45.292314],[-83.421855,45.290068],[-83.417713,45.288505],[-83.40738,45.286744],[-83.401961,45.283153],[-83.402526,45.280606],[-83.400734,45.27854],[-83.398587,45.278888],[-83.39756,45.280391],[-83.396249,45.280202],[-83.394251,45.277847],[-83.387719,45.276288],[-83.381632,45.269772],[-83.382024,45.268322],[-83.383398,45.267355],[-83.38497,45.264476],[-83.388476,45.265104],[-83.389433,45.263825],[-83.386723,45.262165],[-83.386659,45.260034],[-83.387711,45.258486],[-83.387903,45.255546],[-83.391154,45.253707],[-83.39179,45.252587],[-83.402958,45.255289],[-83.405979,45.255147],[-83.41158,45.255919],[-83.413383,45.255842],[-83.41707,45.256865],[-83.418223,45.255785],[-83.418793,45.253246],[-83.417491,45.2517],[-83.411879,45.250078],[-83.409547,45.248608],[-83.409899,45.247482],[-83.412285,45.246394],[-83.413126,45.244847],[-83.413099,45.241239],[-83.412557,45.239215],[-83.410758,45.236967],[-83.4084,45.235544],[-83.407849,45.234007],[-83.407842,45.23203],[-83.406836,45.230179],[-83.40703,45.229083],[-83.404579,45.225659],[-83.40279,45.225056],[-83.401623,45.223932],[-83.398861,45.22248],[-83.397487,45.22258],[-83.396147,45.22134],[-83.395401,45.219897],[-83.396587,45.219425],[-83.397697,45.217578],[-83.39737,45.215879],[-83.39317,45.213725],[-83.3926235602533,45.2131327298229],[-83.390225,45.210533],[-83.390142,45.208861],[-83.388467,45.207108],[-83.434032,45.206925],[-83.470748,45.206963],[-83.495131,45.207053],[-83.513882,45.207123],[-83.555291,45.205866],[-83.58114,45.20529],[-83.636881,45.204659],[-83.657445,45.204613],[-83.752096,45.205038],[-83.759242,45.204791],[-83.841255,45.203261],[-83.881223,45.202071],[-83.893935,45.20177],[-83.908512,45.201377],[-84.003819,45.198821],[-84.013038,45.198621],[-84.12381,45.198651],[-84.135352,45.198653],[-84.246634,45.198727],[-84.246549,45.277926],[-84.246613,45.282073],[-84.24938,45.282073],[-84.248577,45.325177],[-84.247502,45.368306],[-84.247662,45.38259],[-84.2473,45.39672],[-84.247425,45.410962],[-84.248125,45.452924],[-84.248167,45.454782],[-84.251314,45.596503],[-84.25202,45.625998]]]}},{"type":"Feature","id":"39167","properties":{"id":"39167","FIPS":"39167","stateFIPS":"39","name":"Washington","state":"OH","sourceId":"census-counties-2024"},"geometry":{"type":"Polygon","coordinates":[[[-81.85293,39.325373],[-81.850847,39.353654],[-81.850299,39.362315],[-81.84984,39.369741],[-81.848901,39.384938],[-81.84651,39.42361],[-81.844863,39.450216],[-81.84235,39.449853],[-81.825757,39.449172],[-81.823158,39.494072],[-81.811342,39.493631],[-81.793815,39.492863],[-81.783455,39.492572],[-81.783755,39.489472],[-81.765948,39.488723],[-81.760959,39.488583],[-81.760955,39.482773],[-81.749855,39.482095],[-81.732672,39.48136],[-81.708527,39.480775],[-81.707997,39.489321],[-81.706499,39.507734],[-81.706138,39.513515],[-81.705075,39.53099],[-81.722217,39.53155],[-81.72134,39.533481],[-81.721189,39.535408],[-81.722116,39.538587],[-81.72205,39.542884],[-81.723171,39.545361],[-81.723511,39.547608],[-81.722989,39.549738],[-81.71972,39.557903],[-81.717276,39.562621],[-81.716337,39.565963],[-81.716055,39.569583],[-81.716859,39.579114],[-81.716455,39.581752],[-81.715522,39.5834],[-81.714447,39.584236],[-81.710809,39.585801],[-81.708569,39.586207],[-81.699647,39.586287],[-81.696875,39.586693],[-81.694334,39.587303],[-81.68893,39.590486],[-81.676791,39.590102],[-81.674433,39.589946],[-81.624867,39.588235],[-81.623499,39.588241],[-81.594994,39.587172],[-81.588185,39.586973],[-81.583965,39.586802],[-81.539015,39.585262],[-81.530137,39.584694],[-81.526174,39.584647],[-81.524814,39.584715],[-81.524669,39.584794],[-81.491253,39.583835],[-81.477203,39.583425],[-81.473471,39.583318],[-81.473492,39.586327],[-81.47316,39.645976],[-81.468277,39.645852],[-81.458435,39.645607],[-81.451935,39.645449],[-81.452409,39.635639],[-81.452625,39.63187],[-81.452712,39.631165],[-81.413665,39.630502],[-81.41385,39.615874],[-81.395036,39.615681],[-81.394585,39.614283],[-81.394683,39.609465],[-81.394934,39.601547],[-81.366367,39.601055],[-81.35629,39.600865],[-81.356445,39.593512],[-81.28353,39.591838],[-81.283075,39.605796],[-81.264261,39.605344],[-81.265347,39.57681],[-81.262735,39.5768],[-81.246797,39.576594],[-81.246808,39.579037],[-81.241301,39.578846],[-81.215887,39.578074],[-81.201583,39.577598],[-81.160251,39.576363],[-81.141591,39.57583],[-81.062296,39.57307],[-81.036791,39.572118],[-81.038706017301,39.5400475328739],[-81.0443142898465,39.5366554663122],[-81.044902,39.5363],[-81.049955,39.531893],[-81.051982,39.52931],[-81.0551094905953,39.5268644714482],[-81.060379,39.522744],[-81.070594,39.515991],[-81.0711723803122,39.5153073320095],[-81.07595,39.50966],[-81.091433,39.496975],[-81.100833,39.487175],[-81.114433,39.466275],[-81.115133,39.466275],[-81.121472141059,39.4577567792019],[-81.124733,39.453375],[-81.128533,39.449375],[-81.132534,39.446275],[-81.134434,39.445075],[-81.138134,39.443775],[-81.147541333076,39.4433830277885],[-81.1502053455185,39.44327202727],[-81.151062716374,39.4432363034844],[-81.152534,39.443175],[-81.16352,39.441186],[-81.170634,39.439175],[-81.179934,39.435121],[-81.182307,39.433533],[-81.185946,39.430731],[-81.190714,39.423562],[-81.1961609242323,39.4189232964287],[-81.1997563554574,39.4158613592779],[-81.200412,39.415303],[-81.205223,39.410786],[-81.208231,39.407147],[-81.2100218208969,39.4046803197177],[-81.2101776682066,39.4044656553219],[-81.210833,39.403563],[-81.211433,39.402031],[-81.2114151630032,39.4018751559726],[-81.21087,39.397112],[-81.211654,39.392977],[-81.2130118163312,39.3907418995002],[-81.213064,39.390656],[-81.2171258466531,39.3877264253497],[-81.217315,39.38759],[-81.221372,39.386172],[-81.223581,39.386062],[-81.2390952625677,39.3896425412378],[-81.24184,39.390276],[-81.249088,39.389992],[-81.2571830746828,39.3874999274761],[-81.259788,39.386698],[-81.2702846782678,39.3859449440189],[-81.270716,39.385914],[-81.275677,39.383786],[-81.281405,39.379258],[-81.2833216422524,39.3786774876991],[-81.297517,39.374378],[-81.3043290160594,39.3707853421689],[-81.304798,39.370538],[-81.319598,39.36129],[-81.326174,39.358186],[-81.335599,39.352794],[-81.342623,39.348042],[-81.347567,39.34577],[-81.356911,39.343178],[-81.364412589161,39.3425948055881],[-81.3712707002794,39.3420616369494],[-81.375961,39.341697],[-81.379674,39.342081],[-81.384556,39.343449],[-81.391249,39.348814],[-81.393794,39.351706],[-81.395883,39.355553],[-81.40049505426,39.3685210225521],[-81.400744,39.369221],[-81.40277,39.376914],[-81.4055966372979,39.384974856964],[-81.406689,39.38809],[-81.412706,39.394618],[-81.4175426815188,39.3981570352576],[-81.420578,39.400378],[-81.427270814193,39.4045244905392],[-81.428642,39.405374],[-81.428805382174,39.4054463549628],[-81.4295002460506,39.4057540803939],[-81.435642,39.408474],[-81.4461249755908,39.4103011400443],[-81.446543,39.410374],[-81.4481102121342,39.4101944236096],[-81.4481153354396,39.4101938365642],[-81.456143,39.409274],[-81.467744,39.403774],[-81.4678832064526,39.4036818434873],[-81.473188,39.40017],[-81.4809280176931,39.3918051703349],[-81.4829,39.389674],[-81.4834406723976,39.3891811996376],[-81.4836765745529,39.3889661846523],[-81.489044,39.384074],[-81.503189,39.373242],[-81.513493,39.36705],[-81.524309,39.36161],[-81.5261431161509,39.3610006135099],[-81.53447,39.358234],[-81.5376102110856,39.3560969340504],[-81.542346,39.352874],[-81.557547,39.338774],[-81.5590731575793,39.3329600663646],[-81.559647,39.330774],[-81.560147,39.317874],[-81.5621637051216,39.307996260629],[-81.565047,39.293874],[-81.5650826471799,39.2907194028157],[-81.565111504471,39.2881656768424],[-81.565165149526,39.2834183576985],[-81.565247,39.276175],[-81.566999655649,39.2715847113955],[-81.567347,39.270675],[-81.570247,39.267675],[-81.5716769088052,39.2677751085579],[-81.5791736829752,39.268299961086],[-81.585559,39.268747],[-81.588583,39.269787],[-81.59049108251,39.2708314118954],[-81.59516,39.273387],[-81.5998531590717,39.2746152877258],[-81.603352,39.275531],[-81.608408,39.276043],[-81.613896,39.275339],[-81.621305,39.273643],[-81.643178,39.277195],[-81.656138,39.277355],[-81.6632433019888,39.2766509939947],[-81.670187,39.275963],[-81.678331,39.273755],[-81.6833828428385,39.2710688237475],[-81.683627,39.270939],[-81.689483,39.266043],[-81.69206,39.263227],[-81.6928638995999,39.2620747439069],[-81.69638,39.257035],[-81.696988,39.248747],[-81.696636,39.246123],[-81.695724,39.242859],[-81.692203,39.236091],[-81.6916813444239,39.2333578186718],[-81.691067,39.230139],[-81.691339,39.227947],[-81.6913811255306,39.2278870030322],[-81.692395,39.226443],[-81.694603,39.224107],[-81.6985081960091,39.2220859604159],[-81.700908,39.220844],[-81.711628,39.219228],[-81.724365,39.216508],[-81.7255834730739,39.2158352234561],[-81.72181,39.269568],[-81.818361,39.272581],[-81.817595,39.285514],[-81.816614,39.302058],[-81.835447,39.302807],[-81.834635,39.317563],[-81.853668,39.318165],[-81.85293,39.325373]]]}},{"type":"Feature","id":"26135","properties":{"id":"26135","FIPS":"26135","stateFIPS":"26","name":"Oscoda","state":"MI","sourceId":"census-counties-2024"},"geometry":{"type":"Polygon","coordinates":[[[-84.371923,44.75339],[-84.371779,44.768899],[-84.371737,44.855039],[-84.315343,44.855026],[-84.30101,44.85517],[-84.29926,44.855154],[-84.25232,44.855749],[-84.131932,44.854905],[-84.131623,44.854905],[-84.010029,44.855723],[-83.888482,44.856635],[-83.888484,44.856458],[-83.888137,44.795505],[-83.888322,44.794908],[-83.888519,44.769517],[-83.888539,44.721241],[-83.888201,44.682086],[-83.88792,44.659814],[-83.887422,44.595382],[-83.886757,44.523278],[-83.886634,44.508976],[-83.912463,44.509065],[-83.913145,44.50899],[-84.007246,44.508861],[-84.047541,44.508439],[-84.049969,44.508652],[-84.050603,44.508533],[-84.053101,44.508354],[-84.127992,44.50812],[-84.176643,44.507652],[-84.188224,44.507595],[-84.370643,44.507223],[-84.371122,44.598847],[-84.37083,44.600323],[-84.371019,44.610854],[-84.371663,44.681046],[-84.371652,44.682475],[-84.372004,44.724819],[-84.371923,44.75339]]]}},{"type":"Feature","id":"39067","properties":{"id":"39067","FIPS":"39067","stateFIPS":"39","name":"Harrison","state":"OH","sourceId":"census-counties-2024"},"geometry":{"type":"Polygon","coordinates":[[[-81.338064,40.214077],[-81.337524,40.229877],[-81.337401,40.23053],[-81.335389,40.288189],[-81.335239,40.2915],[-81.334601,40.304316],[-81.327787,40.304048],[-81.32508,40.30416],[-81.284886,40.30344],[-81.275319,40.303434],[-81.274142,40.332632],[-81.273695,40.345465],[-81.273148,40.357547],[-81.27254,40.369099],[-81.27172,40.3891],[-81.271224,40.398908],[-81.269951,40.433486],[-81.249829,40.432999],[-81.246554,40.432758],[-81.212348,40.431577],[-81.212309,40.433457],[-81.191035,40.433098],[-81.18031,40.432787],[-81.157882,40.432238],[-81.139841,40.431753],[-81.138957,40.431722],[-81.100076,40.430596],[-81.100097,40.428928],[-81.091253,40.428703],[-81.090468,40.428723],[-81.086247,40.428562],[-81.08126,40.428351],[-81.060369,40.427741],[-81.041029,40.427269],[-81.038268,40.427183],[-80.999816,40.426014],[-80.960734,40.425024],[-80.941911,40.4247],[-80.889934,40.423349],[-80.889837,40.423592],[-80.877739,40.423264],[-80.871488,40.423281],[-80.865504,40.422929],[-80.866026,40.408445],[-80.866113,40.407738],[-80.866546,40.392586],[-80.867057,40.381714],[-80.867201,40.379378],[-80.871553,40.379458],[-80.872266,40.373721],[-80.872129,40.365698],[-80.872194,40.360739],[-80.872797,40.350107],[-80.873711,40.329186],[-80.873725,40.328963],[-80.874868,40.309486],[-80.875452,40.295929],[-80.875632,40.291779],[-80.876621,40.275596],[-80.878245,40.247677],[-80.879808,40.216926],[-80.879878,40.21549],[-80.880232,40.215047],[-80.879916,40.214164],[-80.879968,40.213139],[-80.879975,40.213001],[-80.880461,40.203999],[-80.881595,40.183308],[-80.881898,40.178178],[-80.882892,40.159495],[-80.919242,40.160751],[-80.942443,40.161716],[-80.970154,40.162566],[-80.977791,40.162801],[-80.980399,40.162903],[-80.991492,40.163335],[-81.035504,40.164874],[-81.051432,40.165474],[-81.079318,40.166624],[-81.093892,40.167162],[-81.112072,40.167917],[-81.111949,40.1711],[-81.130259,40.171058],[-81.134704,40.171028],[-81.13652,40.171088],[-81.140838,40.171051],[-81.153651,40.171321],[-81.187434,40.17193],[-81.225811,40.172694],[-81.225924,40.170075],[-81.243645,40.17038],[-81.339565,40.171999],[-81.338064,40.214077]]]}},{"type":"Feature","id":"39043","properties":{"id":"39043","FIPS":"39043","stateFIPS":"39","name":"Erie","state":"OH","sourceId":"census-counties-2024"},"geometry":{"type":"MultiPolygon","coordinates":[[[[-82.734466,41.60351],[-82.724252,41.608969],[-82.722256,41.612986],[-82.722636,41.616788],[-82.718025,41.619418],[-82.712796,41.620129],[-82.707377,41.619489],[-82.704667,41.618316],[-82.703859,41.617392],[-82.705048,41.615225],[-82.702053,41.61231],[-82.7008397558514,41.6119455019546],[-82.6994510397813,41.6115282864305],[-82.696967,41.610782],[-82.689789,41.611493],[-82.686366,41.613661],[-82.68532,41.615402],[-82.683688999919,41.6165284921223],[-82.679711,41.619276],[-82.6785539497586,41.6208646202435],[-82.677097,41.622865],[-82.674197,41.62386],[-82.673579,41.62322],[-82.675813,41.618992],[-82.677239,41.617997],[-82.677857,41.616291],[-82.681422,41.611777],[-82.680377,41.609112],[-82.678903,41.607903],[-82.680044,41.605628],[-82.679711,41.59891],[-82.677192,41.597097],[-82.677287,41.596208],[-82.680234,41.595462],[-82.68204,41.592618],[-82.684227,41.591302],[-82.685796,41.58764],[-82.688695,41.586538],[-82.690407,41.587072],[-82.691975,41.586858],[-82.694019,41.585756],[-82.698916,41.585223],[-82.702386,41.586574],[-82.70327,41.588817],[-82.701498,41.58994],[-82.701972,41.591215],[-82.704231,41.591296],[-82.70462,41.592262],[-82.715173,41.594964],[-82.72487,41.595782],[-82.728748,41.598829],[-82.734525,41.601131],[-82.734466,41.60351]]],[[[-82.901871,41.430509],[-82.900903,41.431711],[-82.898474,41.4321],[-82.896493,41.432804],[-82.896397,41.433605],[-82.895555,41.434161],[-82.892477,41.433801],[-82.888447,41.434701],[-82.888003,41.43664],[-82.8873727764526,41.4367611660754],[-82.886427,41.436943],[-82.884003,41.435731],[-82.874427,41.438215],[-82.874346,41.440214],[-82.873053,41.440759],[-82.870315,41.440075],[-82.867474,41.441072],[-82.864241,41.440896],[-82.863432,41.44031],[-82.858843,41.441033],[-82.855272,41.442382],[-82.852742,41.44461],[-82.850865,41.445294],[-82.848154,41.445685],[-82.8477922016828,41.4462383386028],[-82.84625,41.448597],[-82.843174,41.449456],[-82.841479,41.448968],[-82.838898,41.450414],[-82.8378013759208,41.4498719024822],[-82.837751,41.449847],[-82.835274,41.451313],[-82.835039,41.45231],[-82.832562,41.453052],[-82.830322,41.45515],[-82.828116,41.458618],[-82.8281662094875,41.4593720976723],[-82.8281875713188,41.4596929316048],[-82.828369897676,41.4624312961744],[-82.8285093645131,41.4645259524334],[-82.828589,41.465722],[-82.8288027928003,41.4667900644527],[-82.8297595337234,41.47156974351],[-82.830015,41.472846],[-82.82645,41.473558],[-82.821221,41.469284],[-82.8198241726623,41.4693711690777],[-82.812664,41.469818],[-82.8124887041961,41.4708367454033],[-82.8120874803191,41.4731684896401],[-82.811714,41.475339],[-82.8116697233914,41.4752932911077],[-82.801018,41.464297],[-82.783905,41.454678],[-82.7773064527326,41.4513363317881],[-82.7683440245317,41.4467975355642],[-82.766317,41.445771],[-82.754671,41.443989],[-82.7543890141606,41.4442426330352],[-82.752294,41.446127],[-82.7508780426013,41.4467269767629],[-82.747666,41.448088],[-82.743903,41.450355],[-82.740804,41.450928],[-82.738543,41.448141],[-82.7372759417088,41.4485149033195],[-82.736137,41.448851],[-82.736903,41.450819],[-82.733512,41.460466],[-82.731142,41.461203],[-82.734314,41.450519],[-82.730658,41.450017],[-82.7282796790484,41.4512722668392],[-82.725927,41.452514],[-82.7255008481847,41.4528937829649],[-82.7227043370821,41.455386010476],[-82.722646,41.455438],[-82.718076,41.457585],[-82.7179498538737,41.4576263316354],[-82.714499,41.458757],[-82.713578,41.458564],[-82.7100965274033,41.4596528418058],[-82.708395,41.460185],[-82.7082255147532,41.4603374312333],[-82.707431,41.461052],[-82.701605,41.462994],[-82.698285,41.459623],[-82.699314,41.458869],[-82.6955260412207,41.4564959441591],[-82.692273,41.454458],[-82.691055,41.456083],[-82.689124,41.455148],[-82.689183,41.454658],[-82.688143,41.454035],[-82.683846,41.454195],[-82.684064,41.453233],[-82.681784,41.452936],[-82.68002,41.453164],[-82.679676,41.454391],[-82.6794999904089,41.4543784018787],[-82.677259,41.454218],[-82.674938,41.453497],[-82.673781,41.45347],[-82.6735189940977,41.4551183407906],[-82.6726936513885,41.4603107660056],[-82.6726749770514,41.460428250655],[-82.672332,41.462586],[-82.6770019680575,41.469922730073],[-82.677174,41.470193],[-82.681172,41.477381],[-82.686249,41.481099],[-82.691212,41.482253],[-82.693551,41.48392],[-82.694064,41.487936],[-82.686934,41.491398],[-82.681686,41.483791],[-82.670163,41.472509],[-82.6660512830224,41.4685411064146],[-82.6656111585123,41.4681163769817],[-82.65807,41.460839],[-82.641841,41.44761],[-82.632998,41.441111],[-82.620346,41.432928],[-82.625853,41.423987],[-82.625488,41.423068],[-82.6248524947363,41.4231392536205],[-82.623508,41.42329],[-82.61558,41.421457],[-82.614476,41.420168],[-82.611791,41.421089],[-82.609402,41.419417],[-82.607673,41.419639],[-82.6033482749195,41.4172568368719],[-82.603305,41.417233],[-82.6020807518408,41.4171699326706],[-82.601985,41.417165],[-82.601803,41.419127],[-82.600962,41.419537],[-82.593277,41.414798],[-82.5929191737662,41.4147138224343],[-82.5915686299761,41.4143961109926],[-82.5912560102352,41.4143225681209],[-82.5903877900202,41.4141183218771],[-82.588278,41.413622],[-82.5853937525862,41.4119095843449],[-82.583188,41.4106],[-82.574315,41.408784],[-82.570804,41.407722],[-82.5678772126226,41.4057715820834],[-82.5664995654888,41.4048535148288],[-82.563238,41.40268],[-82.5633611317027,41.4022169341486],[-82.563401,41.402067],[-82.557603,41.399393],[-82.556980108231,41.3995189880098],[-82.556896,41.399536],[-82.551616,41.397025],[-82.5510096531595,41.3969775568312],[-82.54952,41.396861],[-82.548365,41.398363],[-82.5375471168848,41.39280241457],[-82.536737,41.392386],[-82.528982749777,41.3894264300792],[-82.5256811930827,41.3881663227054],[-82.5256527266185,41.3881554578908],[-82.5240122397999,41.3875293321785],[-82.5193415597894,41.3857466705837],[-82.512208,41.383024],[-82.511861868932,41.382974466019],[-82.50137,41.381473],[-82.4919,41.381075],[-82.481214,41.381342],[-82.4802129878865,41.3815835248243],[-82.474029313208,41.3830755256902],[-82.4688086926687,41.3843351602554],[-82.4637632880463,41.3855525186155],[-82.460599,41.386316],[-82.4575929574075,41.3875256328817],[-82.449851,41.390641],[-82.4458447700021,41.3919864241334],[-82.4422378222547,41.3931977561213],[-82.431315,41.396866],[-82.4295147248246,41.397755421664],[-82.4252142685827,41.3998800518312],[-82.4232954384256,41.4008280453017],[-82.4171132960191,41.4038823180382],[-82.409643,41.407573],[-82.391491,41.416132],[-82.390695419558,41.4163671075635],[-82.3786711117708,41.4199204951999],[-82.3753338905665,41.420906700874],[-82.372575,41.421722],[-82.365311,41.425328],[-82.3639970309326,41.4265391681817],[-82.363496,41.427001],[-82.360399,41.426829],[-82.3537592957095,41.4272184642915],[-82.350869,41.427388],[-82.3480701864688,41.4283140090786],[-82.347913,41.425009],[-82.347705,41.4215],[-82.347483,41.415614],[-82.34731,41.413208],[-82.347372,41.411475],[-82.346919,41.402177],[-82.346914,41.401961],[-82.34627,41.382943],[-82.345813,41.370409],[-82.34568,41.367818],[-82.345195,41.357165],[-82.34519,41.356928],[-82.345048,41.353479],[-82.344274,41.33374],[-82.342337,41.284244],[-82.384555,41.284057],[-82.399249,41.283989],[-82.412715,41.283925],[-82.435716,41.283891],[-82.442548,41.283874],[-82.492024,41.284838],[-82.539417,41.285642],[-82.542409,41.285684],[-82.543744,41.285664],[-82.5526,41.285826],[-82.561883,41.285971],[-82.585862,41.286282],[-82.596484,41.286301],[-82.605639,41.286318],[-82.612124,41.286328],[-82.623304,41.28623],[-82.63513,41.286642],[-82.642288,41.286474],[-82.642364,41.286474],[-82.642669,41.286476],[-82.655004,41.286685],[-82.661049,41.28662],[-82.680813,41.287095],[-82.727127,41.287679],[-82.742194,41.287923],[-82.74238,41.287926],[-82.783919,41.288658],[-82.823242,41.289531],[-82.823327,41.289534],[-82.827193,41.289628],[-82.830424,41.289705],[-82.835828,41.289835],[-82.841475,41.290023],[-82.841729,41.295435],[-82.841846,41.299018],[-82.843226,41.332561],[-82.843657,41.341083],[-82.843721,41.342788],[-82.8446,41.362779],[-82.845653,41.386642],[-82.847706,41.430495],[-82.84858,41.430517],[-82.886578,41.430481],[-82.897641,41.43048],[-82.9019299036973,41.4304742402657],[-82.901871,41.430509]]]]}},{"type":"Feature","id":"26041","properties":{"id":"26041","FIPS":"26041","stateFIPS":"26","name":"Delta","state":"MI","sourceId":"census-counties-2024"},"geometry":{"type":"MultiPolygon","coordinates":[[[[-86.659221,45.737899],[-86.658187,45.740782],[-86.657074,45.742643],[-86.656717,45.742312],[-86.656717,45.739741],[-86.656955,45.737916],[-86.657536,45.736576],[-86.660311,45.736005],[-86.659221,45.737899]]],[[[-86.660639,45.578604],[-86.658024,45.581266],[-86.656403,45.585474],[-86.654935,45.587171],[-86.652041,45.58513],[-86.650381,45.583414],[-86.648063,45.583375],[-86.64614,45.583927],[-86.646573,45.581699],[-86.644952,45.581099],[-86.643883,45.579602],[-86.641627,45.577079],[-86.637346,45.576774],[-86.636514,45.575859],[-86.638799,45.573191],[-86.636456,45.571659],[-86.633787,45.571543],[-86.63105,45.572536],[-86.628284,45.573438],[-86.62682,45.572934],[-86.6263,45.571859],[-86.624047,45.56763],[-86.622155,45.56363],[-86.622081,45.559472],[-86.624834,45.556062],[-86.627556,45.552816],[-86.627495,45.549456],[-86.629091,45.548016],[-86.630491,45.547377],[-86.63316,45.546166],[-86.634624,45.544795],[-86.641068,45.543015],[-86.643085,45.543153],[-86.645818,45.544548],[-86.647639,45.543909],[-86.648909,45.544344],[-86.649981,45.546402],[-86.650686,45.547671],[-86.649491,45.549374],[-86.650894,45.553062],[-86.652872,45.553559],[-86.655604,45.556417],[-86.655332,45.558121],[-86.654919,45.559891],[-86.656058,45.561652],[-86.658559,45.571644],[-86.660315,45.573839],[-86.660639,45.578604]]],[[[-86.670204,45.52956],[-86.667848,45.531752],[-86.663723,45.532139],[-86.661179,45.532962],[-86.660432,45.53111],[-86.659587,45.528321],[-86.659915,45.522491],[-86.662257,45.520983],[-86.667056,45.52168],[-86.668305,45.52471],[-86.669964,45.527111],[-86.670204,45.52956]]],[[[-86.701671,45.605726],[-86.699355,45.608842],[-86.699193,45.61106],[-86.701758,45.616604],[-86.699737,45.615607],[-86.698152,45.613621],[-86.697565,45.614466],[-86.695532,45.616105],[-86.69239,45.617126],[-86.68763,45.615747],[-86.684372,45.615701],[-86.677269,45.613689],[-86.669433,45.608291],[-86.667888,45.606047],[-86.669552,45.604883],[-86.672879,45.60455],[-86.677277,45.60006],[-86.682268,45.599229],[-86.683851,45.597527],[-86.685577,45.595812],[-86.690169,45.595721],[-86.692579,45.597412],[-86.693589,45.598647],[-86.699321,45.602303],[-86.701601,45.603172],[-86.702351,45.604315],[-86.701671,45.605726]]],[[[-86.711765,45.609183],[-86.710908,45.609954],[-86.709601,45.61037],[-86.708056,45.611534],[-86.707343,45.610952],[-86.706036,45.610952],[-86.705204,45.610619],[-86.706945,45.609756],[-86.706986,45.608873],[-86.709062,45.608704],[-86.71069,45.608246],[-86.712453,45.608873],[-86.711765,45.609183]]],[[[-86.716947,45.501153],[-86.713894,45.499798],[-86.713998,45.499195],[-86.716137,45.497779],[-86.717207,45.499528],[-86.716947,45.501153]]],[[[-86.721831,45.510579],[-86.720653,45.511521],[-86.717344,45.51026],[-86.716693,45.509483],[-86.719164,45.508956],[-86.721115,45.509139],[-86.722911,45.508523],[-86.721831,45.510579]]],[[[-86.727152,45.522525],[-86.725091,45.521734],[-86.723092,45.520525],[-86.724694,45.520598],[-86.726239,45.520598],[-86.72738,45.521466],[-86.727152,45.522525]]],[[[-86.762722,45.800917],[-86.761177,45.801497],[-86.75785,45.800586],[-86.755711,45.800172],[-86.754879,45.799426],[-86.754522,45.798763],[-86.753453,45.798763],[-86.753809,45.797935],[-86.756067,45.797852],[-86.757493,45.797272],[-86.758801,45.796692],[-86.760464,45.797852],[-86.762485,45.798515],[-86.762722,45.800917]]],[[[-86.765623,45.745882],[-86.765456,45.74878],[-86.762806,45.747481],[-86.759276,45.745463],[-86.759276,45.744302],[-86.760821,45.743805],[-86.763435,45.743556],[-86.765389,45.744409],[-86.766009,45.744958],[-86.765623,45.745882]]],[[[-86.783513,45.502261],[-86.783459,45.506233],[-86.781474,45.509685],[-86.780368,45.510165],[-86.776921,45.510416],[-86.773832,45.511124],[-86.771458,45.51062],[-86.770191,45.509339],[-86.7675827870861,45.5078907913967],[-86.766562,45.507324],[-86.764699,45.506023],[-86.762604,45.505649],[-86.760017,45.505564],[-86.757548,45.504123],[-86.757062,45.502362],[-86.757779,45.499988],[-86.757229,45.496753],[-86.758598,45.492364],[-86.757564,45.485756],[-86.758286,45.479263],[-86.759989,45.477867],[-86.765575,45.47895],[-86.767903,45.48217],[-86.773498,45.486432],[-86.774919,45.487614],[-86.779729,45.489032],[-86.782806,45.486782],[-86.783532,45.488301],[-86.782132,45.492119],[-86.784368,45.4989],[-86.783513,45.502261]]],[[[-87.367849,45.985321],[-87.305513,45.985155],[-87.267346,45.985122],[-87.242885,45.985117],[-87.241776,46.129551],[-87.241506,46.159103],[-87.116138,46.15905],[-86.990797,46.158879],[-86.980147,46.158994],[-86.949936,46.158881],[-86.947432,46.158814],[-86.943923,46.158911],[-86.837152,46.158592],[-86.782267,46.158802],[-86.740594,46.158723],[-86.678179,46.158562],[-86.635407,46.158618],[-86.615601,46.158691],[-86.490142,46.158178],[-86.489894,46.127238],[-86.490139,46.071034],[-86.489341,46.07103],[-86.489966,45.954624],[-86.49025,45.896337],[-86.459114,45.896363],[-86.4598664235975,45.7578991800022],[-86.470044,45.761615],[-86.472973,45.764672],[-86.478467,45.763938],[-86.48187,45.759708],[-86.479995,45.756263],[-86.484423,45.753674],[-86.484673,45.749682],[-86.486714,45.747883],[-86.490503,45.747425],[-86.496251,45.749255],[-86.502169,45.752709],[-86.508172,45.753199],[-86.513892,45.751891],[-86.514941,45.749361],[-86.51613,45.747702],[-86.518281,45.747688],[-86.520764,45.748366],[-86.523498,45.747785],[-86.526112,45.746873],[-86.529677,45.747619],[-86.532411,45.746624],[-86.534312,45.744551],[-86.535025,45.741897],[-86.533361,45.739492],[-86.529925,45.73848],[-86.526944,45.737335],[-86.524448,45.737501],[-86.523197,45.736498],[-86.521742,45.735792],[-86.521849,45.733307],[-86.523103,45.731322],[-86.525637,45.730368],[-86.53039,45.729455],[-86.533005,45.729289],[-86.533599,45.727298],[-86.534431,45.725556],[-86.533005,45.722652],[-86.530034,45.721823],[-86.525166,45.720797],[-86.524827,45.719473],[-86.527998,45.718299],[-86.530509,45.717923],[-86.532767,45.717674],[-86.535263,45.715434],[-86.532833,45.713152],[-86.53328,45.710849],[-86.537258,45.708361],[-86.54143,45.70811],[-86.545089,45.709681],[-86.544723,45.711235],[-86.547808,45.713018],[-86.55066,45.712712],[-86.553145,45.712089],[-86.558138,45.712484],[-86.563379,45.713985],[-86.567421,45.714949],[-86.570627,45.716412],[-86.57372,45.715813],[-86.578283,45.713788],[-86.580936,45.71192],[-86.581823,45.709423],[-86.582896,45.707997],[-86.5840893515623,45.706284007614],[-86.585057,45.704895],[-86.584392,45.701768],[-86.585519,45.697889],[-86.583213,45.693949],[-86.583691,45.690282],[-86.582473,45.685389],[-86.58332,45.683225],[-86.584771,45.682007],[-86.588986,45.680421],[-86.591255,45.67959],[-86.590394,45.676556],[-86.589366,45.674075],[-86.591379,45.671788],[-86.591376,45.669527],[-86.589068,45.668358],[-86.587528,45.666456],[-86.591753,45.66537],[-86.593613,45.665625],[-86.598214,45.666693],[-86.607315,45.668274],[-86.608919,45.669884],[-86.611306,45.669733],[-86.615449,45.667781],[-86.62043,45.667098],[-86.625132,45.663819],[-86.62744,45.659876],[-86.625187,45.651926],[-86.624713,45.646406],[-86.62456,45.642757],[-86.622595,45.63837],[-86.622684,45.635127],[-86.620143,45.631224],[-86.619115,45.627946],[-86.619164,45.624168],[-86.617314,45.622552],[-86.616474,45.621165],[-86.61764,45.61878],[-86.61681,45.616864],[-86.61312,45.615691],[-86.61158,45.6141],[-86.610819,45.611081],[-86.60945,45.609286],[-86.605823,45.608574],[-86.60526,45.607756],[-86.607566,45.60555],[-86.606227,45.603902],[-86.611414,45.600534],[-86.612048,45.601077],[-86.614266,45.600121],[-86.61569,45.602212],[-86.616893,45.606796],[-86.61876,45.60804],[-86.620649,45.608144],[-86.622604,45.610224],[-86.623481,45.61204],[-86.628043,45.615349],[-86.633224,45.618249],[-86.637205,45.618232],[-86.640882,45.616933],[-86.648439,45.615992],[-86.650208,45.61607],[-86.652166,45.6181],[-86.658645,45.619357],[-86.666127,45.621689],[-86.676749,45.62802],[-86.677491,45.627575],[-86.6799,45.629231],[-86.680279,45.630141],[-86.687208,45.634253],[-86.688804,45.635553],[-86.688326,45.636605],[-86.688772,45.639969],[-86.695045,45.646926],[-86.695934,45.649927],[-86.694865,45.651256],[-86.69534,45.653831],[-86.697598,45.655659],[-86.702233,45.655991],[-86.705442,45.654911],[-86.707105,45.652834],[-86.706392,45.650508],[-86.708082,45.648049],[-86.712727,45.657437],[-86.712745,45.659067],[-86.717315,45.665433],[-86.718349,45.668261],[-86.718669,45.67437],[-86.718191,45.67732],[-86.717512,45.680291],[-86.715781,45.683949],[-86.713258,45.686499],[-86.71016,45.688988],[-86.705184,45.690901],[-86.701731,45.691095],[-86.696826,45.689839],[-86.695104,45.688692],[-86.693346,45.687977],[-86.689102,45.687862],[-86.68319,45.689231],[-86.676184,45.691862],[-86.665677,45.702217],[-86.664723,45.705815],[-86.665511,45.70903],[-86.669263,45.71086],[-86.669427,45.715127],[-86.67012,45.717092],[-86.67205,45.718505],[-86.671553,45.720847],[-86.670479,45.72139],[-86.669195,45.720827],[-86.667175,45.722154],[-86.666626,45.725056],[-86.662762,45.728964],[-86.658864,45.729886],[-86.655855,45.728688],[-86.65146,45.728123],[-86.649048,45.729388],[-86.647021,45.729731],[-86.646432,45.731069],[-86.647319,45.732618],[-86.645731,45.736918],[-86.643897,45.738348],[-86.643659,45.739971],[-86.639365,45.742589],[-86.635448,45.744844],[-86.633138,45.747654],[-86.633216,45.748759],[-86.634435,45.749474],[-86.636112,45.748823],[-86.634581,45.751142],[-86.634399,45.753912],[-86.632117,45.755746],[-86.63081,45.756326],[-86.62677,45.754751],[-86.627126,45.752595],[-86.6257,45.750605],[-86.623561,45.751019],[-86.622254,45.757819],[-86.621303,45.759145],[-86.620233,45.760389],[-86.620471,45.762213],[-86.622729,45.763954],[-86.627126,45.763208],[-86.630929,45.762876],[-86.63493,45.763433],[-86.636965,45.764738],[-86.636228,45.766],[-86.63463,45.767626],[-86.633176,45.771166],[-86.631285,45.771912],[-86.627958,45.77042],[-86.625106,45.770835],[-86.623561,45.772244],[-86.62463,45.773902],[-86.62772,45.775477],[-86.629741,45.776969],[-86.631336,45.779699],[-86.631096,45.782116],[-86.629257,45.782915],[-86.622966,45.783734],[-86.617336,45.783538],[-86.614959,45.782565],[-86.614527,45.781207],[-86.615426,45.77967],[-86.61421,45.778404],[-86.612137,45.779356],[-86.610013,45.779223],[-86.607147,45.777987],[-86.605616,45.774896],[-86.605854,45.773239],[-86.604309,45.771746],[-86.600625,45.771581],[-86.598486,45.772824],[-86.597661,45.775385],[-86.596121,45.777055],[-86.586345,45.7788],[-86.5849736489075,45.7785409566995],[-86.583391,45.778242],[-86.579828,45.776969],[-86.574005,45.772741],[-86.566755,45.770254],[-86.5643879700146,45.7703433625148],[-86.562358,45.77042],[-86.559625,45.772244],[-86.559506,45.774896],[-86.562137,45.776958],[-86.5644042484375,45.7789773179649],[-86.567825,45.782024],[-86.569964,45.785505],[-86.573648,45.786334],[-86.576869,45.788502],[-86.579947,45.789897],[-86.581071,45.791802],[-86.581759,45.794797],[-86.579264,45.794915],[-86.579318,45.796998],[-86.578016,45.797442],[-86.578021,45.800464],[-86.575305,45.803236],[-86.571172,45.805452],[-86.563392,45.804469],[-86.560378,45.807306],[-86.557215,45.808172],[-86.555547,45.813499],[-86.556697,45.8164],[-86.560027,45.820034],[-86.559229,45.822731],[-86.558585,45.82597],[-86.557542,45.828316],[-86.555186,45.831696],[-86.551208,45.835319],[-86.549106,45.836483],[-86.545602,45.836495],[-86.541011,45.837299],[-86.539222,45.838679],[-86.538831,45.840083],[-86.538956,45.842879],[-86.54047,45.845904],[-86.539631,45.846436],[-86.53657,45.846135],[-86.534218,45.847406],[-86.531314,45.849404],[-86.529556,45.851532],[-86.528014,45.853254],[-86.529321,45.856151],[-86.528224,45.856974],[-86.529321,45.85913],[-86.529353,45.861117],[-86.529377,45.864171],[-86.529274,45.869795],[-86.529573,45.874974],[-86.532257,45.879769],[-86.532989,45.882665],[-86.535206,45.885805],[-86.541464,45.890234],[-86.553608,45.896476],[-86.559498,45.899249],[-86.567719,45.9005],[-86.577403,45.897856],[-86.582323,45.896113],[-86.5837158098595,45.8951110817172],[-86.587372,45.892481],[-86.59021,45.886534],[-86.593683,45.883889],[-86.596171,45.879385],[-86.598874,45.876576],[-86.601999,45.875681],[-86.603293,45.876626],[-86.613536,45.875982],[-86.617534,45.873463],[-86.617741,45.871277],[-86.618346,45.870384],[-86.620134,45.870129],[-86.621956,45.870277],[-86.624403,45.869782],[-86.625736,45.868295],[-86.6291,45.864572],[-86.630362,45.862037],[-86.633168,45.860068],[-86.632853,45.852425],[-86.631778,45.84919],[-86.631701,45.84773],[-86.632464,45.846361],[-86.632478,45.843309],[-86.633716,45.842447],[-86.635683,45.84332],[-86.64103,45.843568],[-86.644358,45.842989],[-86.645784,45.841333],[-86.646497,45.838187],[-86.646022,45.835786],[-86.644826,45.834705],[-86.645998,45.833888],[-86.647567,45.83355],[-86.648993,45.834875],[-86.650656,45.836614],[-86.65434,45.837773],[-86.657074,45.837939],[-86.659926,45.837276],[-86.660229,45.836075],[-86.660164,45.835124],[-86.661827,45.834213],[-86.66563,45.834958],[-86.666937,45.836366],[-86.673084,45.838316],[-86.680304,45.839386],[-86.686003,45.84023],[-86.693167,45.842112],[-86.699031,45.843369],[-86.706962,45.843822],[-86.709296,45.842726],[-86.712473,45.842345],[-86.716966,45.842049],[-86.717865,45.841068],[-86.717444,45.840009],[-86.719227,45.839429],[-86.720151,45.841604],[-86.720127,45.843813],[-86.721113,45.845431],[-86.723855,45.846958],[-86.72852,45.848759],[-86.730397,45.848326],[-86.731738,45.848591],[-86.73146,45.850884],[-86.731256,45.852962],[-86.733639,45.853403],[-86.7327,45.855016],[-86.736971,45.857529],[-86.736719,45.859164],[-86.740348,45.860399],[-86.741093,45.861918],[-86.740656,45.863062],[-86.742466,45.864719],[-86.749638,45.867796],[-86.758449,45.867274],[-86.7698591708855,45.8642257906235],[-86.775331,45.862764],[-86.78208,45.860195],[-86.784119,45.856299],[-86.78303,45.853397],[-86.781125,45.848861],[-86.782673,45.84623],[-86.783284,45.843325],[-86.782478,45.841131],[-86.786142,45.838793],[-86.788109,45.835608],[-86.786152,45.832529],[-86.782259,45.82995],[-86.777225,45.827183],[-86.7760590067113,45.8247345479622],[-86.774612,45.821696],[-86.773325,45.815525],[-86.773279,45.811385],[-86.775525,45.807007],[-86.778132,45.802524],[-86.779003,45.799177],[-86.775914,45.7981],[-86.772348,45.797852],[-86.769377,45.797437],[-86.771279,45.796526],[-86.775914,45.79636],[-86.779598,45.795697],[-86.783875,45.794606],[-86.785722,45.794517],[-86.794809,45.793792],[-86.796874,45.793307],[-86.799087,45.794289],[-86.802653,45.793543],[-86.805524,45.791275],[-86.806455,45.787743],[-86.803836,45.783683],[-86.802166,45.781943],[-86.801476,45.780027],[-86.799087,45.778212],[-86.799325,45.776554],[-86.797542,45.774896],[-86.794571,45.774731],[-86.792432,45.774979],[-86.789461,45.771829],[-86.792432,45.771912],[-86.79576,45.772575],[-86.798018,45.772741],[-86.800038,45.774482],[-86.802653,45.776057],[-86.804083,45.776626],[-86.807334,45.776309],[-86.810236,45.775091],[-86.814385,45.773882],[-86.81804,45.772528],[-86.821523,45.770356],[-86.823177,45.767457],[-86.823743,45.765486],[-86.821532,45.762531],[-86.819409,45.760721],[-86.820597,45.757902],[-86.820835,45.756078],[-86.821901,45.755225],[-86.825572,45.754024],[-86.826973,45.753289],[-86.829218,45.752807],[-86.832058,45.75108],[-86.832967,45.748803],[-86.833679,45.746917],[-86.836255,45.744812],[-86.838658,45.741831],[-86.840325,45.742312],[-86.842107,45.741565],[-86.843341,45.738883],[-86.84517,45.73681],[-86.844161,45.734773],[-86.8441555528898,45.7342827600809],[-86.844144,45.733243],[-86.841896,45.731863],[-86.840562,45.729953],[-86.84144,45.727754],[-86.841156,45.725091],[-86.839575,45.724148],[-86.838746,45.722307],[-86.841155,45.721007],[-86.842677,45.719684],[-86.848443,45.718007],[-86.851203,45.717735],[-86.85552,45.716015],[-86.85736,45.716397],[-86.861625,45.715189],[-86.862664,45.712678],[-86.8664,45.710231],[-86.87064,45.709621],[-86.87344,45.709986],[-86.876431,45.711298],[-86.882393,45.71135],[-86.885678,45.710958],[-86.887826,45.711256],[-86.895394,45.71101],[-86.903302,45.709066],[-86.90706,45.706151],[-86.907336,45.704574],[-86.909441,45.701911],[-86.911529,45.700119],[-86.913616,45.699],[-86.914433,45.697899],[-86.916748,45.696512],[-86.918262,45.696101],[-86.919591,45.696595],[-86.92106,45.697868],[-86.922443,45.698836],[-86.923156,45.70116],[-86.925295,45.702571],[-86.929455,45.703567],[-86.933495,45.703816],[-86.937774,45.703152],[-86.941458,45.702156],[-86.94324,45.700164],[-86.944158,45.695833],[-86.945198,45.693985],[-86.9474,45.692943],[-86.949562,45.691674],[-86.950467,45.688071],[-86.952132,45.68485],[-86.953571,45.684965],[-86.956995,45.683709],[-86.958757,45.68106],[-86.960103,45.679198],[-86.964275,45.672761],[-86.964274,45.671228],[-86.964164,45.669144],[-86.967855,45.668261],[-86.968959,45.670195],[-86.968065,45.672267],[-86.966885,45.675001],[-86.968268,45.678059],[-86.968267,45.680497],[-86.967315,45.684923],[-86.969765,45.691895],[-86.973468,45.693843],[-86.979106,45.695717],[-86.980885,45.695057],[-86.981349,45.696463],[-86.984588,45.705812],[-86.982413,45.719873],[-86.981662,45.724422],[-86.979112,45.724602],[-86.977655,45.728768],[-86.977312,45.732202],[-86.977678,45.734984],[-86.976023,45.747219],[-86.975201,45.748909],[-86.975224,45.75313],[-86.975668,45.75582],[-86.978696,45.759116],[-86.980832,45.760305],[-86.981341,45.76616],[-86.982884,45.767357],[-86.983595,45.769374],[-86.982838,45.77153],[-86.982497,45.774504],[-86.984033,45.777216],[-86.981454,45.78322],[-86.98102,45.785673],[-86.981256,45.788235],[-86.981875,45.790645],[-86.981624,45.792221],[-86.982733,45.794063],[-86.98692,45.797092],[-86.988114,45.80221],[-86.987351,45.804015],[-86.987503,45.807219],[-86.988438,45.810621],[-86.990858,45.813689],[-86.99508,45.815651],[-87.000673,45.817695],[-87.000341,45.819911],[-86.99984,45.821464],[-87.003074,45.823624],[-87.0033230818923,45.8241504500453],[-87.0033744144548,45.8242589446035],[-87.005522,45.828798],[-87.0051697262631,45.8311252382617],[-87.00508,45.831718],[-87.001115,45.832143],[-86.997906,45.833219],[-86.987686,45.836531],[-86.986022,45.838684],[-86.985666,45.841747],[-86.98424,45.844396],[-86.983765,45.847376],[-86.981031,45.849198],[-86.979386,45.8493],[-86.97604,45.85077],[-86.97093,45.854743],[-86.970217,45.856233],[-86.967602,45.859958],[-86.96582,45.862027],[-86.965107,45.864096],[-86.956907,45.869557],[-86.952866,45.871378],[-86.948231,45.876756],[-86.9479210451662,45.8835262494034],[-86.947875,45.884532],[-86.9474,45.886518],[-86.948231,45.889579],[-86.94835,45.897353],[-86.9485633636006,45.8975700922849],[-86.949895,45.898925],[-86.955005,45.900083],[-86.957739,45.901819],[-86.964394,45.904466],[-86.969504,45.905541],[-86.977941,45.905623],[-86.978837,45.904166],[-86.981982,45.90306],[-86.984121,45.901323],[-86.985661,45.898561],[-86.9861128988093,45.8975961933425],[-86.986498,45.896774],[-86.984002,45.896774],[-86.979724,45.894955],[-86.9795387058954,45.8946711319273],[-86.97913,45.894045],[-86.983177,45.891848],[-86.987218,45.891104],[-86.990902,45.890194],[-86.993516,45.888043],[-86.994586,45.885148],[-86.995451,45.883502],[-86.997676,45.882501],[-86.997913,45.880598],[-87.001478,45.877785],[-86.999934,45.877041],[-87.002667,45.873317],[-87.00562989391,45.8704733765522],[-87.007064,45.869097],[-87.008965,45.868022],[-87.0139161878886,45.8669547968413],[-87.013957,45.866946],[-87.017403,45.864215],[-87.019542,45.861981],[-87.022038,45.860077],[-87.02287,45.857263],[-87.020612,45.858174],[-87.01669,45.855442],[-87.011818,45.852214],[-87.002667,45.850228],[-87.001835,45.848738],[-86.998983,45.847744],[-87.004925,45.844599],[-87.010423,45.842352],[-87.015264,45.841535],[-87.016928,45.840956],[-87.016701,45.839786],[-87.018902,45.838886],[-87.0189823243512,45.8388754379214],[-87.0239130408747,45.8382270839095],[-87.031435,45.837238],[-87.0375491851913,45.8350612715264],[-87.039842,45.834245],[-87.042946,45.831099],[-87.0435918520542,45.8298227088352],[-87.044245,45.828532],[-87.045666,45.827008],[-87.052246,45.822257],[-87.053501,45.820592],[-87.057439,45.812483],[-87.0576479297326,45.8108512662238],[-87.0578631486027,45.8091704145075],[-87.058844,45.80151],[-87.058608,45.79416],[-87.05785,45.792404],[-87.056634,45.791536],[-87.05699,45.790499],[-87.058562,45.79029],[-87.059367,45.787814],[-87.059206,45.786853],[-87.061001,45.783758],[-87.05967,45.779958],[-87.056376,45.775854],[-87.0564760010383,45.7756428390092],[-87.056842,45.77487],[-87.058412,45.77303],[-87.0628,45.772612],[-87.063975,45.76651],[-87.064302,45.758828],[-87.062406,45.753296],[-87.05555,45.751535],[-87.055194,45.748817],[-87.052908,45.747983],[-87.046739,45.746972],[-87.04638,45.74585],[-87.040139,45.744707],[-87.037329,45.743586],[-87.0382,45.741519],[-87.044743,45.739358],[-87.048327,45.737733],[-87.048501693397,45.7377155440732],[-87.057444,45.736822],[-87.061721,45.732821],[-87.060894,45.730092],[-87.06263,45.726778],[-87.065377,45.725567],[-87.071129,45.718591],[-87.084432,45.711805],[-87.0847068012192,45.7098886421571],[-87.084811,45.709162],[-87.0816860439467,45.7075845895161],[-87.081358,45.707419],[-87.0797100469583,45.7075568532335],[-87.073755,45.708055],[-87.069611,45.710502],[-87.067636,45.71083],[-87.063938,45.709082],[-87.064248,45.707749],[-87.069942,45.706347],[-87.0796226446843,45.7047014403534],[-87.087373,45.703384],[-87.095455,45.701039],[-87.099401,45.698614],[-87.100426,45.697592],[-87.100561,45.695762],[-87.099555,45.692359],[-87.099837,45.689124],[-87.100441,45.686817],[-87.103428,45.685649],[-87.112945,45.685812],[-87.1152687710205,45.6852249084012],[-87.1289690037108,45.6817635985544],[-87.131841,45.681038],[-87.135913,45.678422],[-87.139279,45.678103],[-87.149917,45.672428],[-87.153083,45.669454],[-87.157475,45.668258],[-87.166089,45.665468],[-87.172241,45.661788],[-87.174512,45.659434],[-87.176495,45.65378],[-87.176612,45.650015],[-87.179904,45.648232],[-87.183485,45.647984],[-87.185603,45.647047],[-87.186943,45.644116],[-87.194252,45.640963],[-87.197295,45.638703],[-87.197112,45.633692],[-87.20001,45.629165],[-87.200703,45.627224],[-87.202611,45.62572],[-87.205353,45.624056],[-87.207036,45.621782],[-87.207176,45.62042],[-87.209372,45.617609],[-87.211801,45.616053],[-87.213168,45.613903],[-87.215608,45.610496],[-87.217821,45.606701],[-87.221467,45.603682],[-87.223647,45.599338],[-87.227516,45.594354],[-87.234612,45.588817],[-87.235423,45.585319],[-87.237504,45.582232],[-87.237665,45.579694],[-87.239322,45.576127],[-87.241371,45.573772],[-87.243188,45.572541],[-87.248071,45.570019],[-87.252216,45.567703],[-87.253779,45.564716],[-87.25539,45.562611],[-87.256868,45.561849],[-87.260517,45.556969],[-87.260671,45.555323],[-87.263488,45.552032],[-87.2638603891879,45.550491644055],[-87.264861,45.55061],[-87.30691,45.550893],[-87.327356,45.551247],[-87.327502,45.55125],[-87.326807,45.623093],[-87.32651,45.63789],[-87.326314,45.656122],[-87.326271,45.659881],[-87.326185,45.666954],[-87.326137,45.670658],[-87.326108,45.674116],[-87.325967,45.702676],[-87.325957,45.704033],[-87.325949,45.704727],[-87.325964,45.709894],[-87.325842,45.710454],[-87.325163,45.75461],[-87.325376,45.756891],[-87.325557,45.779879],[-87.325558,45.783313],[-87.325361,45.812165],[-87.325423,45.84808],[-87.325191,45.849355],[-87.325367,45.851124],[-87.325395,45.869882],[-87.325391,45.898665],[-87.367673,45.898969],[-87.367849,45.985321]]]]}},{"type":"Feature","id":"26003","properties":{"id":"26003","FIPS":"26003","stateFIPS":"26","name":"Alger","state":"MI","sourceId":"census-counties-2024"},"geometry":{"type":"MultiPolygon","coordinates":[[[[-86.70904,46.54521],[-86.704854,46.547827],[-86.703146,46.550218],[-86.698514,46.552823],[-86.697793,46.554688],[-86.693849,46.555494],[-86.692812,46.556919],[-86.690286,46.556564],[-86.688009,46.557921],[-86.684396,46.559693],[-86.678543,46.56089],[-86.67595,46.557119],[-86.671964,46.556596],[-86.66664,46.556695],[-86.662284,46.55729],[-86.656112,46.558727],[-86.653355,46.560698],[-86.650409,46.558243],[-86.647294,46.554525],[-86.646009,46.553875],[-86.645371,46.550788],[-86.642396,46.548026],[-86.638335,46.546491],[-86.635686,46.541808],[-86.632665,46.538771],[-86.63224,46.537892],[-86.629675,46.53614],[-86.626329,46.534903],[-86.627885,46.531514],[-86.629139,46.528223],[-86.628525,46.523369],[-86.628996,46.521163],[-86.629361,46.517574],[-86.63055,46.51453],[-86.632129,46.509324],[-86.634419,46.504959],[-86.637603,46.502957],[-86.639783,46.501622],[-86.641523,46.498887],[-86.641553,46.496633],[-86.643298,46.495083],[-86.645442,46.491868],[-86.646132,46.488386],[-86.646798,46.487497],[-86.644192,46.484351],[-86.639198,46.480435],[-86.63579,46.478529],[-86.632446,46.477793],[-86.628223,46.477781],[-86.626199,46.478269],[-86.626191,46.479605],[-86.624854,46.480779],[-86.622629,46.48335],[-86.620772,46.484196],[-86.62101,46.485724],[-86.619582,46.487951],[-86.617966,46.489765],[-86.616375,46.491189],[-86.614201,46.491837],[-86.613837,46.49282],[-86.613089,46.492977],[-86.612375,46.494156],[-86.610865,46.49391],[-86.609596,46.493456],[-86.608893,46.492564],[-86.609176,46.490482],[-86.608391,46.487375],[-86.607489,46.483917],[-86.608291,46.482749],[-86.60695,46.479553],[-86.606981,46.475707],[-86.607932,46.472176],[-86.609648,46.468701],[-86.613332,46.464854],[-86.617016,46.461907],[-86.620343,46.459042],[-86.622601,46.457977],[-86.623077,46.456504],[-86.625929,46.45634],[-86.629613,46.456013],[-86.632346,46.454784],[-86.635198,46.453475],[-86.636862,46.453311],[-86.640784,46.454375],[-86.642091,46.456258],[-86.642448,46.457732],[-86.644468,46.459205],[-86.646607,46.460925],[-86.647795,46.462562],[-86.646013,46.462562],[-86.643398,46.463135],[-86.64114,46.464363],[-86.63912,46.466736],[-86.636743,46.470174],[-86.635911,46.471402],[-86.636625,46.472384],[-86.638882,46.472384],[-86.64114,46.471729],[-86.644706,46.470829],[-86.647201,46.470583],[-86.651242,46.471075],[-86.656471,46.471075],[-86.659917,46.470256],[-86.660987,46.468292],[-86.661462,46.466245],[-86.662532,46.464936],[-86.663007,46.462971],[-86.664195,46.461498],[-86.664433,46.45986],[-86.666572,46.457159],[-86.667642,46.455439],[-86.669781,46.453556],[-86.671682,46.450609],[-86.674059,46.451428],[-86.676792,46.451264],[-86.680239,46.452328],[-86.684873,46.454211],[-86.687595,46.456228],[-86.688288,46.460308],[-86.688548,46.463695],[-86.68724,46.470325],[-86.686298,46.477966],[-86.686631,46.479843],[-86.686195,46.486696],[-86.684888,46.490149],[-86.683843,46.493538],[-86.683811,46.497726],[-86.684732,46.499641],[-86.688715,46.500293],[-86.694328,46.502213],[-86.696483,46.503523],[-86.699028,46.506668],[-86.699529,46.50893],[-86.701649,46.511217],[-86.701586,46.516202],[-86.703084,46.519377],[-86.703298,46.522221],[-86.704827,46.525803],[-86.704759,46.527131],[-86.704166,46.528942],[-86.705108,46.532633],[-86.706383,46.53628],[-86.708024,46.539785],[-86.709463,46.541851],[-86.70904,46.54521]]],[[[-86.722451,46.485805],[-86.720906,46.484414],[-86.718797,46.482226],[-86.71767,46.480267],[-86.716742,46.478599],[-86.719323,46.479033],[-86.721443,46.48182],[-86.722441,46.483896],[-86.722451,46.485805]]],[[[-86.748185,46.5156],[-86.746166,46.516607],[-86.743582,46.515831],[-86.741826,46.514117],[-86.737287,46.511148],[-86.736754,46.507559],[-86.736257,46.506668],[-86.736818,46.504953],[-86.736916,46.50397],[-86.739665,46.504837],[-86.742668,46.504806],[-86.744167,46.505292],[-86.746421,46.507874],[-86.746956,46.50979],[-86.748081,46.511874],[-86.748185,46.5156]]],[[[-86.899956,46.48783],[-86.899062,46.488446],[-86.895289,46.489017],[-86.893403,46.488467],[-86.892346,46.486752],[-86.890527,46.486226],[-86.891886,46.483621],[-86.89053,46.482363],[-86.891095,46.47946],[-86.893079,46.480306],[-86.894798,46.48225],[-86.899098,46.484149],[-86.899064,46.485132],[-86.899957,46.486252],[-86.899956,46.48783]]],[[[-87.116634,46.494808],[-87.10789,46.496495],[-87.104689,46.497891],[-87.102407,46.502218],[-87.100467,46.503246],[-87.09876,46.503609],[-87.093873,46.506278],[-87.092375,46.506933],[-87.090985,46.509246],[-87.087825,46.50979],[-87.084931,46.511026],[-87.083774,46.514591],[-87.082416,46.516641],[-87.080316,46.517999],[-87.077279,46.515339],[-87.07493,46.517135],[-87.072832,46.51579],[-87.066226,46.516459],[-87.062335,46.516869],[-87.059695,46.517983],[-87.046022,46.519956],[-87.043966,46.520506],[-87.04264,46.523029],[-87.040349,46.523893],[-87.0392,46.525648],[-87.037848,46.526403],[-87.035594,46.525312],[-87.033455,46.525067],[-87.031791,46.525721],[-87.029764,46.525763],[-87.025136,46.526048],[-87.019907,46.528092],[-87.020382,46.530709],[-87.021333,46.532344],[-87.02163,46.534214],[-87.019719,46.535451],[-87.017579,46.53368],[-87.015465,46.533698],[-87.008724,46.532723],[-87.005308,46.533953],[-87.001856,46.533056],[-87.001605,46.532344],[-87.002319,46.531036],[-86.999585,46.528665],[-86.994237,46.526948],[-86.989246,46.527111],[-86.985679,46.528003],[-86.98249,46.528396],[-86.976958,46.526581],[-86.975212,46.524186],[-86.972613,46.522533],[-86.970701,46.519784],[-86.964534,46.516549],[-86.962842,46.509646],[-86.958802,46.504354],[-86.955351,46.501524],[-86.953738,46.497973],[-86.954245,46.496065],[-86.952718,46.494391],[-86.94698,46.484567],[-86.944142,46.483098],[-86.943202,46.481557],[-86.944087,46.479995],[-86.946218,46.479059],[-86.949316,46.478277],[-86.949526,46.476315],[-86.947077,46.472064],[-86.942661,46.469274],[-86.936716,46.46805],[-86.93291,46.467052],[-86.931527,46.465367],[-86.927725,46.464566],[-86.918207,46.464557],[-86.916039,46.465332],[-86.909099,46.466529],[-86.903742,46.466138],[-86.90051,46.463497],[-86.897695,46.462454],[-86.889398,46.458907],[-86.889355,46.4549],[-86.883976,46.450976],[-86.883958,46.448071],[-86.885855,46.446679],[-86.886212,46.444222],[-86.883919,46.441514],[-86.880032,46.438981],[-86.875151,46.43728],[-86.8662934670176,46.4361600739049],[-86.850111,46.434114],[-86.8376610484426,46.4341847886371],[-86.837448,46.434186],[-86.82202,46.436111],[-86.816026,46.437892],[-86.813707,46.442828],[-86.811561,46.44621],[-86.810967,46.449663],[-86.812233,46.452752],[-86.80972,46.454493],[-86.808817,46.460611],[-86.807203,46.461289],[-86.805434,46.462047],[-86.80427,46.465445],[-86.803557,46.466669],[-86.78993,46.476298],[-86.789557,46.477603],[-86.789224,46.478442],[-86.7882,46.478355],[-86.787905,46.477729],[-86.78437,46.477974],[-86.781866,46.477556],[-86.778017,46.477859],[-86.776263,46.478195],[-86.768516,46.479072],[-86.766739,46.479437],[-86.766082,46.478272],[-86.758517,46.479329],[-86.754508,46.479593],[-86.750157,46.479109],[-86.744984,46.477155],[-86.741746,46.475565],[-86.738997,46.475081],[-86.737379,46.475853],[-86.735929,46.475231],[-86.731096,46.47176],[-86.730829,46.468057],[-86.732402,46.466807],[-86.732352,46.465598],[-86.730282,46.463632],[-86.727589,46.461074],[-86.724565,46.460099],[-86.721698,46.458727],[-86.718327,46.455581],[-86.714336,46.450088],[-86.712978,46.448963],[-86.710573,46.444908],[-86.709015,46.443735],[-86.706863,46.442963],[-86.704987,46.441513],[-86.70323,46.439378],[-86.6987097722434,46.4387085339367],[-86.698139,46.438624],[-86.689294,46.439308],[-86.687274,46.43849],[-86.683352,46.439145],[-86.66921,46.445614],[-86.665408,46.445205],[-86.6644616078657,46.4450691375709],[-86.659703,46.444386],[-86.655306,46.442502],[-86.653737,46.438326],[-86.6535,46.434722],[-86.6531206340347,46.4330225681724],[-86.652787,46.431528],[-86.654094,46.429316],[-86.658729,46.425548],[-86.662532,46.421944],[-86.662175,46.418667],[-86.65861,46.415636],[-86.651242,46.412112],[-86.644706,46.410801],[-86.638122,46.411686],[-86.634985,46.413915],[-86.634747,46.415636],[-86.632964,46.416537],[-86.6319953700845,46.4177335228585],[-86.630112,46.42006],[-86.629399,46.424074],[-86.625477,46.426367],[-86.616089,46.435214],[-86.607533,46.443321],[-86.606582,46.445778],[-86.607651,46.449872],[-86.608364,46.452656],[-86.605155,46.454199],[-86.6045810945975,46.454023476493],[-86.600378,46.452738],[-86.595744,46.452901],[-86.590871,46.457241],[-86.586168,46.463324],[-86.582436,46.467935],[-86.577958,46.470937],[-86.568363,46.477236],[-86.564788,46.481631],[-86.559199,46.486475],[-86.557005,46.489874],[-86.553052,46.493526],[-86.551392,46.494438],[-86.551352,46.495564],[-86.548158,46.495152],[-86.542978,46.496871],[-86.534364,46.499296],[-86.531927,46.500122],[-86.531326,46.502541],[-86.529755,46.502907],[-86.524959,46.505381],[-86.524179,46.506164],[-86.524358,46.507718],[-86.523259,46.5092],[-86.521228,46.509478],[-86.520159,46.511904],[-86.518508,46.512331],[-86.517517,46.514987],[-86.516387,46.516441],[-86.514151,46.516154],[-86.509221,46.517697],[-86.505529,46.518852],[-86.501101,46.522247],[-86.495054,46.524874],[-86.493829,46.527122],[-86.491798,46.52895],[-86.489551,46.532823],[-86.484003,46.535965],[-86.482756,46.538712],[-86.481956,46.542709],[-86.477401,46.545847],[-86.472999,46.54719],[-86.470901,46.547746],[-86.468677,46.550161],[-86.469306,46.551422],[-86.467745,46.552456],[-86.461598,46.553474],[-86.45993,46.551928],[-86.456926,46.551588],[-86.455216,46.550591],[-86.453257,46.552017],[-86.450075,46.550149],[-86.44439,46.548137],[-86.443866,46.547303],[-86.437167,46.54896],[-86.431669,46.551164],[-86.418253,46.555076],[-86.406905,46.559453],[-86.40084,46.561052],[-86.390409,46.563194],[-86.3651213221337,46.5724561838449],[-86.34989,46.578035],[-86.319981,46.591481],[-86.188024,46.654008],[-86.172885,46.663313],[-86.161681,46.669475],[-86.155036,46.670838],[-86.148757,46.670976],[-86.144172,46.672373],[-86.138295,46.672935],[-86.131369,46.667044],[-86.12663,46.665303],[-86.125451,46.664311],[-86.123991,46.661818],[-86.12031,46.658774],[-86.119862,46.657256],[-86.112126,46.655044],[-86.105767,46.65436],[-86.099843,46.654615],[-86.087939,46.65532],[-86.074219,46.657799],[-86.058157,46.661412],[-86.036969,46.667627],[-86.026148,46.668882],[-85.999336454805,46.6730144121549],[-85.995044,46.673676],[-85.981953,46.67699],[-85.971668,46.679934],[-85.971478,46.676776],[-85.973855,46.676695],[-85.974872,46.675233],[-85.979084,46.675472],[-85.983599,46.673515],[-85.982055,46.671232],[-85.978965,46.670335],[-85.976297,46.670891],[-85.972547,46.670579],[-85.969576,46.672292],[-85.962921,46.673678],[-85.949136,46.675879],[-85.9479456378348,46.6762609189706],[-85.932617,46.681179],[-85.922159,46.683951],[-85.90917,46.686885],[-85.877908,46.690914],[-85.864549264065,46.6901824613954],[-85.864932,46.504758],[-86.240148,46.505262],[-86.364953,46.505852],[-86.365062,46.346576],[-86.364989,46.331927],[-86.442209,46.332403],[-86.45001,46.332412],[-86.465847,46.332522],[-86.615397,46.333263],[-86.61527,46.245785],[-86.615601,46.158691],[-86.635407,46.158618],[-86.678179,46.158562],[-86.740594,46.158723],[-86.782267,46.158802],[-86.837152,46.158592],[-86.943923,46.158911],[-86.947432,46.158814],[-86.949936,46.158881],[-86.980147,46.158994],[-86.990797,46.158879],[-87.116138,46.15905],[-87.116466,46.228481],[-87.116245,46.245857],[-87.116125,46.289525],[-87.116248,46.347553],[-87.116513,46.391179],[-87.116355,46.410493],[-87.116438,46.420326],[-87.116574,46.463909],[-87.116473,46.464566],[-87.116634,46.494808]]]]}},{"type":"Feature","id":"26163","properties":{"id":"26163","FIPS":"26163","stateFIPS":"26","name":"Wayne","state":"MI","sourceId":"census-counties-2024"},"geometry":{"type":"MultiPolygon","coordinates":[[[[-83.191591,42.035369],[-83.189927,42.035987],[-83.188977,42.034928],[-83.189214,42.033339],[-83.190997,42.033428],[-83.191591,42.035369]]],[[[-83.551907,42.435166],[-83.512502,42.436482],[-83.497209,42.436961],[-83.493009,42.437098],[-83.483248,42.437415],[-83.473957,42.437652],[-83.473887,42.437654],[-83.464412,42.437978],[-83.46021,42.438103],[-83.453704,42.43829],[-83.453068,42.438308],[-83.433734,42.43894],[-83.433672,42.438942],[-83.431866,42.439006],[-83.423917,42.439263],[-83.414357,42.439523],[-83.399629,42.43991],[-83.39477,42.440028],[-83.385307,42.440276],[-83.375469,42.440557],[-83.367896,42.440774],[-83.365711,42.440838],[-83.365563,42.440842],[-83.355901,42.441086],[-83.346305,42.441333],[-83.346035,42.441339],[-83.336456,42.441575],[-83.330184,42.441725],[-83.320551,42.441944],[-83.316825,42.442033],[-83.312072,42.442121],[-83.297426,42.442488],[-83.287803,42.442683],[-83.278517,42.442864],[-83.278263,42.442868],[-83.268509,42.443156],[-83.258867,42.443403],[-83.250371,42.443628],[-83.239423,42.443918],[-83.226042,42.44421],[-83.225608,42.444219],[-83.219806,42.444346],[-83.219631,42.444349],[-83.216746,42.444414],[-83.210254,42.444568],[-83.204896,42.444716],[-83.203632,42.444746],[-83.203382,42.444751],[-83.200522,42.444839],[-83.190798,42.445147],[-83.187057,42.44522],[-83.181005,42.445343],[-83.171265,42.445545],[-83.161516,42.445794],[-83.151986,42.446007],[-83.150944,42.446031],[-83.147211,42.446115],[-83.14206,42.446229],[-83.136553,42.446345],[-83.124708,42.446578],[-83.117492,42.446719],[-83.11263,42.446799],[-83.112342,42.446809],[-83.109626,42.446959],[-83.102875,42.44714],[-83.097421,42.44682],[-83.094929,42.446862],[-83.0947,42.446865],[-83.090247,42.446994],[-83.088295,42.447048],[-83.083393,42.447153],[-83.081037,42.447055],[-83.071046,42.447175],[-83.063877,42.447258],[-83.061678,42.447318],[-83.059862,42.447366],[-83.054057,42.447507],[-83.044282,42.447765],[-83.039417,42.447874],[-83.034519,42.447936],[-83.024745,42.448159],[-83.007274,42.448725],[-83.005534,42.448806],[-83.005185,42.448819],[-83.002698,42.448901],[-82.994199,42.449087],[-82.985659,42.44928],[-82.978318,42.449465],[-82.971041,42.449665],[-82.967938,42.449836],[-82.966093,42.449886],[-82.957706,42.450026],[-82.95621,42.450048],[-82.955483,42.450063],[-82.946055,42.450228],[-82.942995,42.450199],[-82.941283,42.45023],[-82.940741,42.450224],[-82.936831,42.450284],[-82.935403,42.450159],[-82.933975,42.450421],[-82.928579,42.45062],[-82.917792,42.450705],[-82.917391,42.450718],[-82.914608,42.450731],[-82.910722,42.450772],[-82.904734,42.450774],[-82.899175,42.450845],[-82.891833,42.450892],[-82.883986,42.450908],[-82.877182,42.450955],[-82.8702390040923,42.4510090698755],[-82.870347,42.450888],[-82.874396,42.441664],[-82.873831,42.435423],[-82.8739551456334,42.4352878111531],[-82.876574,42.432436],[-82.878656,42.428995],[-82.8833451151186,42.4155542566644],[-82.88587,42.408317],[-82.881519,42.406591],[-82.8819989606691,42.405575977437],[-82.882181,42.405191],[-82.88266,42.404878],[-82.886543,42.405576],[-82.88722,42.402844],[-82.888603,42.397993],[-82.890179,42.395014],[-82.894013,42.389437],[-82.898413,42.385437],[-82.9000147770521,42.384430337897],[-82.903823,42.382037],[-82.9058707756708,42.3813296822145],[-82.9117550584205,42.379297204779],[-82.915114,42.378137],[-82.919114,42.374437],[-82.918542,42.373006],[-82.920022,42.372058],[-82.9223616543543,42.3690887707584],[-82.923545,42.367587],[-82.924551,42.362329],[-82.928789,42.360205],[-82.9287724228718,42.3597883009571],[-82.9287524850816,42.3592871249963],[-82.9287222323536,42.3585266625873],[-82.928716,42.35837],[-82.932593,42.357185],[-82.9529754360034,42.3549764856513],[-82.955804,42.35467],[-82.964455,42.355166],[-82.9665930881117,42.3528870205329],[-82.96705,42.3524],[-82.962684,42.349655],[-82.954311,42.34891],[-82.953909,42.346926],[-82.959763,42.34003],[-82.988619,42.332439],[-83.0080353929919,42.33158814811],[-83.013333,42.331356],[-83.019024,42.330616],[-83.0240343358134,42.3294304753263],[-83.026234,42.32891],[-83.04058,42.324093],[-83.0408411326315,42.3240110496774],[-83.050098,42.321106],[-83.063637,42.316857],[-83.07193,42.311842],[-83.073484720076,42.3110303355601],[-83.078207,42.308565],[-83.0783907869466,42.3084160358432],[-83.080392,42.306794],[-83.09729,42.290068],[-83.099643,42.287136],[-83.0999100264529,42.2866116610227],[-83.108412,42.269917],[-83.11203,42.260587],[-83.1143523666442,42.2569934977786],[-83.126361,42.238412],[-83.1269581571216,42.2345613564454],[-83.130606,42.211039],[-83.1308434885568,42.2087497310058],[-83.1314636964272,42.202771242328],[-83.134384,42.174621],[-83.1329484970397,42.1699365321568],[-83.13051,42.161979],[-83.1280662236051,42.1505144685184],[-83.125304,42.137556],[-83.1252918798266,42.1375361801289],[-83.1251268120345,42.1372662481518],[-83.121279,42.130974],[-83.119228,42.125263],[-83.12127,42.117454],[-83.124992,42.108543],[-83.127526,42.104968],[-83.13202,42.090166],[-83.142583,42.090761],[-83.145632,42.088887],[-83.152413,42.088985],[-83.154459,42.086074],[-83.158182,42.085705],[-83.161408,42.089858],[-83.1631427648086,42.0896438220952],[-83.168236,42.089015],[-83.172791,42.087161],[-83.172028,42.082498],[-83.169374,42.076433],[-83.170534,42.074824],[-83.173097,42.075288],[-83.178078,42.082355],[-83.182364,42.08338],[-83.1830677855994,42.0825510268276],[-83.185709,42.07944],[-83.1901743818573,42.0777655865067],[-83.19104,42.077441],[-83.192165,42.065985],[-83.18866,42.055558],[-83.186695,42.051968],[-83.186657,42.047704],[-83.187602,42.044309],[-83.195394,42.039871],[-83.199842,42.03895],[-83.210017,42.043678],[-83.213112,42.043286],[-83.2127952709633,42.0419930600246],[-83.214211,42.042577],[-83.217739,42.044686],[-83.218683,42.048133],[-83.219674,42.04912],[-83.223176,42.048514],[-83.225464,42.049104],[-83.225644,42.049127],[-83.229087,42.048326],[-83.230433,42.048678],[-83.230645,42.049504],[-83.228958,42.052926],[-83.229302,42.054855],[-83.232312,42.054857],[-83.233335,42.056136],[-83.233364,42.057878],[-83.234393,42.059025],[-83.236655,42.057933],[-83.239103,42.059814],[-83.240911,42.059766],[-83.243171,42.06151],[-83.24861,42.060627],[-83.250008,42.063458],[-83.251996,42.064153],[-83.254548,42.063962],[-83.251541,42.067652],[-83.252355,42.068379],[-83.254075,42.068013],[-83.254878,42.068657],[-83.255299,42.070778],[-83.257615,42.073684],[-83.259843,42.074246],[-83.260629,42.072923],[-83.262615,42.072737],[-83.264314,42.069283],[-83.266295,42.068663],[-83.267598,42.069084],[-83.269989,42.071388],[-83.268776,42.074281],[-83.270437,42.076132],[-83.273043,42.07495],[-83.277073,42.076095],[-83.277339,42.077315],[-83.275253,42.080306],[-83.278189,42.079374],[-83.280443,42.081638],[-83.277617,42.081856],[-83.277228,42.082704],[-83.279351,42.083947],[-83.281694,42.08342],[-83.282456,42.084396],[-83.28027,42.085457],[-83.283245,42.086126],[-83.283141,42.08939],[-83.28492,42.08973],[-83.284525,42.088158],[-83.286837,42.088498],[-83.286314,42.089066],[-83.286216,42.089093],[-83.285689,42.089475],[-83.285655,42.089556],[-83.285712,42.090094],[-83.286001,42.090516],[-83.286238,42.090767],[-83.287215,42.089464],[-83.289344,42.090043],[-83.290232,42.091913],[-83.293039,42.092378],[-83.295268,42.094243],[-83.303606,42.094245],[-83.303885,42.094241],[-83.308624,42.094186],[-83.330101,42.094095],[-83.342546,42.094047],[-83.345238,42.094037],[-83.353996,42.094012],[-83.355095,42.094008],[-83.377159,42.093901],[-83.381501,42.093862],[-83.4086,42.093657],[-83.420761,42.093568],[-83.420622,42.087777],[-83.479967,42.086879],[-83.494488,42.086517],[-83.500167,42.086374],[-83.539396,42.085598],[-83.540224,42.114825],[-83.540449,42.121855],[-83.541044,42.143907],[-83.542102,42.174344],[-83.542882,42.197043],[-83.542903,42.197812],[-83.54344,42.209356],[-83.543442,42.209414],[-83.543583,42.218757],[-83.544153,42.232029],[-83.544433,42.248812],[-83.544401,42.249448],[-83.544295,42.251534],[-83.544046,42.256132],[-83.543728,42.262462],[-83.544203,42.276894],[-83.544563,42.286175],[-83.544759,42.291234],[-83.544839,42.293007],[-83.545205,42.301819],[-83.545375,42.305817],[-83.545802,42.313313],[-83.546152,42.320317],[-83.546481,42.327576],[-83.547548,42.349217],[-83.548226,42.363936],[-83.548372,42.367132],[-83.549208,42.383325],[-83.549667,42.392609],[-83.550363,42.407081],[-83.551156,42.421585],[-83.551907,42.435166]]]]}},{"type":"Feature","id":"26109","properties":{"id":"26109","FIPS":"26109","stateFIPS":"26","name":"Menominee","state":"MI","sourceId":"census-counties-2024"},"geometry":{"type":"Polygon","coordinates":[[[-87.887828,45.358122],[-87.886868543335,45.359629118273],[-87.884855,45.362792],[-87.883007,45.364042],[-87.879169,45.365754],[-87.877835,45.366987],[-87.876862,45.368535],[-87.875111,45.369842],[-87.871268,45.371467],[-87.871572,45.373478],[-87.874429,45.375589],[-87.875692,45.377052],[-87.875424,45.379373],[-87.873568,45.381357],[-87.870905,45.383116],[-87.864677,45.385232],[-87.861316,45.386829],[-87.859418,45.388227],[-87.85683,45.393106],[-87.859603,45.396409],[-87.859773,45.397278],[-87.859131,45.398967],[-87.855992,45.400359],[-87.850969,45.401925],[-87.849322,45.403872],[-87.849668,45.409518],[-87.850533,45.411685],[-87.85181,45.413103],[-87.8527015515366,45.4137096435557],[-87.856216,45.416101],[-87.8572349441088,45.4178902933675],[-87.857253,45.417922],[-87.857124,45.420192],[-87.858009,45.421078],[-87.858847,45.421393],[-87.860432,45.423504],[-87.860127,45.429584],[-87.86195,45.433072],[-87.861697,45.434473],[-87.860129,45.435568],[-87.858482,45.436477],[-87.857212,45.437934],[-87.856603,45.439963],[-87.855298,45.441379],[-87.847429,45.444177],[-87.844815,45.448411],[-87.836008,45.450877],[-87.8347573151717,45.4520235313716],[-87.833042,45.453596],[-87.832456,45.45502],[-87.832694,45.455922],[-87.831217,45.457185],[-87.829134,45.457925],[-87.82743,45.458076],[-87.825509,45.458026],[-87.824661,45.459137],[-87.821057,45.459955],[-87.819834,45.460591],[-87.820407,45.461271],[-87.820264,45.462314],[-87.815551,45.462795],[-87.812976,45.464159],[-87.8129753247761,45.4644211219082],[-87.812971,45.4661],[-87.811469,45.467991],[-87.805773,45.473139],[-87.805873,45.47438],[-87.807388,45.477031],[-87.806891,45.479092],[-87.79896,45.485147],[-87.798362,45.486564],[-87.797824,45.491468],[-87.798243,45.493264],[-87.797943,45.494044],[-87.796409,45.494679],[-87.794639,45.497439],[-87.793447,45.498372],[-87.792769,45.499967],[-87.793215,45.505028],[-87.798794,45.506287],[-87.802241,45.513059],[-87.802267,45.514233],[-87.802624,45.518562],[-87.804203,45.524676],[-87.80472,45.531244],[-87.804528,45.534373],[-87.803364,45.537016],[-87.80339,45.538272],[-87.8034531167102,45.5383440908516],[-87.806358,45.541662],[-87.807159,45.543523],[-87.811517,45.546403],[-87.813737,45.548616],[-87.817089,45.549512],[-87.818791,45.5521],[-87.827215,45.55562],[-87.832296,45.558767],[-87.832968,45.559461],[-87.833591,45.562529],[-87.832681,45.563412],[-87.831645,45.566225],[-87.8316812068775,45.5677144192803],[-87.831689,45.568035],[-87.829346,45.568776],[-87.825801,45.56755],[-87.819821,45.567079],[-87.813745,45.565175],[-87.81176,45.565554],[-87.81042,45.565308],[-87.808211,45.563712],[-87.806104,45.562863],[-87.797536,45.562124],[-87.794737,45.562372],[-87.792372,45.563055],[-87.790874,45.564096],[-87.788798,45.565947],[-87.788326,45.567941],[-87.78844,45.56963],[-87.787292,45.574906],[-87.7874621309348,45.5794545419341],[-87.7874623463363,45.5794603008103],[-87.787534,45.581376],[-87.786767,45.58283],[-87.785647,45.58396],[-87.781255,45.585682],[-87.779809,45.587125],[-87.777199,45.588499],[-87.777494,45.593835],[-87.7769665387812,45.5954988545772],[-87.776238,45.597797],[-87.775855,45.600009],[-87.774682,45.602024],[-87.775709,45.602824],[-87.777566,45.604011],[-87.778415,45.607782],[-87.777618,45.608568],[-87.777671,45.609204],[-87.779243,45.610908],[-87.780845,45.614599],[-87.782906,45.61529],[-87.792016,45.616756],[-87.793984,45.617576],[-87.79588,45.618846],[-87.796179,45.622074],[-87.796983,45.623613],[-87.799617,45.625837],[-87.804481,45.628933],[-87.810194,45.638732],[-87.817277,45.643926],[-87.821818,45.645589],[-87.824102,45.647138],[-87.824676,45.653211],[-87.822693,45.656077],[-87.822425,45.658012],[-87.823672,45.659817],[-87.822512,45.660697],[-87.822731,45.661408],[-87.823868,45.66192],[-87.823164,45.662732],[-87.819901,45.663054],[-87.816587,45.663898],[-87.81428,45.665127],[-87.806624,45.66565],[-87.80329,45.666494],[-87.8026616054139,45.6668927033395],[-87.801312,45.667749],[-87.798903,45.67014],[-87.795355,45.671334],[-87.788024,45.672095],[-87.781623,45.67328],[-87.781007,45.673934],[-87.780737,45.675458],[-87.780808,45.680349],[-87.782226,45.683053],[-87.78473,45.685262],[-87.787727,45.68718],[-87.80188,45.693862],[-87.804993,45.695796],[-87.806007,45.697437],[-87.809075,45.699717],[-87.809181,45.700337],[-87.805076,45.703556],[-87.805081,45.704974],[-87.805867,45.706841],[-87.810144,45.71023],[-87.812338,45.711303],[-87.817168,45.712222],[-87.822421,45.712701],[-87.82418,45.712655],[-87.825982,45.714199],[-87.827919,45.714699],[-87.831442,45.714938],[-87.837343,45.716919],[-87.843317,45.720221],[-87.8465664373957,45.7225260353855],[-87.845411,45.722659],[-87.819389,45.722776],[-87.79936,45.722866],[-87.797654,45.722786],[-87.738081,45.722805],[-87.697159,45.72296],[-87.697026,45.751744],[-87.69761,45.766157],[-87.697844,45.769307],[-87.696946,45.898842],[-87.636347,45.898922],[-87.635055,45.898917],[-87.617396,45.898846],[-87.617191,45.937382],[-87.617091,45.986014],[-87.492512,45.985547],[-87.450661,45.98566],[-87.449484,45.985742],[-87.367849,45.985321],[-87.367673,45.898969],[-87.325391,45.898665],[-87.325395,45.869882],[-87.325367,45.851124],[-87.325191,45.849355],[-87.325423,45.84808],[-87.325361,45.812165],[-87.325558,45.783313],[-87.325557,45.779879],[-87.325376,45.756891],[-87.325163,45.75461],[-87.325842,45.710454],[-87.325964,45.709894],[-87.325949,45.704727],[-87.325957,45.704033],[-87.325967,45.702676],[-87.326108,45.674116],[-87.326137,45.670658],[-87.326185,45.666954],[-87.326271,45.659881],[-87.326314,45.656122],[-87.32651,45.63789],[-87.326807,45.623093],[-87.327502,45.55125],[-87.327356,45.551247],[-87.30691,45.550893],[-87.264861,45.55061],[-87.2638603891879,45.550491644055],[-87.265284,45.544603],[-87.265745,45.540119],[-87.268153,45.537517],[-87.272612,45.532786],[-87.275576,45.52746],[-87.276261,45.524259],[-87.276945,45.522362],[-87.278868,45.518974],[-87.281186,45.517064],[-87.284787,45.512647],[-87.286544,45.509195],[-87.288075,45.503069],[-87.288239,45.500897],[-87.29,45.499864],[-87.292239,45.498512],[-87.29315,45.496569],[-87.294494,45.494387],[-87.297457,45.491175],[-87.298808,45.488733],[-87.303391,45.484201],[-87.304919,45.482944],[-87.306382,45.479743],[-87.306122,45.475513],[-87.306967,45.473364],[-87.309957,45.470255],[-87.312405,45.468917],[-87.316104,45.467456],[-87.319703,45.464929],[-87.321397,45.462697],[-87.321911,45.459739],[-87.323535,45.456652],[-87.325191,45.453199],[-87.328277,45.452696],[-87.333147,45.447208],[-87.334249,45.442315],[-87.333775,45.436631],[-87.330621,45.432601],[-87.32641,45.429911],[-87.327749,45.425307],[-87.333688,45.419522],[-87.336152,45.41536],[-87.350929,45.409815],[-87.3514056107981,45.4094928121334],[-87.356466,45.406072],[-87.358704,45.404287],[-87.3621,45.391871],[-87.364368,45.388532],[-87.366861,45.388115],[-87.368942,45.38725],[-87.370627,45.384917],[-87.372148,45.381853],[-87.373814,45.379753],[-87.377065,45.379072],[-87.382085,45.376027],[-87.384589686098,45.3745703654691],[-87.386229,45.373617],[-87.388588,45.37218],[-87.3886507026266,45.3721308608951],[-87.392143,45.369394],[-87.3934118868751,45.3677785747069],[-87.393831,45.367245],[-87.394775,45.364492],[-87.394094,45.36265],[-87.393579,45.357917],[-87.393353,45.355333],[-87.393835,45.353286],[-87.395725,45.349527],[-87.397509,45.348453],[-87.398287,45.349185],[-87.399973,45.349322],[-87.403215,45.34834],[-87.405291,45.347175],[-87.408288,45.344327],[-87.409952,45.34234],[-87.410125,45.339814],[-87.409704,45.33723],[-87.4089018468395,45.334876],[-87.408863,45.334762],[-87.407989,45.332887],[-87.409221,45.331264],[-87.410972,45.330464],[-87.413079,45.330487],[-87.414667,45.330145],[-87.42021,45.326693],[-87.421961,45.325939],[-87.423614,45.324042],[-87.426305,45.320749],[-87.427503,45.320818],[-87.431684,45.316383],[-87.432429,45.313045],[-87.437257,45.3055],[-87.437646,45.302651],[-87.436836,45.299693],[-87.436412,45.296187],[-87.436508,45.294382],[-87.439128,45.293523],[-87.443335,45.291399],[-87.456336,45.280429],[-87.461154,45.277538],[-87.464633,45.274533],[-87.468012,45.270559],[-87.469311,45.266827],[-87.472984,45.26185],[-87.475678,45.260879],[-87.478105,45.25844],[-87.484533,45.2536],[-87.491636,45.245451],[-87.498356,45.239664],[-87.5057739207003,45.2314862465069],[-87.512336,45.224252],[-87.511885,45.222332],[-87.512502,45.219931],[-87.514247,45.220092],[-87.517031,45.21847],[-87.520799,45.214264],[-87.52441,45.212116],[-87.53292,45.206334],[-87.5358,45.20302],[-87.536286,45.200756],[-87.537732,45.197124],[-87.539748,45.19415],[-87.541397,45.194265],[-87.54476,45.193351],[-87.548964,45.191591],[-87.552893,45.189546],[-87.554429,45.188208],[-87.557307,45.187499],[-87.563417,45.18407],[-87.563837,45.182675],[-87.567426,45.179996],[-87.568783,45.176776],[-87.5705104813621,45.1749043467676],[-87.573468,45.1717],[-87.576442,45.171448],[-87.578251,45.171105],[-87.585651,45.166394],[-87.588055,45.163291],[-87.588401,45.16114],[-87.587458,45.160335],[-87.586068,45.158644],[-87.590332,45.155647],[-87.592336,45.155395],[-87.59517,45.15253],[-87.597374,45.152307],[-87.5985707485713,45.1514079671594],[-87.599814,45.150474],[-87.600796,45.146842],[-87.599307,45.143001],[-87.598497,45.14114],[-87.596688,45.140441],[-87.595912,45.139161],[-87.597838,45.138175],[-87.598139,45.136165],[-87.599134,45.135822],[-87.601337,45.136919],[-87.602366,45.137535],[-87.605084,45.137077],[-87.607183,45.135522],[-87.608054,45.133555],[-87.60928,45.13232],[-87.60974,45.130819],[-87.608824,45.127428],[-87.607918,45.12608],[-87.609339,45.125622],[-87.611003,45.124984],[-87.612019,45.123377],[-87.610886,45.119994],[-87.6108703075029,45.1196243941394],[-87.610759924869,45.1170245486203],[-87.610754,45.116885],[-87.610658633281,45.1165007323393],[-87.6101317397811,45.1143776842282],[-87.610073,45.114141],[-87.6048917386017,45.1083470243783],[-87.60012,45.103011],[-87.597665,45.1013018023064],[-87.5956749837561,45.0999163313597],[-87.591015,45.096672],[-87.592192,45.094762],[-87.6123402309166,45.0994669513464],[-87.614897,45.100064],[-87.6192367460789,45.1015737299008],[-87.621609,45.102399],[-87.626522703213,45.1031558944263],[-87.62764,45.103328],[-87.628829,45.104039],[-87.629571,45.105324],[-87.631535,45.106224],[-87.634801,45.105715],[-87.6357748377114,45.1059485422624],[-87.6357883851383,45.1059517911577],[-87.638287,45.106551],[-87.645757,45.106124],[-87.648191,45.106368],[-87.651412,45.108558],[-87.654452,45.108332],[-87.657135,45.107568],[-87.659952,45.107512],[-87.661211,45.108279],[-87.6612265527174,45.1090634058765],[-87.661296,45.112566],[-87.662087985458,45.1133221101264],[-87.6644482943861,45.1155755018571],[-87.6658654844905,45.11692849613],[-87.667102,45.118109],[-87.671,45.120069],[-87.672447,45.121294],[-87.674127,45.123858],[-87.674499,45.126566],[-87.675326,45.127545],[-87.678209,45.130084],[-87.678511,45.131204],[-87.676024,45.134089],[-87.675816,45.135059],[-87.677362,45.136795],[-87.680375,45.139637],[-87.681327,45.141381],[-87.683902,45.144135],[-87.688425,45.147433],[-87.692375,45.149505],[-87.695055,45.150522],[-87.700618,45.151188],[-87.703492,45.152206],[-87.707391,45.154679],[-87.708134,45.156004],[-87.708201,45.157688],[-87.710108,45.159013],[-87.711322,45.158946],[-87.717945,45.161156],[-87.723121,45.165141],[-87.724601,45.167452],[-87.727768,45.169596],[-87.730866,45.170913],[-87.735135,45.171538],[-87.736104,45.172244],[-87.736509,45.173389],[-87.73521,45.177642],[-87.736506,45.181457],[-87.737686,45.183771],[-87.737494,45.18611],[-87.739471,45.190497],[-87.739051,45.192396],[-87.739495,45.193666],[-87.741158,45.195147],[-87.741805,45.197051],[-87.741732,45.198201],[-87.7407496908103,45.1999222337363],[-87.739492,45.202126],[-87.736339,45.204653],[-87.734594,45.205654],[-87.72796,45.207956],[-87.726198,45.209391],[-87.726175,45.21264],[-87.727276,45.216129],[-87.726952,45.218949],[-87.722473,45.223309],[-87.721354,45.226847],[-87.721935,45.228444],[-87.72492,45.229977],[-87.725205,45.231539],[-87.724156,45.233236],[-87.719974,45.235844],[-87.718264,45.238333],[-87.717051,45.238743],[-87.713398,45.238564],[-87.712184,45.239014],[-87.711339,45.239965],[-87.71148,45.245224],[-87.710226,45.247692],[-87.7100608362947,45.2484479198936],[-87.709933,45.249033],[-87.711204,45.251076],[-87.711131,45.252928],[-87.709145,45.254649],[-87.708922,45.257104],[-87.707779,45.258343],[-87.709815,45.258457],[-87.71045,45.259324],[-87.709137,45.260341],[-87.705781,45.264037],[-87.705837,45.265875],[-87.704858,45.266492],[-87.703053,45.267041],[-87.69878,45.26942],[-87.698456,45.272072],[-87.699109,45.274963],[-87.699492,45.276659],[-87.697539,45.278471],[-87.698583,45.279991],[-87.698248,45.281512],[-87.696478,45.283795],[-87.694922,45.28485],[-87.693468,45.287675],[-87.691586,45.288739],[-87.690364,45.29027],[-87.6901923100599,45.2906405569311],[-87.687578,45.296283],[-87.687498,45.298055],[-87.68404,45.301255],[-87.68033,45.3028],[-87.679731,45.304844],[-87.679085,45.305841],[-87.675328,45.307907],[-87.673653,45.307546],[-87.671935,45.308204],[-87.672669,45.310213],[-87.67133,45.311782],[-87.669356,45.313445],[-87.667423,45.31636],[-87.665243,45.317115],[-87.663666,45.318257],[-87.6615,45.321386],[-87.6619927069787,45.3260876726439],[-87.662029,45.326434],[-87.661603,45.327608],[-87.65983,45.329144],[-87.655775,45.330847],[-87.653794,45.333061],[-87.651798,45.336414],[-87.648975,45.338166],[-87.648126,45.339396],[-87.647798,45.342245],[-87.648237,45.343292],[-87.647454,45.345232],[-87.647518,45.34651],[-87.648128,45.34788],[-87.647729,45.350721],[-87.648476,45.352243],[-87.650661,45.353798],[-87.653568,45.354204],[-87.656632,45.358617],[-87.655807,45.362706],[-87.656938,45.364568],[-87.656624,45.367295],[-87.657349,45.368752],[-87.658698,45.369723],[-87.673513,45.376946],[-87.674403,45.378065],[-87.67455,45.381649],[-87.675017,45.382454],[-87.676466,45.383219],[-87.682866,45.38495],[-87.685934,45.388711],[-87.690281,45.389822],[-87.693956,45.389893],[-87.6987079799015,45.3882935491377],[-87.699797,45.387927],[-87.704337,45.385462],[-87.706767,45.383827],[-87.708329,45.381218],[-87.71361,45.37909],[-87.718891,45.377462],[-87.733409,45.364432],[-87.737801,45.359635],[-87.738352,45.358243],[-87.738457,45.357156],[-87.739634,45.35644],[-87.744956,45.356559],[-87.750928,45.355037],[-87.751626,45.354169],[-87.751452,45.351755],[-87.754104,45.349442],[-87.762128,45.348401],[-87.769172,45.351195],[-87.771384,45.35121],[-87.773901,45.351226],[-87.781532,45.349695],[-87.783076,45.349725],[-87.787967,45.352612],[-87.790324,45.353444],[-87.800464,45.353608],[-87.810076,45.351269],[-87.8141665769605,45.3517051555576],[-87.823028,45.35265],[-87.823554,45.351637],[-87.824855,45.350713],[-87.826918,45.350538],[-87.829775,45.352005],[-87.832612,45.352249],[-87.835303,45.35098],[-87.836782,45.346451],[-87.838141,45.345101],[-87.848368,45.340676],[-87.850133,45.340435],[-87.851318,45.341346],[-87.851475,45.342335],[-87.849899,45.344651],[-87.850418,45.347492],[-87.852784,45.349497],[-87.858617,45.350378],[-87.860871,45.351192],[-87.863489,45.35302],[-87.864873,45.354767],[-87.865763,45.35628],[-87.865675,45.358213],[-87.865163,45.361115],[-87.865999,45.363194],[-87.868177,45.365365],[-87.870238,45.366436],[-87.87295,45.366526],[-87.875111,45.365947],[-87.875797,45.365314],[-87.87567,45.364228],[-87.871204,45.360056],[-87.870084,45.359022],[-87.869613,45.357481],[-87.870367,45.356267],[-87.871685,45.355729],[-87.87546,45.354626],[-87.877461,45.352832],[-87.879835,45.35149],[-87.881114,45.351278],[-87.88517,45.351736],[-87.886949,45.35311],[-87.888052,45.354697],[-87.887828,45.358122]]]}},{"type":"Feature","id":"39077","properties":{"id":"39077","FIPS":"39077","stateFIPS":"39","name":"Huron","state":"OH","sourceId":"census-counties-2024"},"geometry":{"type":"Polygon","coordinates":[[[-82.841475,41.290023],[-82.835828,41.289835],[-82.830424,41.289705],[-82.827193,41.289628],[-82.823327,41.289534],[-82.823242,41.289531],[-82.783919,41.288658],[-82.74238,41.287926],[-82.742194,41.287923],[-82.727127,41.287679],[-82.680813,41.287095],[-82.661049,41.28662],[-82.655004,41.286685],[-82.642669,41.286476],[-82.642364,41.286474],[-82.642288,41.286474],[-82.63513,41.286642],[-82.623304,41.28623],[-82.612124,41.286328],[-82.605639,41.286318],[-82.596484,41.286301],[-82.585862,41.286282],[-82.561883,41.285971],[-82.5526,41.285826],[-82.543744,41.285664],[-82.542409,41.285684],[-82.539417,41.285642],[-82.492024,41.284838],[-82.442548,41.283874],[-82.435716,41.283891],[-82.412715,41.283925],[-82.399249,41.283989],[-82.384555,41.284057],[-82.342337,41.284244],[-82.342177,41.276154],[-82.341663,41.257257],[-82.340324,41.211282],[-82.340345,41.206458],[-82.34038,41.200741],[-82.340627,41.197226],[-82.341285,41.187947],[-82.34109,41.173834],[-82.340616,41.137899],[-82.340297,41.129456],[-82.337969,41.115816],[-82.336496,41.065761],[-82.358162,41.065718],[-82.375958,41.065679],[-82.396686,41.065612],[-82.398276,41.065604],[-82.41404,41.065511],[-82.417082,41.065486],[-82.424905,41.065426],[-82.436916,41.065379],[-82.436911,41.065342],[-82.436766,41.062394],[-82.435931,41.04714],[-82.432852,40.992944],[-82.445398,40.99294],[-82.449742,40.992932],[-82.477569,40.992917],[-82.496595,40.993036],[-82.534181,40.993474],[-82.571911,40.994057],[-82.581315,40.994187],[-82.582283,40.994196],[-82.630592,40.99464],[-82.639332,40.994752],[-82.648876,40.994896],[-82.654378,40.994977],[-82.654745,40.994983],[-82.686759,40.995398],[-82.688134,40.995416],[-82.696279,40.995456],[-82.70165,40.995458],[-82.724792,40.995638],[-82.730226,40.995666],[-82.762548,40.99583],[-82.796424,40.99614],[-82.798077,40.996149],[-82.804834,40.996242],[-82.820318,40.996476],[-82.829512,40.996624],[-82.829617,40.999622],[-82.829715,41.002218],[-82.831812,41.057409],[-82.832175,41.070294],[-82.832577,41.078303],[-82.832707,41.080546],[-82.835458,41.144053],[-82.836495,41.16757],[-82.836735,41.175188],[-82.837189,41.186374],[-82.837305,41.189139],[-82.837866,41.202482],[-82.838538,41.216999],[-82.839781,41.246384],[-82.840047,41.253889],[-82.840087,41.255337],[-82.840131,41.257004],[-82.840484,41.265124],[-82.840663,41.270427],[-82.840775,41.273669],[-82.840825,41.274985],[-82.841272,41.285652],[-82.841406,41.288575],[-82.841444,41.289325],[-82.841475,41.290023]]]}},{"type":"Feature","id":"39065","properties":{"id":"39065","FIPS":"39065","stateFIPS":"39","name":"Hardin","state":"OH","sourceId":"census-counties-2024"},"geometry":{"type":"Polygon","coordinates":[[[-83.880194,40.64469],[-83.880055,40.674596],[-83.879834,40.732443],[-83.879901,40.7472],[-83.879916,40.761709],[-83.880012,40.790948],[-83.880063,40.819919],[-83.871001,40.819908],[-83.774815,40.819328],[-83.766305,40.819258],[-83.727869,40.819342],[-83.699243,40.81959],[-83.689584,40.819591],[-83.670526,40.819542],[-83.651426,40.819487],[-83.614405,40.819231],[-83.580716,40.818926],[-83.576564,40.818879],[-83.55661,40.818481],[-83.520248,40.818186],[-83.515883,40.818134],[-83.515189,40.818128],[-83.502142,40.818035],[-83.496296,40.81794],[-83.496629,40.801992],[-83.496807,40.730474],[-83.495671,40.73047],[-83.495736,40.723457],[-83.495832,40.708815],[-83.495704,40.701489],[-83.477863,40.701469],[-83.459414,40.70214],[-83.440169,40.702201],[-83.440278,40.687611],[-83.419836,40.686823],[-83.419782,40.645343],[-83.419828,40.643573],[-83.420251,40.613982],[-83.420208,40.607375],[-83.420116,40.600196],[-83.419874,40.586367],[-83.418471,40.566824],[-83.417965,40.556202],[-83.415624,40.515366],[-83.417459,40.509361],[-83.417874,40.508861],[-83.41867,40.505229],[-83.520227,40.504077],[-83.519727,40.509623],[-83.539391,40.510918],[-83.562147,40.512518],[-83.562235,40.512527],[-83.572817,40.513165],[-83.576206,40.51327],[-83.578545,40.513482],[-83.599852,40.514908],[-83.602194,40.515061],[-83.624224,40.516489],[-83.624936,40.516595],[-83.633819,40.517154],[-83.636268,40.517308],[-83.68613,40.520324],[-83.715549,40.52202],[-83.722415,40.522413],[-83.768753,40.525277],[-83.795673,40.526894],[-83.814623,40.527993],[-83.819623,40.528393],[-83.830511,40.529014],[-83.855915,40.530438],[-83.856002,40.530444],[-83.859178,40.530652],[-83.880001,40.531893],[-83.880039,40.538694],[-83.880174,40.5656],[-83.880168,40.579353],[-83.880338,40.593942],[-83.880194,40.64469]]]}},{"type":"Feature","id":"26051","properties":{"id":"26051","FIPS":"26051","stateFIPS":"26","name":"Gladwin","state":"MI","sourceId":"census-counties-2024"},"geometry":{"type":"Polygon","coordinates":[[[-84.608104,44.160482],[-84.487295,44.160491],[-84.368039,44.160538],[-84.355981,44.160733],[-84.288746,44.16131],[-84.266821,44.161472],[-84.246596,44.161663],[-84.166107,44.161788],[-84.166518,44.126664],[-84.166576,44.120394],[-84.16645,44.083059],[-84.166377,43.996901],[-84.166016,43.933496],[-84.165904,43.9122],[-84.166012,43.898312],[-84.166509,43.869495],[-84.167318,43.825902],[-84.173102,43.82588],[-84.207276,43.826785],[-84.288196,43.827635],[-84.328167,43.828174],[-84.348899,43.828264],[-84.366511,43.828434],[-84.366676,43.81356],[-84.38661,43.813647],[-84.45398,43.814335],[-84.486083,43.81457],[-84.546121,43.814901],[-84.606037,43.815365],[-84.606468,43.901848],[-84.606451,43.929489],[-84.606338,43.930451],[-84.606303,43.944809],[-84.606192,43.988782],[-84.606427,44.003183],[-84.606542,44.017582],[-84.606737,44.057607],[-84.606917,44.075916],[-84.607121,44.130575],[-84.607241,44.134592],[-84.608104,44.160482]]]}},{"type":"Feature","id":"39171","properties":{"id":"39171","FIPS":"39171","stateFIPS":"39","name":"Williams","state":"OH","sourceId":"census-counties-2024"},"geometry":{"type":"Polygon","coordinates":[[[-84.8060496362353,41.6890639126921],[-84.805972,41.696118],[-84.749955,41.698245],[-84.747530824296,41.6982967498648],[-84.7087109746989,41.6991254529846],[-84.6894445052587,41.6995367421446],[-84.6701819807137,41.6999479470913],[-84.5803148602462,41.7018663770664],[-84.5727913052094,41.7020269854561],[-84.4759390099525,41.7040945307986],[-84.4759235258818,41.7040948613434],[-84.4664314047729,41.7042974935138],[-84.456869016649,41.7045016257027],[-84.438067,41.704903],[-84.3995471043526,41.7058604309323],[-84.399155,41.674727],[-84.399242,41.673159],[-84.398613,41.636946],[-84.398375,41.61698],[-84.381312,41.61673],[-84.3812,41.60192],[-84.380988,41.586462],[-84.380895,41.572016],[-84.380719,41.521249],[-84.380735,41.513942],[-84.342051,41.514107],[-84.341902,41.485519],[-84.341892,41.462304],[-84.341664,41.427568],[-84.395352,41.427495],[-84.401969,41.427329],[-84.40996,41.427472],[-84.428666,41.427272],[-84.459045,41.427189],[-84.459224,41.42719],[-84.479066,41.427152],[-84.497925,41.427152],[-84.552029,41.426973],[-84.573621,41.42694],[-84.646008,41.426734],[-84.670052,41.426677],[-84.690889,41.42645],[-84.69924,41.426381],[-84.719854,41.426279],[-84.749014,41.426147],[-84.804063,41.426051],[-84.804024,41.436852],[-84.8040728882055,41.4447887526322],[-84.8041978125184,41.4650695822936],[-84.80434,41.488153],[-84.804484,41.500348],[-84.8045478568261,41.5129088482139],[-84.804575,41.518248],[-84.8046882846078,41.530134018066],[-84.80469,41.530314],[-84.8048285961219,41.5418776692472],[-84.8053488313632,41.5852831280598],[-84.805664,41.611579],[-84.8056697629066,41.6164391473138],[-84.8056729896457,41.6191604177098],[-84.805684,41.628446],[-84.805862,41.640136],[-84.8059901166025,41.6528546188034],[-84.806209,41.674584],[-84.8060496362353,41.6890639126921]]]}},{"type":"Feature","id":"26099","properties":{"id":"26099","FIPS":"26099","stateFIPS":"26","name":"Macomb","state":"MI","sourceId":"census-counties-2024"},"geometry":{"type":"Polygon","coordinates":[[[-83.102891,42.888647],[-83.04297,42.890195],[-83.023573,42.890543],[-83.003,42.893181],[-82.990032,42.893624],[-82.983647,42.893741],[-82.924998,42.894634],[-82.865664,42.895246],[-82.838387,42.895343],[-82.829308,42.895432],[-82.799543,42.895734],[-82.778955,42.896152],[-82.759092,42.896814],[-82.73901,42.897541],[-82.738322,42.887528],[-82.738037,42.883393],[-82.737564,42.875634],[-82.737083,42.868314],[-82.736277,42.854376],[-82.736375,42.853624],[-82.73435,42.81406],[-82.734166,42.809556],[-82.733902,42.804135],[-82.733357,42.792729],[-82.731992,42.765333],[-82.731646,42.758373],[-82.731629,42.758052],[-82.731295,42.750604],[-82.730582,42.733631],[-82.729964,42.720843],[-82.729277,42.706059],[-82.719664,42.703042],[-82.723317,42.700441],[-82.7087,42.688529],[-82.705966,42.68631],[-82.7053749533025,42.6866870626306],[-82.706768,42.685299],[-82.709079,42.683606],[-82.719308,42.683742],[-82.726366,42.682768],[-82.7274588416561,42.6822034493837],[-82.731339,42.680199],[-82.7326748673058,42.6789223544224],[-82.7347,42.676987],[-82.735674,42.675646],[-82.734135,42.674054],[-82.7342454917594,42.67395744489],[-82.735459,42.672897],[-82.7364243827586,42.672897],[-82.7378022380952,42.672897],[-82.741792,42.672897],[-82.742454,42.673699],[-82.746988,42.672793],[-82.753317,42.669732],[-82.7533672668026,42.6696957220834],[-82.756635,42.6673373752964],[-82.757956,42.666384],[-82.760052,42.66383],[-82.75985,42.660283],[-82.760265,42.656572],[-82.76253,42.656596],[-82.763472,42.655873],[-82.765583,42.655725],[-82.7659570345858,42.6556568152175],[-82.773965,42.654197],[-82.780817,42.652232],[-82.785244399198,42.6533387543896],[-82.7919892266579,42.6550248159045],[-82.792418,42.655132],[-82.797318,42.654032],[-82.805609,42.648765],[-82.8074562358435,42.6460749976526],[-82.807928,42.645388],[-82.809155375164,42.6443878758726],[-82.8129722955237,42.6412776661699],[-82.813518,42.640833],[-82.818136562412,42.6310349922334],[-82.820402,42.626229],[-82.820667,42.615265],[-82.812266,42.61067],[-82.8046278813871,42.6083742907994],[-82.794009031691,42.60518269452],[-82.7929097562958,42.6048522968439],[-82.792606,42.604761],[-82.791898,42.603812],[-82.793148,42.600028],[-82.79072,42.596026],[-82.7884029588855,42.5955235785343],[-82.787501,42.595328],[-82.781475,42.596098],[-82.776445,42.596071],[-82.7755246201239,42.5944524539356],[-82.775248,42.593966],[-82.77221,42.593392],[-82.771519,42.592744],[-82.772199,42.591896],[-82.773994,42.591798],[-82.778671,42.59358],[-82.783759,42.593306],[-82.786823,42.592249],[-82.787298,42.588312],[-82.78879,42.586925],[-82.788837,42.584603],[-82.785394,42.57888],[-82.78461,42.574206],[-82.781616,42.570661],[-82.7831848635033,42.5681419043975],[-82.783376,42.567835],[-82.7830997888638,42.5669733475885],[-82.782414,42.564834],[-82.7829680951492,42.5645173742004],[-82.784514,42.563634],[-82.7861423052126,42.5653331010914],[-82.789114,42.568434],[-82.796715,42.571034],[-82.8030344217955,42.571186923494],[-82.810104,42.571358],[-82.8102253362127,42.5712992797659],[-82.8129413878685,42.5699848561051],[-82.813094,42.569911],[-82.8132595250689,42.5698996445789],[-82.816228,42.569696],[-82.8180443663497,42.5700897736573],[-82.8191883944005,42.5703377897635],[-82.821016,42.570734],[-82.8210707932249,42.5707220243596],[-82.832975429376,42.5681201398674],[-82.834216,42.567849],[-82.835823815885,42.5667564797584],[-82.8366432079227,42.5661996981048],[-82.8375824320615,42.565561489842],[-82.8390990588402,42.5645309331282],[-82.8410656017112,42.563194655814],[-82.841096,42.563174],[-82.8416458688315,42.5629355259266],[-82.845085,42.561444],[-82.8455637803951,42.5607978558128],[-82.849316,42.555734],[-82.8491497341627,42.5548952592607],[-82.8487324468739,42.5527902216001],[-82.848643,42.552339],[-82.849885,42.549789],[-82.859316,42.541935],[-82.8606884149699,42.5403652891067],[-82.8625875605325,42.538193125772],[-82.86799602516,42.5320071499353],[-82.8693997903585,42.5304015819606],[-82.870731,42.528879],[-82.8707081694408,42.5283386767667],[-82.8706215075251,42.5262876780936],[-82.8706081682574,42.5259719820914],[-82.870605,42.525897],[-82.8710005682367,42.5256518328063],[-82.874196472991,42.5236710595107],[-82.874416,42.523535],[-82.8750850766627,42.52162940191],[-82.8754385654036,42.5206226301796],[-82.8789284898432,42.5106829719655],[-82.8789644486864,42.5105805575388],[-82.8800220755749,42.5075683290588],[-82.882316,42.501035],[-82.8823512491791,42.5002895061685],[-82.8823887922508,42.4994954982191],[-82.8825034828725,42.4970698771601],[-82.882506372295,42.4970087680288],[-82.8825240285119,42.4966353522182],[-82.882718,42.492533],[-82.8810600551821,42.4920464491952],[-82.8794931908274,42.49158662743],[-82.879106,42.491473],[-82.879174,42.490164],[-82.882705,42.489819],[-82.88329,42.487097],[-82.882509443075,42.486194085503],[-82.881625,42.485171],[-82.8833307225495,42.4841388191752],[-82.88338,42.484109],[-82.883335,42.479694],[-82.8834450978563,42.4793623248942],[-82.8841107874124,42.4773569029785],[-82.884371,42.476573],[-82.8820501003189,42.4758234457188],[-82.881383,42.475608],[-82.881336,42.474314],[-82.8800898467229,42.4736397472292],[-82.877026,42.471982],[-82.8765000470098,42.4676655961081],[-82.8759763774847,42.4633679322124],[-82.87559,42.460197],[-82.8743058369551,42.4584116743147],[-82.873166,42.456827],[-82.871598349763,42.4561584529963],[-82.8687816402156,42.4549572266743],[-82.86842,42.454803],[-82.868158,42.453342],[-82.8702390040923,42.4510090698755],[-82.877182,42.450955],[-82.883986,42.450908],[-82.891833,42.450892],[-82.899175,42.450845],[-82.904734,42.450774],[-82.910722,42.450772],[-82.914608,42.450731],[-82.917391,42.450718],[-82.917792,42.450705],[-82.928579,42.45062],[-82.933975,42.450421],[-82.935403,42.450159],[-82.936831,42.450284],[-82.940741,42.450224],[-82.941283,42.45023],[-82.942995,42.450199],[-82.946055,42.450228],[-82.955483,42.450063],[-82.95621,42.450048],[-82.957706,42.450026],[-82.966093,42.449886],[-82.967938,42.449836],[-82.971041,42.449665],[-82.978318,42.449465],[-82.985659,42.44928],[-82.994199,42.449087],[-83.002698,42.448901],[-83.005185,42.448819],[-83.005534,42.448806],[-83.007274,42.448725],[-83.024745,42.448159],[-83.034519,42.447936],[-83.039417,42.447874],[-83.044282,42.447765],[-83.054057,42.447507],[-83.059862,42.447366],[-83.061678,42.447318],[-83.063877,42.447258],[-83.071046,42.447175],[-83.081037,42.447055],[-83.083393,42.447153],[-83.083499,42.449139],[-83.083696,42.455016],[-83.083699,42.455071],[-83.083958,42.461825],[-83.084172,42.465448],[-83.084369,42.469044],[-83.084523,42.476345],[-83.084836,42.483849],[-83.084846,42.484132],[-83.085122,42.49076],[-83.085356,42.498046],[-83.085482,42.501613],[-83.085625,42.505205],[-83.085924,42.512106],[-83.085946,42.512614],[-83.086246,42.520018],[-83.086464,42.525258],[-83.086882,42.534792],[-83.087276,42.539324],[-83.087406,42.540709],[-83.087637,42.543337],[-83.088157,42.549379],[-83.088618,42.56036],[-83.088776,42.563843],[-83.088786,42.56411],[-83.08905,42.570721],[-83.089068,42.571081],[-83.089366,42.57845],[-83.08961,42.585061],[-83.089677,42.586832],[-83.0899,42.593009],[-83.090185,42.597876],[-83.090687,42.60747],[-83.091026,42.614307],[-83.091039,42.614622],[-83.091449,42.624208],[-83.091789,42.63149],[-83.091795,42.631611],[-83.092151,42.638772],[-83.092491,42.646016],[-83.092833,42.653335],[-83.09314,42.660336],[-83.093458,42.66782],[-83.093492,42.671311],[-83.093706,42.67361],[-83.093962,42.673709],[-83.093791,42.674745],[-83.094156,42.6825],[-83.094793,42.696985],[-83.095039,42.70407],[-83.095441,42.712499],[-83.096669,42.74154],[-83.096835,42.743102],[-83.097629,42.763296],[-83.098,42.770547],[-83.098363,42.777889],[-83.099432,42.80055],[-83.100531,42.829654],[-83.101426,42.851566],[-83.101755,42.858715],[-83.102043,42.865603],[-83.102092,42.869439],[-83.102229,42.87321],[-83.102891,42.888647]]]}},{"type":"Feature","id":"26147","properties":{"id":"26147","FIPS":"26147","stateFIPS":"26","name":"St. Clair","state":"MI","sourceId":"census-counties-2024"},"geometry":{"type":"Polygon","coordinates":[[[-82.996257,43.154099],[-82.943649,43.15554],[-82.877221,43.157212],[-82.859895,43.15767],[-82.834982,43.158258],[-82.820401,43.158653],[-82.790861,43.159497],[-82.761106,43.160477],[-82.741934,43.161082],[-82.702319,43.162298],[-82.693459,43.162554],[-82.682675,43.162884],[-82.677971,43.163018],[-82.673609,43.163119],[-82.653134,43.163714],[-82.643281,43.163998],[-82.544925,43.16751],[-82.524975,43.168226],[-82.505367,43.168849],[-82.5034284253741,43.1689337555037],[-82.503212,43.168045],[-82.501348,43.16468],[-82.501656,43.161656],[-82.494194,43.143736],[-82.4939769635557,43.1421861900385],[-82.4930213965414,43.1353626941859],[-82.4909794822973,43.1207818294547],[-82.490614,43.118172],[-82.4905819703845,43.1181067037995],[-82.489397,43.115691],[-82.487282,43.112769],[-82.4867910568676,43.1086977352984],[-82.486042,43.102486],[-82.4823224001408,43.0982960204427],[-82.4817345656458,43.0976338485397],[-82.476537,43.091779],[-82.471053,43.087581],[-82.4691408927658,43.0833817644997],[-82.467229,43.079183],[-82.4662211992653,43.0768020525334],[-82.4651181373089,43.0741960487075],[-82.463083,43.069388],[-82.4625478524187,43.0686482693873],[-82.457221,43.061285],[-82.4507348770602,43.0512470810719],[-82.4435490957642,43.0401263714042],[-82.4434302275938,43.039942411114],[-82.4406502943252,43.0356401885019],[-82.440393,43.035242],[-82.4328967072972,43.0256280591403],[-82.432145,43.024664],[-82.430302,43.02138],[-82.42654,43.01724],[-82.4254245285466,43.0149949106728],[-82.424411,43.012955],[-82.422278,43.0057],[-82.4222604048521,43.005682006061],[-82.4218804557888,43.0052934455148],[-82.4214500410744,43.0048532755219],[-82.419366,43.002722],[-82.422586,43.000029],[-82.4233447548992,42.9987670272739],[-82.424421,42.996977],[-82.424969,42.993383],[-82.423086,42.988728],[-82.4210718294873,42.9852146237539],[-82.420485,42.984191],[-82.4181490075956,42.9820766711084],[-82.414183,42.978487],[-82.413474,42.976887],[-82.4151494705325,42.9716115527884],[-82.4164619228173,42.9674791179817],[-82.416737,42.966613],[-82.422923,42.958995],[-82.424034,42.958552],[-82.428603,42.952001],[-82.437193861138,42.9453980990692],[-82.4431446116277,42.9408243764451],[-82.447142,42.937752],[-82.4476454290236,42.9370964971702],[-82.45562,42.926713],[-82.464163,42.901058],[-82.4678110313374,42.8924287465372],[-82.469912,42.887459],[-82.470032,42.881421],[-82.4697106454828,42.877463657452],[-82.46822,42.859107],[-82.46891,42.851557],[-82.4716065745245,42.8409930924289],[-82.472681,42.836784],[-82.4780253801558,42.826383131286],[-82.47864,42.825187],[-82.47983361153,42.8193837024707],[-82.480299,42.817121],[-82.481771,42.813168],[-82.482574,42.808644],[-82.4821126306781,42.806805606172],[-82.481597,42.804751],[-82.480394,42.802272],[-82.472163,42.785989],[-82.470364,42.782827],[-82.470164,42.78055],[-82.467045,42.768747],[-82.467776,42.761397],[-82.4711929761932,42.7552817312475],[-82.483385,42.733462],[-82.4835398355223,42.7285193947312],[-82.4838642885204,42.7181623198509],[-82.48387,42.71798],[-82.4937940230501,42.7019488858421],[-82.494491,42.700823],[-82.4969313948022,42.6954423544129],[-82.510944,42.664547],[-82.5105271039967,42.6532866761371],[-82.509935,42.637294],[-82.511558735612,42.6329981759088],[-82.5156237104077,42.6222437054591],[-82.518782,42.613888],[-82.523337,42.607486],[-82.525374,42.605653],[-82.548169,42.591848],[-82.549717,42.590338],[-82.55429,42.584603],[-82.558486,42.580991],[-82.569931,42.572882],[-82.5721633655066,42.5711770599303],[-82.577702,42.566947],[-82.579569,42.565306],[-82.583996,42.554041],[-82.590325,42.550918],[-82.605742,42.548167],[-82.609136,42.549011],[-82.611059,42.550419],[-82.617086,42.554718],[-82.62433,42.557134],[-82.633724,42.556802],[-82.641218,42.554919],[-82.64307,42.554321],[-82.653254,42.547687],[-82.662354,42.541266],[-82.667538,42.533686],[-82.679059,42.52221],[-82.680699,42.523182],[-82.681531,42.530364],[-82.679522,42.53552],[-82.670956,42.537989],[-82.664335,42.546244],[-82.651226,42.553304],[-82.64885,42.556193],[-82.647899,42.559345],[-82.652771,42.564771],[-82.656931,42.56766],[-82.661328,42.568623],[-82.666913,42.566697],[-82.675945,42.561533],[-82.680758,42.557909],[-82.683313,42.555493],[-82.685096,42.55558],[-82.684383,42.557944],[-82.685928,42.560132],[-82.692701,42.557944],[-82.694062,42.558562],[-82.689609,42.559823],[-82.687571,42.566091],[-82.68461,42.568639],[-82.680963,42.570284],[-82.681036,42.574695],[-82.675113,42.579299],[-82.670716,42.576937],[-82.667507,42.578774],[-82.667864,42.581137],[-82.661684,42.581574],[-82.660139,42.584724],[-82.658119,42.590849],[-82.656455,42.592424],[-82.660734,42.595923],[-82.669528,42.593211],[-82.67238,42.596098],[-82.677133,42.597411],[-82.687354,42.589274],[-82.701152,42.585991],[-82.711151,42.590884],[-82.713042,42.597904],[-82.700818,42.606687],[-82.687116,42.60642],[-82.683482,42.609433],[-82.679391,42.612281],[-82.676539,42.61298],[-82.676183,42.616216],[-82.679273,42.617353],[-82.681593,42.618672],[-82.68367,42.623037],[-82.690124,42.625033],[-82.689836,42.627148],[-82.675351,42.62671],[-82.672261,42.626098],[-82.667983,42.625223],[-82.665487,42.624174],[-82.66418,42.629508],[-82.664655,42.632131],[-82.669103,42.637225],[-82.668116,42.639192],[-82.666657,42.640017],[-82.661812,42.635595],[-82.660207043302,42.6382618871522],[-82.658951,42.640349],[-82.655861,42.647342],[-82.65289,42.650577],[-82.648612,42.649003],[-82.642313,42.644283],[-82.638986,42.639999],[-82.635349,42.639975],[-82.630922,42.64211],[-82.626396,42.647385],[-82.623043,42.655951],[-82.6237659062038,42.6650055440165],[-82.623797,42.665395],[-82.630851,42.673341],[-82.635262,42.675552],[-82.641479,42.675095],[-82.644473,42.675899],[-82.647975,42.675225],[-82.650148,42.674245],[-82.653241,42.672232],[-82.659781,42.678618],[-82.6661970765082,42.6823470735585],[-82.6687542156524,42.6838333027137],[-82.6691216338615,42.6840468490339],[-82.674287,42.687049],[-82.679583,42.688724],[-82.6855,42.690036],[-82.6887126128127,42.6901085100075],[-82.696222,42.690278],[-82.698430704052,42.6899379844036],[-82.700964,42.689548],[-82.705091,42.68697],[-82.7053749533025,42.6866870626306],[-82.705966,42.68631],[-82.7087,42.688529],[-82.723317,42.700441],[-82.719664,42.703042],[-82.729277,42.706059],[-82.729964,42.720843],[-82.730582,42.733631],[-82.731295,42.750604],[-82.731629,42.758052],[-82.731646,42.758373],[-82.731992,42.765333],[-82.733357,42.792729],[-82.733902,42.804135],[-82.734166,42.809556],[-82.73435,42.81406],[-82.736375,42.853624],[-82.736277,42.854376],[-82.737083,42.868314],[-82.737564,42.875634],[-82.738037,42.883393],[-82.738322,42.887528],[-82.73901,42.897541],[-82.759092,42.896814],[-82.778955,42.896152],[-82.799543,42.895734],[-82.829308,42.895432],[-82.838387,42.895343],[-82.865664,42.895246],[-82.924998,42.894634],[-82.983647,42.893741],[-82.984992,42.922999],[-82.985742,42.937845],[-82.986703,42.9595],[-82.987765,42.982393],[-82.986554,42.982436],[-82.987376,42.995431],[-82.987308,42.996658],[-82.988146,43.015404],[-82.988295,43.01871],[-82.988587,43.025991],[-82.988946,43.033031],[-82.990494,43.061535],[-82.990961,43.068591],[-82.99389,43.119064],[-82.994156,43.123127],[-82.996257,43.154099]]]}},{"type":"Feature","id":"26055","properties":{"id":"26055","FIPS":"26055","stateFIPS":"26","name":"Grand Traverse","state":"MI","sourceId":"census-counties-2024"},"geometry":{"type":"MultiPolygon","coordinates":[[[[-85.583214,44.863728],[-85.581207,44.869938],[-85.574651,44.872203],[-85.570243,44.872805],[-85.569891,44.872323],[-85.572125,44.869595],[-85.572057,44.866604],[-85.570643,44.86452],[-85.573131,44.863064],[-85.580182,44.861544],[-85.581849,44.860243],[-85.583755,44.861454],[-85.583214,44.863728]]],[[[-85.817632,44.541668],[-85.81756,44.547689],[-85.816984,44.600245],[-85.817722,44.614764],[-85.81771,44.62945],[-85.817593,44.644062],[-85.817656,44.658797],[-85.817741,44.673412],[-85.817378,44.689043],[-85.816935,44.71072],[-85.816824,44.717019],[-85.816567,44.725203],[-85.816091,44.739919],[-85.815476,44.764074],[-85.815109,44.767149],[-85.815119,44.774534],[-85.810822,44.774507],[-85.755152,44.774607],[-85.714395,44.775175],[-85.694344,44.775477],[-85.659181,44.775313],[-85.643971,44.775243],[-85.642064,44.775236],[-85.6406682591039,44.7753692751023],[-85.638884,44.772335],[-85.634555,44.769623],[-85.628109,44.767226],[-85.624753,44.766826],[-85.623532,44.767457],[-85.6204567033696,44.7669032461527],[-85.61985,44.766794],[-85.6196509549002,44.7662537949727],[-85.619378,44.765513],[-85.612895,44.764924],[-85.610776,44.76516],[-85.6054385999032,44.7655116568293],[-85.599256,44.765919],[-85.595436,44.767111],[-85.593571,44.768783],[-85.594394,44.772058],[-85.594359832589,44.7745297424446],[-85.594356,44.774807],[-85.591775,44.779103],[-85.590336,44.782121],[-85.5908210194547,44.783460969002],[-85.590985,44.783914],[-85.588629,44.78836],[-85.585347,44.797585],[-85.582146,44.801737],[-85.581717,44.807784],[-85.57939,44.812594],[-85.578867,44.814386],[-85.579089,44.817725],[-85.5776,44.818873],[-85.574743,44.821099],[-85.5734603484269,44.8216867886356],[-85.57188,44.822411],[-85.568491,44.825358],[-85.566954,44.827989],[-85.564162,44.831259],[-85.564306,44.833318],[-85.562167,44.836783],[-85.562452,44.837915],[-85.561334,44.83899],[-85.5584,44.843747],[-85.558062,44.847242],[-85.555484,44.850796],[-85.553906,44.857009],[-85.551361,44.859236],[-85.548908,44.863209],[-85.545891,44.864024],[-85.538101,44.868684],[-85.532931,44.87319],[-85.5316,44.877732],[-85.531305,44.881823],[-85.529041,44.884586],[-85.530457,44.887366],[-85.5304620656755,44.887429241793],[-85.530649,44.889763],[-85.524824,44.89452],[-85.524751,44.896124],[-85.528171,44.899224],[-85.534771,44.901619],[-85.538837,44.90071],[-85.542996,44.901467],[-85.546442,44.901551],[-85.548463,44.900878],[-85.549542,44.898882],[-85.54878,44.896677],[-85.549674,44.895184],[-85.552106,44.893959],[-85.554603,44.889184],[-85.557135,44.88756],[-85.559633,44.887748],[-85.564299,44.893829],[-85.564509,44.895246],[-85.56204,44.89739],[-85.561078,44.899045],[-85.555342,44.90292],[-85.551112,44.906669],[-85.548029,44.911122],[-85.545751,44.91317],[-85.539703,44.916779],[-85.538245,44.918909],[-85.538758,44.920863],[-85.538343,44.92204],[-85.534969,44.924509],[-85.533553,44.925762],[-85.53378,44.926877],[-85.534357,44.927522],[-85.532091,44.929765],[-85.53216,44.932306],[-85.530098,44.933983],[-85.529066,44.935577],[-85.5292,44.942396],[-85.529789,44.944368],[-85.529033,44.946918],[-85.527297,44.948388],[-85.524346,44.950752],[-85.523437,44.954148],[-85.522936,44.956065],[-85.520205,44.960347],[-85.52076,44.962215],[-85.521859,44.963943],[-85.5221,44.966727],[-85.5218955432416,44.9674463592338],[-85.5207893736923,44.971338298466],[-85.520034,44.973996],[-85.513464,44.976357],[-85.51181,44.977585],[-85.504534,44.979424],[-85.50008,44.981049],[-85.496879,44.983474],[-85.495609,44.985362],[-85.494687,44.988154],[-85.4926,44.989834],[-85.490721,44.990538],[-85.479497,44.991875],[-85.474937,44.991721],[-85.473429,44.988636],[-85.472968,44.987262],[-85.472668,44.98551],[-85.470987,44.98255],[-85.4709868475069,44.9825494757141],[-85.470462,44.980745],[-85.470285,44.976022],[-85.468115,44.972744],[-85.468634,44.970972],[-85.467389,44.968519],[-85.465535,44.965211],[-85.465121,44.963066],[-85.464944,44.961062],[-85.46665,44.958844],[-85.472258,44.959391],[-85.474386,44.960621],[-85.476675,44.961085],[-85.479853,44.962303],[-85.482111,44.962219],[-85.484488,44.961714],[-85.487459,44.958939],[-85.487459,44.956921],[-85.485082,44.954566],[-85.4848187078568,44.9534497740652],[-85.484606,44.952548],[-85.485786,44.951077],[-85.485188,44.95016],[-85.485747,44.947214],[-85.486184,44.943669],[-85.487552,44.940725],[-85.489151,44.937864],[-85.48994,44.934066],[-85.489532,44.932911],[-85.491286,44.927585],[-85.491399,44.925455],[-85.491215,44.922784],[-85.490258,44.920697],[-85.488997,44.918287],[-85.488881,44.91602],[-85.489661,44.9133],[-85.49084,44.912559],[-85.492444,44.909619],[-85.49249,44.90822],[-85.491701,44.906078],[-85.488624,44.901707],[-85.489508,44.900064],[-85.489657,44.896722],[-85.491158,44.894125],[-85.491781,44.891518],[-85.49303,44.89051],[-85.493195,44.887192],[-85.493377,44.88413],[-85.494597,44.881467],[-85.495812,44.879289],[-85.497463,44.87803],[-85.498903,44.874902],[-85.499913,44.872317],[-85.498967,44.870836],[-85.497553,44.869345],[-85.498007,44.865451],[-85.498941,44.864286],[-85.500777,44.862167],[-85.500937,44.859542],[-85.499745,44.856088],[-85.502182,44.855802],[-85.504017,44.854463],[-85.507055,44.852513],[-85.507884,44.850166],[-85.508617,44.847872],[-85.509891,44.847314],[-85.512099,44.847087],[-85.514845,44.84625],[-85.518993,44.845548],[-85.520002,44.844527],[-85.520095,44.84336],[-85.522147,44.84196],[-85.52502,44.841262],[-85.528695,44.84074],[-85.532585,44.838902],[-85.5328445730353,44.8381081261809],[-85.533253,44.836859],[-85.534957,44.835643],[-85.537402,44.835271],[-85.539924,44.834166],[-85.542925,44.831177],[-85.547356,44.826763],[-85.547479,44.825132],[-85.548728,44.82396],[-85.551556,44.822503],[-85.5557410167201,44.8184057740871],[-85.555894,44.818256],[-85.558019,44.814246],[-85.558631,44.812163],[-85.560231,44.810072],[-85.56026,44.807793],[-85.558381,44.805272],[-85.558087,44.804077],[-85.559242,44.801684],[-85.560378,44.800663],[-85.559568,44.798835],[-85.5602079339805,44.795692],[-85.560302,44.79523],[-85.561461,44.792116],[-85.560488,44.789679],[-85.559533,44.787453],[-85.559641,44.785937],[-85.561893,44.784324],[-85.563285,44.780364],[-85.564778,44.778099],[-85.5648930288268,44.7770995117178],[-85.564942,44.776674],[-85.567673,44.77566],[-85.5679597591919,44.7753354029665],[-85.570227,44.772769],[-85.570942,44.770121],[-85.5712075258245,44.7693428908582],[-85.5712138145708,44.7693244620255],[-85.5714375219851,44.7686688994845],[-85.572466,44.765655],[-85.5743238199432,44.7636356631591],[-85.574939,44.762967],[-85.576194,44.76175],[-85.576566,44.760208],[-85.5753462410799,44.7586537813858],[-85.574531,44.757615],[-85.571301,44.755293],[-85.565636,44.752476],[-85.5573563369352,44.7497439308083],[-85.554326,44.748744],[-85.544995,44.747281],[-85.538285,44.746821],[-85.527192,44.7475],[-85.5264251918088,44.7482042178965],[-85.524705,44.749784],[-85.522241,44.753382],[-85.515358,44.759893],[-85.510859,44.763156],[-85.5074409819695,44.7652890735868],[-85.5071853673103,44.7654485943596],[-85.506704,44.765749],[-85.504775,44.768082],[-85.5046996984541,44.7685184800322],[-85.5043614273377,44.7704792443959],[-85.503935,44.772951],[-85.5059043610748,44.7753275250048],[-85.506276,44.775776],[-85.504846,44.77832],[-85.505244,44.781594],[-85.506363,44.783651],[-85.50905,44.785889],[-85.50951,44.787169],[-85.509251,44.787334],[-85.508482,44.788649],[-85.507212,44.790818],[-85.506757,44.792905],[-85.507367,44.795363],[-85.506515,44.796291],[-85.503611,44.79823],[-85.500295,44.803194],[-85.49938,44.804344],[-85.497132,44.80495],[-85.494962,44.805923],[-85.49129,44.806925],[-85.48946,44.808003],[-85.4883558621777,44.808597401468],[-85.4844,44.810727],[-85.474796,44.814959],[-85.471483,44.816596],[-85.4629481701356,44.8250351903562],[-85.462916,44.825067],[-85.463356,44.830154],[-85.461646,44.834531],[-85.460445,44.835667],[-85.452898,44.845687],[-85.451617,44.849954],[-85.451409,44.853951],[-85.448624,44.855832],[-85.446558,44.858067],[-85.44311,44.859818],[-85.428657,44.859761],[-85.421807,44.859721],[-85.381983,44.859568],[-85.376751,44.834447],[-85.37506,44.829325],[-85.374555,44.828816],[-85.37195,44.826723],[-85.369304,44.825762],[-85.363639,44.825199],[-85.358395,44.825565],[-85.35466,44.826627],[-85.348542,44.827811],[-85.345283,44.827543],[-85.344094,44.826939],[-85.342767,44.825061],[-85.341125,44.820689],[-85.339748,44.818043],[-85.332836,44.812372],[-85.33289,44.80013],[-85.332894,44.779813],[-85.332909,44.772715],[-85.333018,44.772048],[-85.333224,44.703095],[-85.333428,44.685126],[-85.333025,44.641803],[-85.33289,44.598374],[-85.333156,44.569709],[-85.33316,44.569327],[-85.333968,44.519341],[-85.334,44.512303],[-85.354197,44.512335],[-85.456568,44.512309],[-85.520618,44.512131],[-85.556873,44.512122],[-85.575233,44.51221],[-85.615186,44.512314],[-85.656143,44.512429],[-85.686606,44.512671],[-85.696386,44.512691],[-85.757222,44.512984],[-85.794044,44.512901],[-85.797374,44.512931],[-85.817802,44.512969],[-85.817632,44.541668]]]]}},{"type":"Feature","id":"26013","properties":{"id":"26013","FIPS":"26013","stateFIPS":"26","name":"Baraga","state":"MI","sourceId":"census-counties-2024"},"geometry":{"type":"Polygon","coordinates":[[[-88.678836,46.592569],[-88.678427,46.722653],[-88.676113,46.730117],[-88.676496,46.751557],[-88.676116,46.758883],[-88.676272,46.763092],[-88.676257,46.764789],[-88.678715,46.764797],[-88.678982,46.851654],[-88.678879,46.851801],[-88.636352,46.851799],[-88.573148,46.85141],[-88.563722,46.85158],[-88.551943,46.851795],[-88.551985,46.924013],[-88.552185,46.938533],[-88.4508233502795,46.9390376774892],[-88.452282,46.934033],[-88.453767,46.931953],[-88.453424,46.930116],[-88.4551173902457,46.924304592566],[-88.455404,46.923321],[-88.458277,46.916407],[-88.466137,46.902835],[-88.469583,46.894802],[-88.4699291395523,46.8943188606632],[-88.475859,46.886042],[-88.476092,46.882057],[-88.4759703038575,46.8816902623873],[-88.474321,46.87672],[-88.475826,46.869199],[-88.478124,46.865265],[-88.477517,46.862702],[-88.478952,46.861729],[-88.478576,46.857604],[-88.477639,46.856011],[-88.4778518651609,46.8520909729988],[-88.477935,46.85056],[-88.481444,46.843622],[-88.481262,46.839783],[-88.4823477100506,46.8347934306824],[-88.482464,46.834259],[-88.484299,46.832503],[-88.482579,46.826197],[-88.479214,46.82033],[-88.473869,46.814099],[-88.473237,46.812749],[-88.473294,46.809226],[-88.473398,46.807764],[-88.472791,46.804317],[-88.462641,46.788964],[-88.462926,46.786621],[-88.4671209084688,46.7830077741832],[-88.469842,46.780664],[-88.4712621835193,46.7808585924534],[-88.472338,46.781006],[-88.472766,46.783008],[-88.47847,46.784716],[-88.4814603859167,46.7829904921164],[-88.482099,46.782622],[-88.4821827753673,46.782521614949],[-88.4836306732409,46.780786650287],[-88.4853041989411,46.7787813238037],[-88.485902,46.778065],[-88.4861087898638,46.7777734266332],[-88.4863834916228,46.7773860976062],[-88.4903163806696,46.7718407305391],[-88.491963,46.769519],[-88.496236,46.765821],[-88.496275,46.764931],[-88.4963140980766,46.7648869800024],[-88.498531,46.762391],[-88.4993501404945,46.7597954858661],[-88.499575,46.759083],[-88.499412200965,46.7587946752949],[-88.49733,46.755107],[-88.495107,46.755148],[-88.4907548854576,46.7535831062087],[-88.480751,46.749986],[-88.478602,46.749614],[-88.476395,46.749491],[-88.472711,46.750713],[-88.4702666478523,46.7512837695491],[-88.467482,46.751934],[-88.4654375162891,46.7534211675611],[-88.4650369966052,46.7537125075598],[-88.4595862956186,46.7576773744108],[-88.4588302079165,46.7582273563441],[-88.4580766067091,46.7587755295889],[-88.457856,46.758936],[-88.455004,46.759343],[-88.4535736424449,46.7605879348109],[-88.450607,46.76317],[-88.451000625498,46.764595],[-88.451439,46.766182],[-88.449062,46.77074],[-88.4490153963523,46.770796428579],[-88.442407,46.778798],[-88.4420451090451,46.779218],[-88.439673,46.781971],[-88.438427,46.786714],[-88.436724674968,46.7892304160098],[-88.433835,46.793502],[-88.4297683923015,46.7973629383285],[-88.423751,46.803076],[-88.4200340472596,46.8063707930594],[-88.417262,46.808828],[-88.4155524960175,46.8112508463414],[-88.415225,46.811715],[-88.391808,46.830242],[-88.385462,46.834367],[-88.38141,46.838466],[-88.380515,46.841378],[-88.382052,46.845437],[-88.38934077541,46.8517546587617],[-88.389475,46.851871],[-88.39132,46.851946],[-88.3917462560174,46.8517716838577],[-88.403011,46.847165],[-88.404044,46.847798],[-88.403988,46.851421],[-88.4038611171767,46.8515921482402],[-88.399525,46.857441],[-88.389727,46.8671],[-88.379959,46.872025],[-88.372681,46.872277],[-88.372325,46.871881],[-88.375199011429,46.8649988417537],[-88.375855,46.863428],[-88.3757659118307,46.861786503094],[-88.375761,46.861696],[-88.373622,46.860152],[-88.368767,46.857313],[-88.360868,46.856202],[-88.355083,46.856089],[-88.35194,46.857028],[-88.3517708575473,46.8571819964337],[-88.3439734037623,46.8642812199325],[-88.34247,46.86565],[-88.334294,46.870893],[-88.3330955224669,46.8718344636711],[-88.322142,46.880439],[-88.314663,46.884499],[-88.31029,46.889748],[-88.2985596069067,46.8965666998894],[-88.281244,46.906632],[-88.2724779991892,46.9105950121217],[-88.261593,46.915516],[-88.255116,46.921745],[-88.2529338973014,46.9233525102472],[-88.244437,46.929612],[-88.2431748776546,46.9300901559174],[-88.2329764197729,46.9339538486904],[-88.232134,46.934273],[-88.222854,46.937093],[-88.216981,46.939665],[-88.21037,46.941419],[-88.202696,46.942607],[-88.198728,46.943912],[-88.193507,46.949914],[-88.18982,46.952316],[-88.178333,46.954818],[-88.16736844143,46.958803586435],[-88.167227,46.958855],[-88.155374,46.965069],[-88.15061,46.963863],[-88.148246,46.965453],[-88.144771,46.967003],[-88.142954,46.966903],[-88.140908,46.964457],[-88.136691,46.962573],[-88.133914,46.962068],[-88.129463,46.963084],[-88.129143,46.962677],[-88.129814,46.961871],[-88.132905,46.960431],[-88.137124,46.959145],[-88.140727,46.95849],[-88.144744,46.956211],[-88.147075,46.953902],[-88.147231,46.950502],[-88.147028,46.947238],[-88.1478042733242,46.9463304192632],[-88.150114,46.94363],[-88.1565089211476,46.9391526891791],[-88.160452,46.936392],[-88.166838,46.932619],[-88.187522,46.918999],[-88.200591,46.914553],[-88.201634,46.913565],[-88.203325,46.91301],[-88.207365,46.908139],[-88.209029,46.907815],[-88.212,46.909032],[-88.21818,46.905541],[-88.234104,46.894742],[-88.242661,46.885077],[-88.251217,46.871186],[-88.249791,46.865661],[-88.254663,46.865986],[-88.257634,46.85786],[-88.260368,46.852984],[-88.2613398362797,46.851646505763],[-88.2647618898107,46.8469368885441],[-88.2691439878917,46.8409060055113],[-88.270231,46.83941],[-88.271465,46.837875],[-88.282513969883,46.8321745326976],[-88.282829,46.832012],[-88.28280807034,46.8318880635821],[-88.282472,46.829898],[-88.282579511098,46.8296615918825],[-88.2828071978688,46.8291609272824],[-88.2840839192487,46.8263535213155],[-88.284136,46.826239],[-88.2838451004569,46.8249122043279],[-88.2837135845525,46.8243123589967],[-88.283423,46.822987],[-88.280333,46.822662],[-88.272965,46.824207],[-88.264884,46.829573],[-88.26215,46.836402],[-88.256564,46.839198],[-88.254545,46.839167],[-88.251574,46.843556],[-88.250385,46.847945],[-88.244562,46.857292],[-88.2430915055649,46.858846313743],[-88.241948,46.860055],[-88.2426095734243,46.8612612348549],[-88.242661,46.861355],[-88.232352,46.872662],[-88.2303829129419,46.8739706298491],[-88.2295795414124,46.8745045402007],[-88.226261,46.87671],[-88.217467,46.880934],[-88.211287,46.884102],[-88.2113966450087,46.8872457711735],[-88.211406,46.887514],[-88.215327,46.891331],[-88.2068672663278,46.8951673908513],[-88.202255,46.897259],[-88.196313,46.898315],[-88.1941151605896,46.8992621336436],[-88.188588,46.901644],[-88.186806,46.903674],[-88.184786,46.904648],[-88.1753158407424,46.9045808427542],[-88.175197,46.90458],[-88.161913,46.904941],[-88.154953,46.906882],[-88.146746,46.907341],[-88.140122,46.90897],[-88.126927,46.90984],[-88.1228621274008,46.9110092617138],[-88.122352,46.911156],[-88.113572,46.912819],[-88.101315,46.917207],[-88.0976091101988,46.9178265858958],[-88.0839369157211,46.9201124333757],[-88.08187,46.920458],[-88.0804025464886,46.9203402295191],[-88.070419,46.919539],[-88.0445670007046,46.9115682657834],[-88.044573,46.838231],[-88.045112,46.834469],[-88.044872,46.821145],[-88.044583,46.817804],[-88.044533,46.809621],[-88.044528,46.808798],[-88.044709,46.765353],[-87.991389,46.765159],[-87.991289,46.71453],[-87.991546,46.679113],[-88.115843,46.678381],[-88.116681,46.537369],[-88.116694,46.527142],[-88.116603,46.506523],[-88.116667,46.436801],[-88.116571,46.419951],[-88.365808,46.419959],[-88.495578,46.419926],[-88.616765,46.419935],[-88.679392,46.420139],[-88.678836,46.592569]]]}},{"type":"Feature","id":"26071","properties":{"id":"26071","FIPS":"26071","stateFIPS":"26","name":"Iron","state":"MI","sourceId":"census-counties-2024"},"geometry":{"type":"Polygon","coordinates":[[[-88.991236,46.419704],[-88.845874,46.419948],[-88.804122,46.420099],[-88.679392,46.420139],[-88.616765,46.419935],[-88.495578,46.419926],[-88.365808,46.419959],[-88.116571,46.419951],[-88.116897,46.333331],[-88.117407,46.246618],[-88.117685,46.087302],[-88.117703,46.073418],[-88.117506,45.959266],[-88.117502,45.942542],[-88.1168457401249,45.9217028628049],[-88.118507,45.92114],[-88.121864,45.92075],[-88.123421,45.921409],[-88.126382,45.921499],[-88.127594,45.922414],[-88.12743,45.923214],[-88.12613,45.924123],[-88.126419,45.925608],[-88.127927,45.926599],[-88.131275,45.927431],[-88.133803,45.928618],[-88.141001,45.930608],[-88.142833,45.93216],[-88.145928,45.933646],[-88.146419,45.934194],[-88.145676,45.936123],[-88.146163,45.936794],[-88.148128,45.937546],[-88.149354,45.937537],[-88.151691,45.936926],[-88.153206,45.936826],[-88.156111,45.937514],[-88.158787,45.939202],[-88.161175,45.940601],[-88.162396,45.940671],[-88.163233,45.939982],[-88.163105,45.939043],[-88.163959,45.93834],[-88.170096,45.93947],[-88.172628,45.941015],[-88.175532,45.944897],[-88.178008,45.947111],[-88.181471,45.948609],[-88.185331,45.948979],[-88.186166,45.949304],[-88.187378,45.950602],[-88.189789,45.952208],[-88.191991,45.95274],[-88.192477,45.952476],[-88.196079,45.953134],[-88.197627,45.953082],[-88.198997,45.952091],[-88.19974,45.951036],[-88.202116,45.949836],[-88.201852,45.948477],[-88.203797,45.947941],[-88.209196,45.947669],[-88.210182855781,45.9476525242824],[-88.219139,45.947503],[-88.222167,45.948513],[-88.223773,45.948712],[-88.227988,45.947688],[-88.230193,45.947251],[-88.23314,45.947405],[-88.239941,45.949362],[-88.242518,45.950363],[-88.244452,45.952142],[-88.245752,45.954147],[-88.246579,45.956597],[-88.245937,45.958726],[-88.245708,45.962735],[-88.246346,45.963389],[-88.249117,45.963663],[-88.250133,45.963572],[-88.254816,45.963538],[-88.256455,45.962739],[-88.259343,45.959494],[-88.261732,45.959344],[-88.2626754060162,45.9590807304929],[-88.2656728769104,45.9582442479274],[-88.26839,45.957486],[-88.268944,45.956413],[-88.273608,45.956619],[-88.283335,45.955091],[-88.284974,45.955329],[-88.286267,45.954729],[-88.286721,45.953742],[-88.292381,45.951115],[-88.295264,45.951253],[-88.29699,45.954172],[-88.300965,45.956168],[-88.305714,45.957549],[-88.30952,45.959369],[-88.312745,45.959379],[-88.316894,45.960969],[-88.318662,45.962048],[-88.318824,45.963275],[-88.319698,45.963626],[-88.321033,45.963313],[-88.32103,45.961374],[-88.320531,45.959963],[-88.322478,45.958822],[-88.323598,45.95735],[-88.325461,45.956373],[-88.326003,45.9553],[-88.326953,45.955071],[-88.330296,45.956625],[-88.327872,45.958934],[-88.328333,45.964054],[-88.330137,45.965951],[-88.332309,45.966589],[-88.33474,45.968627],[-88.338761,45.969575],[-88.339987,45.969031],[-88.341437,45.968719],[-88.342627,45.969908],[-88.342378,45.971731],[-88.345417,45.973985],[-88.347523,45.974443],[-88.34884,45.975441],[-88.349601,45.976245],[-88.350947,45.977214],[-88.353205,45.977675],[-88.353973,45.978684],[-88.354817,45.979102],[-88.356679,45.979416],[-88.35871,45.980586],[-88.359279,45.981508],[-88.365857,45.98428],[-88.367917,45.985166],[-88.371449,45.985356],[-88.372246,45.985931],[-88.373265,45.987334],[-88.373705,45.988556],[-88.375133,45.989274],[-88.376448,45.989458],[-88.380183,45.991654],[-88.381175,45.991665],[-88.382069,45.990731],[-88.385234,45.990239],[-88.384318,45.988113],[-88.385698,45.986835],[-88.387939,45.983167],[-88.395308,45.980391],[-88.3989684384564,45.9802803446909],[-88.399046,45.980278],[-88.402848,45.981194],[-88.409864,45.979688],[-88.411077,45.979139],[-88.414849,45.975483],[-88.416914,45.975323],[-88.420356,45.976764],[-88.423044,45.978547],[-88.422322,45.98017],[-88.423437,45.98193],[-88.426125,45.984102],[-88.427869,45.984013],[-88.430486,45.984475],[-88.432229,45.985319],[-88.433875,45.985601],[-88.43406,45.986205],[-88.433712,45.987006],[-88.434762,45.98834],[-88.435798,45.988125],[-88.438804,45.988741],[-88.43911,45.989903],[-88.439733,45.990456],[-88.440749,45.99085],[-88.443078,45.990685],[-88.448751,45.98977],[-88.450325,45.990181],[-88.454261,45.993426],[-88.453868,45.996169],[-88.453768,45.997019],[-88.454361,45.997518],[-88.458658,45.999391],[-88.461338,45.999564],[-88.462242,45.999353],[-88.463862,46.000329],[-88.465542,46.000685],[-88.470855,46.001004],[-88.474695,45.99877],[-88.475152,45.996598],[-88.474072,45.995375],[-88.473996,45.994439],[-88.474516,45.993632],[-88.476002,45.992826],[-88.478984,45.991797],[-88.480432,45.991639],[-88.481583,45.992133],[-88.483802,45.992405],[-88.486755,45.990949],[-88.492495,45.992157],[-88.4926944437267,45.99259705703],[-88.492931,45.993119],[-88.493038,45.993744],[-88.493803,45.994262],[-88.495357,45.99439],[-88.497417,45.995149],[-88.498108,45.99636],[-88.496897,45.998281],[-88.496898,45.999012],[-88.4977956091896,45.9996759519501],[-88.498765,46.000393],[-88.500133,46.000457],[-88.5007792943625,46.0018943242697],[-88.502388,46.005472],[-88.503185,46.007244],[-88.50471,46.009485],[-88.506476,46.011114],[-88.505946,46.013385],[-88.506205,46.017134],[-88.507188,46.0183],[-88.509516,46.019169],[-88.514601,46.019926],[-88.516999,46.02003],[-88.523131,46.019518],[-88.526673,46.020822],[-88.530147,46.02049],[-88.532414,46.021212],[-88.534196,46.020886],[-88.53353,46.019932],[-88.532546,46.019021],[-88.532897,46.018097],[-88.534876,46.018104],[-88.536268,46.017688],[-88.539011,46.014791],[-88.541078,46.013763],[-88.545077,46.013405],[-88.547247,46.013796],[-88.548589,46.01318],[-88.550756,46.012896],[-88.554987,46.014977],[-88.556711,46.014838],[-88.55854,46.014245],[-88.5596589116514,46.0142617235744],[-88.560681,46.014277],[-88.562065,46.014927],[-88.565485,46.015708],[-88.571553,46.013811],[-88.572995,46.011799],[-88.576234,46.009763],[-88.57854,46.009757],[-88.58067,46.006975],[-88.589,46.005077],[-88.589755,46.005602],[-88.590558,46.007742],[-88.590849,46.009113],[-88.592874,46.01159],[-88.593302,46.014447],[-88.59386,46.015132],[-88.595667,46.015797],[-88.598093,46.017623],[-88.60144,46.017599],[-88.603965,46.016181],[-88.60551,46.013093],[-88.607438,46.010991],[-88.606939,46.008454],[-88.608097,46.007144],[-88.610074,46.005728],[-88.611277,46.005693],[-88.612712,46.004462],[-88.611604,46.003669],[-88.611978,46.001121],[-88.611563,45.99881],[-88.613814,45.997276],[-88.614831,45.995798],[-88.614562,45.994823],[-88.615651,45.994221],[-88.615922,45.993335],[-88.614074,45.992417],[-88.613063,45.990627],[-88.614176,45.988775],[-88.616405,45.9877],[-88.62082,45.988434],[-88.623947,45.988633],[-88.625767,45.987574],[-88.626488,45.987611],[-88.627841,45.98844],[-88.634055,45.987999],[-88.634842,45.987565],[-88.634833,45.985659],[-88.635598,45.985119],[-88.6375,45.98496],[-88.64486,45.986949],[-88.64647,45.98711],[-88.64703,45.988371],[-88.647883,45.988667],[-88.649753,45.988297],[-88.651417,45.987566],[-88.6524021013823,45.987678951415],[-88.653327,45.987785],[-88.655075,45.988569],[-88.65776,45.989287],[-88.661427,45.988419],[-88.662281,45.987737],[-88.663368,45.987669],[-88.663275,45.988405],[-88.663697,45.989084],[-88.664521,45.989022],[-88.665632,45.988575],[-88.667278,45.988087],[-88.670827,45.988547],[-88.670601,45.98983],[-88.66436,45.991337],[-88.663609,45.992397],[-88.663923,45.993242],[-88.664697,45.993637],[-88.66663,45.993486],[-88.667189,45.994035],[-88.667464,45.995048],[-88.666803,45.996073],[-88.667036,45.997234],[-88.668183,45.9976],[-88.669699,45.997856],[-88.671267,45.999026],[-88.670939,45.999957],[-88.67025,46.000631],[-88.670746,46.001581],[-88.672257,46.002645],[-88.671207,46.004683],[-88.672019,46.006089],[-88.67406,46.006783],[-88.674235,46.007572],[-88.675916,46.008546],[-88.675539,46.009907],[-88.674606,46.010567],[-88.675635,46.011682],[-88.677164,46.011676],[-88.677596,46.01254],[-88.679132,46.013538],[-88.683087,46.014137],[-88.6833118560336,46.0141382805013],[-88.684843,46.014147],[-88.686815,46.015018],[-88.688743,46.014121],[-88.689902,46.014108],[-88.691662,46.015435],[-88.694834,46.01633],[-88.696829,46.016371],[-88.697014,46.017263],[-88.698716,46.017903],[-88.704687,46.018154],[-88.706412,46.017588],[-88.707374,46.016398],[-88.707715,46.015396],[-88.708772,46.015278],[-88.709969,46.01543],[-88.710328,46.016303],[-88.711254,46.016582],[-88.71226,46.016184],[-88.713049,46.012668],[-88.718397,46.013284],[-88.718819,46.014052],[-88.717923,46.015003],[-88.718024,46.015611],[-88.720026,46.016086],[-88.722115,46.01735],[-88.721319,46.018608],[-88.721125,46.022013],[-88.723825,46.022899],[-88.724801,46.024503],[-88.730675,46.026535],[-88.732277,46.026668],[-88.733499,46.025543],[-88.73465,46.025663],[-88.737377,46.026502],[-88.738033,46.027167],[-88.739994,46.027308],[-88.7414,46.026978],[-88.742,46.026205],[-88.746422,46.025798],[-88.747813,46.024538],[-88.74884,46.024149],[-88.752176,46.023584],[-88.754033,46.02246],[-88.756295,46.020173],[-88.758618,46.019542],[-88.760044,46.019815],[-88.763767,46.021943],[-88.764795,46.022667],[-88.766075,46.024701],[-88.767968,46.025539],[-88.770046,46.025728],[-88.771189,46.025077],[-88.769913,46.023478],[-88.768848,46.021887],[-88.768692,46.020571],[-88.769712,46.018968],[-88.772857,46.018136],[-88.776187,46.015931],[-88.778568,46.015316],[-88.780156,46.015395],[-88.782104,46.016558],[-88.783891,46.020934],[-88.784007,46.022984],[-88.783635,46.024357],[-88.778734,46.028875],[-88.778628,46.031271],[-88.779221,46.031869],[-88.784411,46.032709],[-88.786332,46.030926],[-88.787438,46.028857],[-88.788351,46.028613],[-88.789638,46.028933],[-88.790269,46.030376],[-88.791796,46.032057],[-88.796182,46.033712],[-88.80067,46.030036],[-88.796242,46.026853],[-88.79579,46.024864],[-88.79646,46.023605],[-88.799167,46.023836],[-88.801761,46.023737],[-88.803694,46.022894],[-88.805771,46.021554],[-88.809696,46.02208],[-88.811948,46.021609],[-88.81349,46.02068],[-88.816026,46.020586],[-88.816107,46.021648],[-88.815629,46.02232],[-88.815427,46.022954],[-88.816489,46.023924],[-88.818488,46.024599],[-88.819084,46.026314],[-88.820592,46.026261],[-88.824379,46.026553],[-88.82701,46.028118],[-88.831544,46.02962],[-88.835249,46.03033],[-88.837046,46.030511],[-88.838601,46.030124],[-88.840471,46.031562],[-88.841505,46.032431],[-88.843903,46.03305],[-88.843905,46.034362],[-88.843957,46.034806],[-88.847117,46.036339],[-88.847599,46.037161],[-88.848464,46.038858],[-88.85027,46.040274],[-88.9327522855634,46.0736796404744],[-88.943279,46.077943],[-88.948698,46.080205],[-88.990807,46.097298],[-88.9908849086907,46.0973298417764],[-88.990857,46.191236],[-88.991012,46.332308],[-88.991013,46.333236],[-88.991236,46.419704]]]}},{"type":"Feature","id":"39161","properties":{"id":"39161","FIPS":"39161","stateFIPS":"39","name":"Van Wert","state":"OH","sourceId":"census-counties-2024"},"geometry":{"type":"Polygon","coordinates":[[[-84.8032582490465,40.9893939921809],[-84.7833,40.989471],[-84.692895,40.989584],[-84.688093,40.989577],[-84.682535,40.989557],[-84.591866,40.989792],[-84.580303,40.989877],[-84.572657,40.989865],[-84.476418,40.9901],[-84.457198,40.990134],[-84.399486,40.990315],[-84.399135,40.965336],[-84.398407,40.903265],[-84.350619,40.903579],[-84.340969,40.903596],[-84.340781,40.888689],[-84.340573,40.859783],[-84.340531,40.859099],[-84.340415,40.849138],[-84.340381,40.845043],[-84.340356,40.839719],[-84.340305,40.833816],[-84.340252,40.828953],[-84.340245,40.828383],[-84.340101,40.816143],[-84.35943,40.816079],[-84.397374,40.815941],[-84.397189,40.786584],[-84.397178,40.783812],[-84.397115,40.765045],[-84.396778,40.684926],[-84.45618,40.684862],[-84.456172,40.728306],[-84.494475,40.728213],[-84.571501,40.727969],[-84.634405,40.727635],[-84.689163,40.727705],[-84.8022592386664,40.7281459943578],[-84.802258,40.72936],[-84.802164,40.747177],[-84.802489,40.765344],[-84.8024458921846,40.7716514571693],[-84.802247,40.800753],[-84.8023265207349,40.8151038419612],[-84.8024349885524,40.8346786674298],[-84.8028094031523,40.9022480222238],[-84.802922,40.922568],[-84.803257,40.988236],[-84.8032582490465,40.9893939921809]]]}},{"type":"Feature","id":"26079","properties":{"id":"26079","FIPS":"26079","stateFIPS":"26","name":"Kalkaska","state":"MI","sourceId":"census-counties-2024"},"geometry":{"type":"Polygon","coordinates":[[[-85.333968,44.519341],[-85.33316,44.569327],[-85.333156,44.569709],[-85.33289,44.598374],[-85.333025,44.641803],[-85.333428,44.685126],[-85.333224,44.703095],[-85.333018,44.772048],[-85.332909,44.772715],[-85.332894,44.779813],[-85.33289,44.80013],[-85.332836,44.812372],[-85.330306,44.815192],[-85.325362,44.818199],[-85.323124,44.819279],[-85.318091,44.819475],[-85.316631,44.821284],[-85.316548,44.823514],[-85.32015,44.826003],[-85.321147,44.828028],[-85.320962,44.830572],[-85.319913,44.832997],[-85.320375,44.835704],[-85.323135,44.846014],[-85.324393,44.847161],[-85.326975,44.848029],[-85.327588,44.850413],[-85.327595,44.85076],[-85.323492,44.85194],[-85.32087,44.852163],[-85.316256,44.85321],[-85.312914,44.853564],[-85.306993,44.855059],[-85.304087,44.856176],[-85.291716,44.859608],[-85.282532,44.859545],[-85.251929,44.859386],[-85.246316,44.85937],[-85.231416,44.859341],[-85.211092,44.859225],[-85.175742,44.859151],[-85.173464,44.85901],[-85.1527,44.858914],[-85.113169,44.858674],[-85.105113,44.858756],[-85.091354,44.858695],[-85.051289,44.858907],[-85.011092,44.858844],[-84.972559,44.858959],[-84.968874,44.858945],[-84.847309,44.858037],[-84.847353,44.771223],[-84.849863,44.712496],[-84.849962,44.693319],[-84.849824,44.68866],[-84.849661,44.684292],[-84.849478,44.655363],[-84.849661,44.644839],[-84.849935,44.625955],[-84.849904,44.597875],[-84.849751,44.596881],[-84.850929,44.511069],[-85.005537,44.51047],[-85.006835,44.510391],[-85.092947,44.510461],[-85.112339,44.511044],[-85.126784,44.510886],[-85.133787,44.511022],[-85.154669,44.511133],[-85.161509,44.511183],[-85.213213,44.511737],[-85.233477,44.512038],[-85.304779,44.512194],[-85.334,44.512303],[-85.333968,44.519341]]]}},{"type":"Feature","id":"39123","properties":{"id":"39123","FIPS":"39123","stateFIPS":"39","name":"Ottawa","state":"OH","sourceId":"census-counties-2024"},"geometry":{"type":"MultiPolygon","coordinates":[[[[-82.741669,41.496657],[-82.73914,41.498978],[-82.735396,41.50029],[-82.73218,41.502857],[-82.729816,41.503369],[-82.727337,41.502115],[-82.729145,41.499982],[-82.730112,41.497486],[-82.730903,41.493857],[-82.734841,41.490552],[-82.738039,41.489383],[-82.7404950873316,41.489446654576],[-82.740547,41.489448],[-82.741916,41.493894],[-82.741669,41.496657]]],[[[-82.787,41.678679],[-82.785454,41.679015],[-82.784144,41.678949],[-82.78387,41.678605],[-82.783994,41.677878],[-82.785513,41.677017],[-82.786703,41.677193],[-82.787231,41.678126],[-82.787,41.678679]]],[[[-82.800573,41.694393],[-82.797612,41.695425],[-82.7969762115023,41.6955119354859],[-82.7896067294907,41.6965196125707],[-82.783958,41.697292],[-82.780404,41.696776],[-82.780569,41.695622],[-82.783234,41.69545],[-82.78659,41.693804],[-82.789847,41.693116],[-82.792249,41.693951],[-82.794947,41.693288],[-82.799356,41.692919],[-82.800442,41.693165],[-82.800573,41.694393]]],[[[-82.823186,41.658148],[-82.821533,41.659324],[-82.820235,41.659309],[-82.819527,41.658545],[-82.819527,41.65835],[-82.819527,41.657913],[-82.822281,41.657208],[-82.8226627947538,41.6576045602968],[-82.823186,41.658148]]],[[[-82.8253364088105,41.6850107831682],[-82.8201693564096,41.6874694549426],[-82.817867,41.688565],[-82.817322,41.689831],[-82.811752,41.692001],[-82.806956,41.690285],[-82.803337,41.689244],[-82.803157,41.681493],[-82.80715,41.677932],[-82.807167,41.676875],[-82.811432,41.676025],[-82.811883,41.675223],[-82.811411,41.674068],[-82.807072,41.674726],[-82.805511,41.672337],[-82.809586,41.670925],[-82.813661,41.67135],[-82.813817,41.67325],[-82.815076,41.674092],[-82.815733,41.675364],[-82.815566,41.679025],[-82.818048,41.682597],[-82.824768,41.682491],[-82.826206,41.684597],[-82.8253364088105,41.6850107831682]]],[[[-82.830378,41.691928],[-82.829455,41.69237],[-82.826111,41.693487],[-82.824635,41.693415],[-82.822779,41.691863],[-82.82504,41.691357],[-82.825279,41.691128],[-82.826503,41.69124],[-82.827523,41.691103],[-82.828271,41.691277],[-82.8282853890629,41.6912730603738],[-82.829721,41.69088],[-82.830169,41.691123],[-82.830378,41.691928]]],[[[-82.834767,41.591171],[-82.833463,41.591873],[-82.830852,41.592134],[-82.8305411073178,41.591609840749],[-82.830317,41.591232],[-82.832791,41.590417],[-82.834135,41.590248],[-82.834300255832,41.5904893467293],[-82.834767,41.591171]]],[[[-82.835506,41.71119],[-82.831857,41.711228],[-82.830408,41.713093],[-82.832607,41.714213],[-82.832709,41.71565],[-82.827948,41.718075],[-82.82572,41.72281],[-82.8216786936674,41.7241332595956],[-82.820409,41.724549],[-82.813489,41.723468],[-82.811165,41.720033],[-82.812264,41.717943],[-82.812314,41.712757],[-82.809316,41.70884],[-82.815813,41.707608],[-82.82321,41.707758],[-82.829008,41.710108],[-82.831807,41.708728],[-82.835118,41.708971],[-82.835506,41.71119]]],[[[-82.84385,41.646475],[-82.834092,41.657121],[-82.830193,41.65823],[-82.826625,41.659677],[-82.825655,41.659359],[-82.825774,41.65861],[-82.826491,41.657975],[-82.826712,41.657149],[-82.825621,41.656444],[-82.826641,41.655656],[-82.826459,41.654641],[-82.825553,41.654297],[-82.8234887042256,41.6546249543541],[-82.823394,41.65464],[-82.820452,41.653484],[-82.815775,41.654187],[-82.814387,41.65423],[-82.812156,41.654796],[-82.81116,41.655897],[-82.80837,41.659321],[-82.8087425090842,41.6599328122851],[-82.809167,41.66063],[-82.808587,41.661682],[-82.805179,41.664281],[-82.795581,41.665512],[-82.793708,41.664798],[-82.796457,41.659708],[-82.798888,41.657654],[-82.802035,41.656642],[-82.803031,41.654349],[-82.806347041084,41.6547905509809],[-82.80792,41.655],[-82.812275,41.652385],[-82.812952,41.650747],[-82.812833,41.645656],[-82.8151378938696,41.6442448949782],[-82.823192,41.639314],[-82.826738,41.634311],[-82.835026,41.629815],[-82.84152,41.62904],[-82.839727,41.634907],[-82.837695,41.637349],[-82.837815,41.639701],[-82.836619,41.641577],[-82.837695,41.64378],[-82.840165,41.644138],[-82.84385,41.646475]]],[[[-82.856471,41.681743],[-82.856189,41.682317],[-82.8559405427375,41.6822942933098],[-82.854679,41.682179],[-82.850873,41.680958],[-82.8481609404077,41.680443016548],[-82.847966,41.680406],[-82.844473,41.678829],[-82.844615,41.678449],[-82.84561,41.677964],[-82.846646,41.677873],[-82.847722,41.677191],[-82.848819,41.677115],[-82.8502654154821,41.6775141794414],[-82.850301,41.677524],[-82.852069,41.679285],[-82.855694,41.680557],[-82.856389377542,41.6816184128247],[-82.856471,41.681743]]],[[[-82.867909,41.646223],[-82.86598,41.646645],[-82.863588,41.646893],[-82.862832,41.64554],[-82.865169,41.644674],[-82.868085,41.644963],[-82.867909,41.646223]]],[[[-83.415941,41.61911],[-83.375189,41.62015],[-83.370317,41.620449],[-83.347817,41.620844],[-83.33806,41.620948],[-83.29945,41.621755],[-83.182375,41.623154],[-83.1742,41.62331],[-83.1695478899806,41.6232835284932],[-83.152874,41.618727],[-83.13541,41.615175],[-83.128673333455,41.6152844671331],[-83.128579,41.615286],[-83.1283970366055,41.6155758626254],[-83.127896,41.616374],[-83.122638,41.614819],[-83.114144,41.613975],[-83.11254,41.614486],[-83.107907,41.61342],[-83.103422,41.612887],[-83.093501,41.609423],[-83.086046,41.606425],[-83.075097,41.600553],[-83.067183,41.595168],[-83.063332,41.591328],[-83.062049,41.587755],[-83.062762,41.586209],[-83.053064,41.578635],[-83.0489001420553,41.5731500919053],[-83.048002,41.571967],[-83.03859,41.562205],[-83.028072,41.555656],[-83.0190375605434,41.5501665917314],[-83.012065,41.54593],[-83.000658,41.539953],[-83.000329,41.538685],[-82.983841,41.530128],[-82.969679,41.523899],[-82.9622307354084,41.5217956147823],[-82.9606567682686,41.5213511274558],[-82.957009,41.520321],[-82.9423829359245,41.517699339983],[-82.9402602159107,41.5173188514142],[-82.93736,41.516799],[-82.9371813298528,41.5166353713861],[-82.93521,41.51483],[-82.926384,41.514262],[-82.910933,41.515928],[-82.9082856139587,41.5165444470888],[-82.9036220172867,41.5176303712973],[-82.9032971139243,41.517706025444],[-82.89427,41.519808],[-82.88847,41.521803],[-82.877224,41.527598],[-82.8760393520743,41.5284344236772],[-82.868583,41.533699],[-82.868289,41.534961],[-82.861744,41.540725],[-82.860823,41.542631],[-82.861509,41.544406],[-82.857162,41.547117],[-82.8568539485866,41.5470809988107],[-82.8566445850693,41.5470565310262],[-82.855502,41.546923],[-82.855061,41.54755],[-82.8558869023491,41.5482182545392],[-82.856596,41.548792],[-82.856347,41.551141],[-82.85522,41.552236],[-82.855788,41.553131],[-82.8557843183959,41.553906284453],[-82.8557833253657,41.554115400075],[-82.855776,41.555658],[-82.8530919147137,41.5582696187481],[-82.852924,41.558433],[-82.851423,41.560272],[-82.850679,41.562701],[-82.849946,41.563443],[-82.850079,41.565861],[-82.850992,41.566302],[-82.851581,41.565833],[-82.852135,41.563279],[-82.853948,41.56335],[-82.855049,41.564206],[-82.856447,41.567876],[-82.854892,41.569226],[-82.8543821699853,41.5709949056914],[-82.8542498376439,41.5714540458459],[-82.854119,41.571908],[-82.855736,41.573521],[-82.859175,41.574539],[-82.859531,41.576371],[-82.857126,41.578957],[-82.854971,41.580191],[-82.852923,41.583315],[-82.850715,41.583474],[-82.84723,41.585344],[-82.8437997542221,41.5859364478118],[-82.839622,41.586658],[-82.833823,41.586989],[-82.828157,41.580786],[-82.821205,41.571406],[-82.8138725794392,41.5661172479034],[-82.805526,41.560097],[-82.794324,41.546486],[-82.785496,41.540675],[-82.7843785304116,41.5406302037518],[-82.7742694943667,41.5402249606095],[-82.773572,41.540197],[-82.773386,41.538693],[-82.772017,41.538522],[-82.76764,41.540934],[-82.767632,41.541728],[-82.7638721447673,41.5427036081245],[-82.750201,41.546251],[-82.7483494363696,41.5460148359134],[-82.7416868137155,41.5451650286651],[-82.740244,41.544981],[-82.73607,41.543482],[-82.7276417345831,41.542819835497],[-82.7227276465496,41.5424337614356],[-82.720045,41.542223],[-82.716648,41.540733],[-82.714216,41.537297],[-82.711584,41.536317],[-82.714096,41.533386],[-82.712258,41.527882],[-82.714017,41.524368],[-82.717498,41.522406],[-82.7222976807616,41.5177377379184],[-82.722465,41.517575],[-82.721625,41.514736],[-82.7214015987502,41.5143055001272],[-82.7195514921615,41.5107402978202],[-82.718391,41.508504],[-82.71456,41.501296],[-82.715518,41.498819],[-82.717323,41.498495],[-82.719201,41.499675],[-82.720512,41.501895],[-82.719462,41.505612],[-82.7195734039987,41.5059818247499],[-82.720194,41.508042],[-82.7220284315853,41.5095987203605],[-82.722103,41.509662],[-82.7224266955477,41.5106781971716],[-82.722954576488,41.5123354059971],[-82.723574,41.51428],[-82.726085,41.513951],[-82.726252,41.511987],[-82.728897,41.511832],[-82.73092,41.512298],[-82.7361150553325,41.5117146063067],[-82.737661,41.511541],[-82.741498,41.51222],[-82.74741,41.512298],[-82.753958,41.510411],[-82.7589607854975,41.506634251123],[-82.761515,41.504706],[-82.765171,41.502861],[-82.772791,41.502948],[-82.773852,41.504889],[-82.777938,41.506478],[-82.780727,41.506684],[-82.78222,41.505831],[-82.785088,41.505684],[-82.789331,41.507096],[-82.793063,41.506772],[-82.79707,41.50486],[-82.7987286750796,41.5052557055439],[-82.801509,41.505919],[-82.801821,41.5062345725191],[-82.802295,41.506714],[-82.806027,41.506566],[-82.814945,41.502918],[-82.818844,41.499019],[-82.820983,41.491542],[-82.824073,41.490296],[-82.829913,41.496268],[-82.836827,41.500005],[-82.844213,41.502094],[-82.850774,41.499946],[-82.8508101748138,41.4999432612496],[-82.853878,41.499711],[-82.859731,41.494885],[-82.862049,41.494915],[-82.865388,41.492737],[-82.871281,41.491413],[-82.878628,41.489971],[-82.88291,41.488794],[-82.889588,41.489177],[-82.894426,41.489228],[-82.901081,41.488694],[-82.902749,41.487674],[-82.905892,41.489147],[-82.914967,41.488382],[-82.918896,41.488676],[-82.924317,41.488441],[-82.933942,41.486616],[-82.937164,41.48644],[-82.937622098736,41.4864929869886],[-82.943017,41.487117],[-82.9433065101674,41.487214016705],[-82.945649,41.487999],[-82.95221,41.488411],[-82.9527891452936,41.4888450134181],[-82.953467,41.489353],[-82.95936,41.488559],[-82.968475,41.480789],[-82.968357,41.47761],[-82.970031,41.47437],[-82.971671,41.473355],[-82.972099,41.471164],[-82.974524,41.469106],[-82.974755,41.467249],[-82.978221,41.46679],[-82.981654,41.467959],[-82.986645,41.467157],[-82.990353,41.464967],[-82.993062,41.460531],[-82.996699,41.460371],[-82.999551,41.462188],[-83.001517,41.462689],[-83.002216,41.463559],[-83.00191,41.464954],[-83.002942,41.467722],[-83.005982,41.468958],[-83.009144,41.469348],[-83.017172,41.468551],[-83.024835,41.467524],[-83.026965,41.465284],[-83.03888,41.464709],[-83.039776,41.464058],[-83.03916,41.457699],[-83.0386760969062,41.4575505577882],[-83.0386386190228,41.457539061065],[-83.051762,41.45734],[-83.067459,41.457169],[-83.120691,41.457485],[-83.120806,41.457467],[-83.18256,41.457837],[-83.182583,41.458397],[-83.19264,41.458367],[-83.220947,41.458189],[-83.230668,41.458158],[-83.240504,41.45812],[-83.273501,41.457959],[-83.2739,41.457958],[-83.282623,41.45792],[-83.283987,41.457908],[-83.284216,41.45791],[-83.288809,41.457832],[-83.299538,41.457721],[-83.318853,41.457699],[-83.338196,41.457508],[-83.33863,41.486639],[-83.338991,41.501189],[-83.358367,41.500912],[-83.374161,41.500635],[-83.377819,41.500586],[-83.380224,41.50057],[-83.414626,41.500228],[-83.414582,41.507551],[-83.414577,41.515001],[-83.414991,41.543981],[-83.415175,41.557551],[-83.415271,41.558503],[-83.415187,41.559331],[-83.415311,41.569347],[-83.415365,41.573957],[-83.415522,41.58735],[-83.415638,41.593646],[-83.415744,41.601868],[-83.415826,41.616441],[-83.415827,41.616615],[-83.415941,41.61911]]]]}},{"type":"Feature","id":"26089","properties":{"id":"26089","FIPS":"26089","stateFIPS":"26","name":"Leelanau","state":"MI","sourceId":"census-counties-2024"},"geometry":{"type":"MultiPolygon","coordinates":[[[[-85.568039,45.099781],[-85.567709,45.100061],[-85.56753,45.100517],[-85.567682,45.100704],[-85.567972,45.101028],[-85.567972,45.101341],[-85.567733,45.101413],[-85.567427,45.101209],[-85.567394,45.100908],[-85.566984,45.100824],[-85.566724,45.100673],[-85.56632,45.100127],[-85.56586,45.099502],[-85.56598,45.099249],[-85.566065,45.099105],[-85.56661,45.099225],[-85.567359,45.099201],[-85.568057,45.099454],[-85.568039,45.099781]]],[[[-85.789516,45.487821],[-85.782646,45.491596],[-85.778625,45.490178],[-85.775375,45.490154],[-85.772691,45.488084],[-85.770611,45.486489],[-85.769076,45.480322],[-85.766838,45.475788],[-85.770027,45.462488],[-85.770146,45.460737],[-85.771572,45.460571],[-85.773354,45.464738],[-85.777422,45.467412],[-85.77787,45.470989],[-85.780485,45.474072],[-85.783099,45.477072],[-85.792961,45.481976],[-85.789516,45.487821]]],[[[-85.884707,45.444814],[-85.859513,45.439395],[-85.852073,45.436947],[-85.831967,45.42048],[-85.826544,45.405876],[-85.827783,45.393264],[-85.830279,45.38425],[-85.833844,45.379575],[-85.838716,45.377155],[-85.839192,45.378824],[-85.838478,45.38258],[-85.842163,45.391094],[-85.865217,45.41721],[-85.875108,45.42541],[-85.884707,45.444814]]],[[[-86.064483,45.139601],[-86.061522,45.145978],[-86.059393,45.152291],[-86.054473,45.154688],[-86.050473,45.158418],[-86.04443,45.159582],[-86.033174,45.15842],[-86.005946,45.155751],[-85.993194,45.152805],[-85.989412,45.151069],[-85.987819,45.148031],[-85.984616,45.143856],[-85.976803,45.138363],[-85.975772,45.133669],[-85.976872,45.126281],[-85.974679,45.122592],[-85.975324,45.121458],[-85.97697,45.119884],[-85.979276,45.116393],[-85.980433,45.113046],[-85.980551,45.107559],[-85.982285,45.102883],[-85.984095,45.087073],[-85.982799,45.080787],[-85.977082,45.072993],[-85.963577,45.06358],[-85.960879,45.060508],[-85.976883,45.06266],[-85.983365,45.060691],[-85.987716,45.058246],[-85.994048,45.057327],[-85.997279,45.056021],[-85.99951,45.054063],[-86.007527,45.057172],[-86.010098,45.059723],[-86.013073,45.063774],[-86.016694,45.069034],[-86.019874,45.071665],[-86.025821,45.076805],[-86.032708,45.081153],[-86.037129,45.086576],[-86.041172,45.090404],[-86.044673,45.092347],[-86.052424,45.095311],[-86.058653,45.100776],[-86.060396,45.104617],[-86.060398,45.108285],[-86.05937,45.111135],[-86.058125,45.114867],[-86.058419,45.117876],[-86.059722,45.12136],[-86.060975,45.123161],[-86.06107,45.128024],[-86.062159,45.133504],[-86.064254,45.137582],[-86.064483,45.139601]]],[[[-86.078592,44.794393],[-86.0721575337518,44.804096393156],[-86.071746,44.804717],[-86.067671,44.814617],[-86.066514,44.819869],[-86.066516077697,44.821954453753],[-86.0665233273352,44.8292311572884],[-86.066529,44.834925],[-86.070761679085,44.8630889861875],[-86.071112,44.86542],[-86.072468,44.884788],[-86.07099,44.895876],[-86.066745,44.905685],[-86.063813,44.90813],[-86.058862,44.911012],[-86.043808,44.914729],[-86.041371,44.914185],[-86.039707,44.913595],[-86.035484,44.911317],[-86.031194,44.907349],[-86.021513,44.902774],[-86.0135332077299,44.9005949483191],[-86.009355,44.899454],[-86.001706,44.898786],[-85.992535,44.900026],[-85.985218,44.902933],[-85.9811479735734,44.905540780485],[-85.980219,44.906136],[-85.972824,44.914781],[-85.969598,44.924061],[-85.967169,44.929484],[-85.961603,44.935567],[-85.952721,44.940758],[-85.9518984184708,44.9418080867199],[-85.946672,44.94848],[-85.94391,44.951028],[-85.942099,44.954317],[-85.938589,44.964559],[-85.9358653934662,44.9662070372058],[-85.9316,44.968788],[-85.923797,44.969219],[-85.915851,44.968307],[-85.897626,44.962014],[-85.891543,44.957783],[-85.886779,44.950785],[-85.879934,44.943305],[-85.876246,44.941074],[-85.8727935408173,44.9399708761166],[-85.869852,44.939031],[-85.854304,44.938147],[-85.83615,44.940256],[-85.818437,44.945271],[-85.813308,44.946985],[-85.8116070948743,44.9477998790179],[-85.807403,44.949814],[-85.8046253865586,44.9527304003385],[-85.797036,44.960699],[-85.796699,44.961779],[-85.788383,44.96913],[-85.786258,44.970786],[-85.780439,44.977932],[-85.778278,44.983075],[-85.778723,44.985859],[-85.777443,44.99013],[-85.776207,45.000574],[-85.7766204795202,45.0014717429689],[-85.778491,45.005533],[-85.778767,45.006586],[-85.778728,45.007934],[-85.780042,45.009625],[-85.7772159596202,45.0127399245075],[-85.776442,45.013593],[-85.773822,45.014099],[-85.769529,45.01699],[-85.7632427108523,45.0223463308199],[-85.762945,45.0226],[-85.763458,45.02433],[-85.762216,45.025922],[-85.7604899225142,45.026286599255],[-85.760346,45.026317],[-85.7571034559655,45.0328386361306],[-85.75591,45.035239],[-85.75565,45.03668],[-85.753623,45.040957],[-85.748079,45.049113],[-85.747166,45.050502],[-85.744577,45.05339],[-85.742738,45.054818],[-85.740836,45.055575],[-85.725037,45.06113],[-85.722048,45.061273],[-85.721077,45.062402],[-85.712262,45.065622],[-85.703307,45.070992],[-85.698465,45.074608],[-85.696132,45.077043],[-85.693817,45.079453],[-85.693094588908,45.0816472341481],[-85.692506,45.083435],[-85.6917115549075,45.0840794564962],[-85.691542,45.084217],[-85.687817,45.08634],[-85.681096,45.092693],[-85.679688,45.096028],[-85.678472,45.100679],[-85.675671,45.10554],[-85.676557,45.107798],[-85.676057,45.113042],[-85.67573,45.115355],[-85.673437,45.119552],[-85.671133,45.121476],[-85.667867,45.124343],[-85.663132,45.131752],[-85.662131,45.132712],[-85.65979,45.135844],[-85.656024,45.145788],[-85.653865,45.148155],[-85.64889,45.152789],[-85.645077,45.157377],[-85.640538,45.162424],[-85.636089,45.166568],[-85.6325471609943,45.1692771485888],[-85.632431,45.169366],[-85.630899,45.1713],[-85.629717,45.17463],[-85.624038,45.180163],[-85.620822,45.182851],[-85.618611,45.185635],[-85.618361,45.18702],[-85.617489,45.187048],[-85.615961,45.185848],[-85.613174,45.184624],[-85.611684,45.181104],[-85.606963,45.178477],[-85.60025,45.178032],[-85.593064,45.178527],[-85.585986,45.180381],[-85.579931,45.183396],[-85.577148,45.185478],[-85.575818,45.187055],[-85.572138,45.188376],[-85.564654,45.192546],[-85.562886,45.195544],[-85.561809,45.200524],[-85.559436,45.201169],[-85.557288,45.203628],[-85.555734,45.20589],[-85.55359,45.208121],[-85.551072,45.210742],[-85.544908,45.211113],[-85.540748,45.210906],[-85.537991,45.20736],[-85.537431,45.204016],[-85.537364,45.200866],[-85.532064,45.197874],[-85.526734,45.189316],[-85.531461,45.177247],[-85.536931,45.172779],[-85.542685,45.1717],[-85.552179,45.167352],[-85.554445,45.165346],[-85.554722,45.162502],[-85.557866,45.16226],[-85.560084,45.160665],[-85.56168,45.15894],[-85.561775,45.157258],[-85.559512,45.154908],[-85.559228,45.153113],[-85.557734,45.145757],[-85.555098,45.144756],[-85.554083,45.142568],[-85.555316,45.142136],[-85.557693,45.143896],[-85.559713,45.144315],[-85.561852,45.143393],[-85.560545,45.13937],[-85.559007,45.136157],[-85.558166,45.134539],[-85.558373,45.133209],[-85.561385,45.134722],[-85.564612,45.137498],[-85.564807,45.142858],[-85.563994,45.144013],[-85.562843,45.146185],[-85.565658,45.151828],[-85.567909,45.153652],[-85.570178,45.155145],[-85.573893,45.155488],[-85.576881,45.15507],[-85.576826,45.152781],[-85.576793,45.151583],[-85.579203,45.15144],[-85.580451,45.15332],[-85.582631,45.154144],[-85.586584,45.153972],[-85.590434,45.153175],[-85.596061,45.151375],[-85.599801,45.149286],[-85.600625,45.148053],[-85.601481,45.145309],[-85.601145,45.142633],[-85.60192,45.1405],[-85.602449770545,45.1401014457706],[-85.604944,45.138225],[-85.606779,45.135606],[-85.610243,45.133547],[-85.614319,45.127562],[-85.613905,45.123087],[-85.611131,45.120033],[-85.6108206092498,45.1189473813063],[-85.6093335015455,45.1137460925368],[-85.609266,45.11351],[-85.605595,45.107989],[-85.603708,45.106284],[-85.6015844083343,45.1052531199093],[-85.599724,45.10435],[-85.598376,45.104893],[-85.596932,45.104698],[-85.595396,45.099248],[-85.597125,45.096727],[-85.598481,45.09583],[-85.598441,45.091461],[-85.59436,45.086491],[-85.592376,45.085432],[-85.591466,45.084602],[-85.591451,45.083367],[-85.591549,45.082498],[-85.58802,45.078906],[-85.5867494035099,45.0772592587342],[-85.584436,45.074261],[-85.582896,45.071573],[-85.583707,45.068486],[-85.580125,45.066378],[-85.575296,45.06611],[-85.572962,45.067336],[-85.571643,45.065234],[-85.569761,45.064117],[-85.569923,45.062162],[-85.567047,45.060207],[-85.566179,45.058866],[-85.567156,45.057486],[-85.567156,45.054457],[-85.566613,45.052962],[-85.56759,45.050585],[-85.566125,45.047518],[-85.566505,45.043991],[-85.567789,45.041858],[-85.57016,45.041278],[-85.573976,45.043361],[-85.578728,45.051619],[-85.579148,45.055454],[-85.581048,45.056029],[-85.586617,45.055973],[-85.588994,45.054714],[-85.590544,45.052426],[-85.590136,45.047504],[-85.591466,45.046752],[-85.596947,45.045065],[-85.597653,45.043838],[-85.597671918226,45.041285440837],[-85.5976772586192,45.0405648833368],[-85.597707,45.036552],[-85.599226,45.032986],[-85.5994174768115,45.0324162125532],[-85.600257,45.029918],[-85.599404,45.027435],[-85.5994340962135,45.0267449714912],[-85.5994543013721,45.0262817193484],[-85.5994879753137,45.0255096627672],[-85.5995083790907,45.0250418568152],[-85.5995477433099,45.0241393368554],[-85.5995540251355,45.0239953108057],[-85.5996057164467,45.022810162437],[-85.599652,45.021749],[-85.6018624359733,45.0198139242571],[-85.6034500272833,45.0184241036648],[-85.6081761136993,45.014286759135],[-85.608723,45.013808],[-85.612557,45.011376],[-85.614741,45.010691],[-85.618398,45.007533],[-85.621421,45.005905],[-85.622072,45.004486],[-85.623428,45.003987],[-85.627227,45.004064],[-85.629398,45.003066],[-85.631134,45.000802],[-85.633847,44.999689],[-85.635041,44.998116],[-85.635692,44.993358],[-85.6401880315663,44.989582541631],[-85.640902,44.988983],[-85.641607,44.984608],[-85.643344,44.982765],[-85.643614,44.98164],[-85.6447384502671,44.9796521156758],[-85.644803,44.979538],[-85.647417,44.978445],[-85.648011,44.976596],[-85.649476,44.974589],[-85.648607,44.971557],[-85.6467009503235,44.9702951769829],[-85.645243,44.96933],[-85.641444,44.967986],[-85.639491,44.968716],[-85.6387601789749,44.9684161034784],[-85.634064,44.966489],[-85.629506,44.966719],[-85.628403,44.9676],[-85.627214,44.970543],[-85.625788,44.971636],[-85.620797,44.974242],[-85.6164,44.978193],[-85.608885,44.985183],[-85.606932,44.988177],[-85.606823,44.989942],[-85.606009,44.990825],[-85.602808,44.991055],[-85.599648,44.989786],[-85.599389,44.989175],[-85.59977,44.988098],[-85.59899,44.985633],[-85.599721,44.984237],[-85.599599,44.982238],[-85.599015,44.981239],[-85.600184,44.97824],[-85.602356,44.974272],[-85.601969,44.972585],[-85.602896,44.971039],[-85.60237,44.969447],[-85.602705,44.968296],[-85.602178,44.965723],[-85.601399,44.964636],[-85.60144,44.962218],[-85.603949,44.958611],[-85.602609,44.953734],[-85.602487729747,44.9524887615489],[-85.602322,44.950787],[-85.602848,44.949805],[-85.602848,44.948179],[-85.604093,44.945367],[-85.603357,44.942706],[-85.60363,44.940698],[-85.604756,44.938386],[-85.604217,44.936998],[-85.60438,44.934255],[-85.603214,44.928681],[-85.600982,44.92501],[-85.6010317860801,44.9249330186334],[-85.601328,44.924475],[-85.6052885902968,44.92431606091],[-85.60686,44.924253],[-85.609719,44.923652],[-85.615471,44.924119],[-85.620405,44.923719],[-85.624648,44.922139],[-85.626251,44.919201],[-85.627571,44.91731],[-85.631436,44.908207],[-85.630556,44.906315],[-85.633762,44.90213],[-85.635786,44.897556],[-85.637609,44.894671],[-85.636908,44.893346],[-85.6377,44.892138],[-85.639842,44.890255],[-85.645456,44.883645],[-85.6461414441681,44.8817450418413],[-85.648932,44.87401],[-85.649229,44.871848],[-85.647791,44.86754],[-85.648978,44.865674],[-85.6488466516892,44.8629282492246],[-85.648748,44.860866],[-85.650573,44.857756],[-85.65015,44.855534],[-85.652355,44.849092],[-85.6518967783829,44.847749966082],[-85.651035,44.845226],[-85.651938,44.842074],[-85.650859,44.835455],[-85.651435,44.831624],[-85.64807,44.825054],[-85.64651,44.820847],[-85.643558,44.816558],[-85.6431138598773,44.8152199871016],[-85.641652,44.810816],[-85.639509,44.808517],[-85.638418,44.806011],[-85.636445,44.80345],[-85.633994,44.801547],[-85.633263,44.800437],[-85.633686,44.79852],[-85.634642,44.796085],[-85.6336098108759,44.7940037818141],[-85.6336,44.793984],[-85.633494,44.792433],[-85.634575,44.79134],[-85.637,44.790078],[-85.636382,44.788104],[-85.637098,44.786062],[-85.638236,44.780777],[-85.6395638466876,44.7789496805571],[-85.639863,44.778538],[-85.640781,44.775561],[-85.6407421628302,44.775494954291],[-85.6406682591039,44.7753692751023],[-85.642064,44.775236],[-85.643971,44.775243],[-85.659181,44.775313],[-85.694344,44.775477],[-85.714395,44.775175],[-85.755152,44.774607],[-85.810822,44.774507],[-85.815119,44.774534],[-85.834515,44.775236],[-85.89637,44.777179],[-85.937084,44.778345],[-85.957632,44.778535],[-86.028705,44.77859],[-86.039049,44.778459],[-86.053642,44.778458],[-86.054323,44.778387],[-86.057396,44.778345],[-86.0746093119234,44.7781089198298],[-86.074789,44.780521],[-86.078466,44.793249],[-86.078592,44.794393]]],[[[-86.155654,45.01439],[-86.154557,45.018102],[-86.147432,45.02749],[-86.141644,45.040251],[-86.138095,45.043038],[-86.127876,45.045979],[-86.117908,45.048478],[-86.113136,45.045712],[-86.10581,45.044164],[-86.102943,45.042992],[-86.093166,45.041492],[-86.090168,45.04145],[-86.085249,45.039543],[-86.080354,45.035211],[-86.07781,45.03241],[-86.077616,45.030803],[-86.079103,45.030795],[-86.087692,45.032118],[-86.093451,45.03166],[-86.097094,45.030128],[-86.100315,45.02624],[-86.101894,45.022811],[-86.101214,45.018101],[-86.097675,45.013371],[-86.093535,45.011686],[-86.092235,45.010129],[-86.093536,45.007838],[-86.094743,45.006825],[-86.095988,45.006365],[-86.101285,45.005565],[-86.104679,45.004041],[-86.106795,45.00217],[-86.112034,45.001423],[-86.115699,44.999093],[-86.119241,44.998655],[-86.124877,44.999584],[-86.134832,44.996963],[-86.154326,45.002731],[-86.155845,45.004918],[-86.155654,45.01439]]]]}},{"type":"Feature","id":"39003","properties":{"id":"39003","FIPS":"39003","stateFIPS":"39","name":"Allen","state":"OH","sourceId":"census-counties-2024"},"geometry":{"type":"Polygon","coordinates":[[[-84.397374,40.815941],[-84.35943,40.816079],[-84.340101,40.816143],[-84.340245,40.828383],[-84.340252,40.828953],[-84.340305,40.833816],[-84.340356,40.839719],[-84.340381,40.845043],[-84.340415,40.849138],[-84.340531,40.859099],[-84.334366,40.859189],[-84.329623,40.859295],[-84.323183,40.859405],[-84.32315,40.859305],[-84.320275,40.859339],[-84.313068,40.859426],[-84.287441,40.859647],[-84.286828,40.859637],[-84.268161,40.859696],[-84.252739,40.859755],[-84.224863,40.860112],[-84.22485,40.859307],[-84.109586,40.860994],[-84.10968,40.868148],[-84.109937,40.894299],[-84.109516,40.90473],[-84.070163,40.904905],[-84.020359,40.904893],[-84.013692,40.904948],[-84.009388,40.904963],[-83.995165,40.905066],[-83.995208,40.915026],[-83.995228,40.919843],[-83.937745,40.920261],[-83.918652,40.920287],[-83.880423,40.920429],[-83.880408,40.907752],[-83.880402,40.905907],[-83.880395,40.901954],[-83.880393,40.901276],[-83.880387,40.899663],[-83.880383,40.89886],[-83.880367,40.895929],[-83.880336,40.892435],[-83.880304,40.885246],[-83.880307,40.884547],[-83.880301,40.881537],[-83.880284,40.877936],[-83.88026,40.863482],[-83.880254,40.862484],[-83.880063,40.819919],[-83.880012,40.790948],[-83.879916,40.761709],[-83.879901,40.7472],[-83.879834,40.732443],[-83.880055,40.674596],[-83.880194,40.64469],[-83.899255,40.644672],[-83.929713,40.644533],[-83.975205,40.644199],[-83.994079,40.644132],[-84.039175,40.643949],[-84.107787,40.643069],[-84.107908,40.657938],[-84.131201,40.657645],[-84.131527,40.657641],[-84.141272,40.657407],[-84.150878,40.657312],[-84.152235,40.657294],[-84.165208,40.657141],[-84.222749,40.656948],[-84.222799,40.685957],[-84.24995,40.685934],[-84.256175,40.68608],[-84.256741,40.685969],[-84.263301,40.685869],[-84.276934,40.685759],[-84.299152,40.685723],[-84.318213,40.685658],[-84.339289,40.685598],[-84.339289,40.685083],[-84.37761,40.684947],[-84.396778,40.684926],[-84.397115,40.765045],[-84.397178,40.783812],[-84.397189,40.786584],[-84.397374,40.815941]]]}},{"type":"Feature","id":"39021","properties":{"id":"39021","FIPS":"39021","stateFIPS":"39","name":"Champaign","state":"OH","sourceId":"census-counties-2024"},"geometry":{"type":"Polygon","coordinates":[[[-84.031935,40.086072],[-84.029857,40.111431],[-84.029521,40.115128],[-84.028365,40.127862],[-84.027283,40.13565],[-84.027238,40.140233],[-84.022919,40.183945],[-84.022898,40.183988],[-84.021392,40.20061],[-84.018852,40.229549],[-84.018356,40.234523],[-84.016296,40.256626],[-84.014938,40.271354],[-84.014763,40.273459],[-83.898367,40.266545],[-83.879092,40.265353],[-83.87084,40.264722],[-83.865026,40.264598],[-83.841394,40.263288],[-83.793616,40.260519],[-83.784196,40.260046],[-83.783912,40.259765],[-83.784631,40.252705],[-83.785354,40.245213],[-83.753544,40.243383],[-83.746106,40.242985],[-83.727098,40.241684],[-83.711799,40.240602],[-83.668846,40.237666],[-83.668171,40.237614],[-83.665983,40.237567],[-83.664309,40.237293],[-83.630254,40.2349],[-83.601367,40.232946],[-83.579426,40.231372],[-83.559935,40.229976],[-83.553908,40.229543],[-83.551338,40.22937],[-83.530104,40.227851],[-83.505315,40.226006],[-83.494498,40.225467],[-83.4946,40.224445],[-83.495906,40.209334],[-83.49677,40.19855],[-83.502686,40.126084],[-83.503084,40.120206],[-83.503714,40.111468],[-83.511323,40.0474],[-83.514876,40.019588],[-83.516069,40.010818],[-83.6041,40.01478],[-83.632361,40.016257],[-83.672897,40.019096],[-83.682615,40.019472],[-83.69192,40.020059],[-83.730739,40.022535],[-83.759814,40.024281],[-83.783329,40.025857],[-83.798511,40.026821],[-83.807225,40.027342],[-83.821134,40.028128],[-83.821571,40.028156],[-83.864255,40.030437],[-83.909691,40.032734],[-83.921011,40.033966],[-83.996418,40.038423],[-83.999935,40.038267],[-84.036069,40.040182],[-84.031935,40.086072]]]}},{"type":"Feature","id":"26007","properties":{"id":"26007","FIPS":"26007","stateFIPS":"26","name":"Alpena","state":"MI","sourceId":"census-counties-2024"},"geometry":{"type":"MultiPolygon","coordinates":[[[[-83.212075,45.05231],[-83.210548,45.052578],[-83.202015,45.046114],[-83.19674,45.039694],[-83.192673,45.035912],[-83.193451,45.034175],[-83.197747,45.034824],[-83.201527,45.038952],[-83.204946,45.040747],[-83.205801,45.044474],[-83.212397,45.05158],[-83.212075,45.05231]]],[[[-83.228895,45.046623],[-83.224636,45.04693],[-83.222956,45.050704],[-83.218084,45.049529],[-83.216899,45.043798],[-83.218325,45.041531],[-83.226983,45.040481],[-83.23046,45.042692],[-83.228895,45.046623]]],[[[-83.234009,45.055993],[-83.232464,45.056833],[-83.229755,45.056965],[-83.22871,45.056365],[-83.229424,45.055393],[-83.233851,45.054977],[-83.234009,45.055993]]],[[[-83.298775,45.065746],[-83.295753,45.065792],[-83.293673,45.067489],[-83.293322,45.069607],[-83.292323,45.070904],[-83.292535,45.072419],[-83.291699,45.073274],[-83.290299,45.073016],[-83.289064,45.071608],[-83.288947,45.070389],[-83.290946,45.068081],[-83.291621,45.06295],[-83.290293,45.061323],[-83.290552,45.060605],[-83.291702,45.060336],[-83.298606,45.063168],[-83.299288,45.06504],[-83.298775,45.065746]]],[[[-83.336341,45.191599],[-83.332749,45.195536],[-83.332272,45.197296],[-83.329886,45.197735],[-83.324193,45.196011],[-83.320104,45.192564],[-83.31986,45.189457],[-83.322064,45.187709],[-83.324881,45.187083],[-83.332108,45.188594],[-83.336094,45.190596],[-83.336341,45.191599]]],[[[-83.422543,44.989158],[-83.420823,44.990309],[-83.417586,44.991927],[-83.414241,44.990533],[-83.413043,44.989544],[-83.411795,44.987267],[-83.412818,44.986207],[-83.415115,44.985942],[-83.416434,44.986816],[-83.417212,44.987761],[-83.418959,44.988079],[-83.420856,44.987796],[-83.422528,44.988308],[-83.422543,44.989158]]],[[[-83.890439,45.03047],[-83.880234,45.030611],[-83.88026,45.059207],[-83.880309,45.064158],[-83.88031,45.066296],[-83.880343,45.073396],[-83.880916,45.101841],[-83.88123,45.116044],[-83.882911,45.159505],[-83.880541,45.188034],[-83.881223,45.202071],[-83.841255,45.203261],[-83.759242,45.204791],[-83.752096,45.205038],[-83.657445,45.204613],[-83.636881,45.204659],[-83.58114,45.20529],[-83.555291,45.205866],[-83.513882,45.207123],[-83.495131,45.207053],[-83.470748,45.206963],[-83.434032,45.206925],[-83.388467,45.207108],[-83.386298,45.205876],[-83.384265,45.203472],[-83.381647,45.203357],[-83.380282,45.203756],[-83.379335,45.201961],[-83.376801,45.198838],[-83.373449,45.194226],[-83.370504,45.189035],[-83.36995,45.186542],[-83.369054,45.184707],[-83.367428,45.18391],[-83.367096,45.183229],[-83.368896,45.182168],[-83.369228,45.178442],[-83.368046,45.172478],[-83.366443,45.17089],[-83.364709,45.170037],[-83.363951,45.169318],[-83.364603,45.167742],[-83.363678,45.166469],[-83.359895,45.16302],[-83.357031,45.162636],[-83.354534,45.1631],[-83.353141,45.162171],[-83.348684,45.161516],[-83.347251,45.159907],[-83.3465250451502,45.1583754964726],[-83.344305,45.153692],[-83.339997,45.150492],[-83.337822,45.14712],[-83.334906,45.142338],[-83.331898,45.142205],[-83.330488,45.145033],[-83.329087,45.145728],[-83.316118,45.141958],[-83.315924,45.139992],[-83.319315,45.137684],[-83.321814,45.137749],[-83.322711,45.13708],[-83.322406,45.133517],[-83.320453,45.131902],[-83.319406,45.12903],[-83.317283,45.128366],[-83.317278,45.127001],[-83.315548,45.126023],[-83.315615,45.125034],[-83.317191,45.124493],[-83.320413,45.120956],[-83.319791,45.116088],[-83.31646,45.112541],[-83.311471,45.112211],[-83.310613,45.108658],[-83.313462,45.106355],[-83.314353,45.102809],[-83.313283,45.100796],[-83.310669,45.099622],[-83.302183,45.094982],[-83.300932,45.09285],[-83.301837,45.092101],[-83.303964,45.092297],[-83.306075,45.090433],[-83.308414,45.089616],[-83.311509,45.090465],[-83.318981,45.089448],[-83.31988,45.087043],[-83.317684,45.085695],[-83.314453,45.086387],[-83.313059,45.085139],[-83.314187,45.081632],[-83.316533,45.081309],[-83.318585,45.080277],[-83.319213,45.075611],[-83.315502,45.074277],[-83.311078,45.0714],[-83.311684,45.070305],[-83.314398,45.070343],[-83.314793,45.068541],[-83.310706,45.066661],[-83.310751,45.065672],[-83.31539,45.059463],[-83.314518,45.056722],[-83.316304,45.054809],[-83.315324,45.052571],[-83.312217,45.052588],[-83.309916,45.051596],[-83.308487,45.049081],[-83.296306,45.046891],[-83.29357,45.047387],[-83.290155,45.046446],[-83.284295,45.045317],[-83.28214,45.046138],[-83.278352,45.045785],[-83.277037,45.044767],[-83.27502,45.041946],[-83.271581,45.03926],[-83.270322,45.034331],[-83.269087,45.032825],[-83.266399,45.026972],[-83.263022,45.025952],[-83.262416,45.025405],[-83.262707,45.024686],[-83.264241,45.023554],[-83.264555,45.02217],[-83.265508,45.02206],[-83.266864,45.023083],[-83.268893,45.023275],[-83.27071,45.023891],[-83.272663,45.023482],[-83.276982,45.025124],[-83.287734,45.026681],[-83.288145,45.0274],[-83.290325,45.027554],[-83.295822,45.030241],[-83.302215,45.031182],[-83.301876,45.032432],[-83.303741,45.033732],[-83.30994,45.033938],[-83.311393,45.033373],[-83.315026,45.034759],[-83.316793,45.037258],[-83.319724,45.038284],[-83.327836,45.03849],[-83.329822,45.039619],[-83.333503,45.04003],[-83.337063,45.041313],[-83.34084,45.042323],[-83.344979,45.044642],[-83.34796,45.048003],[-83.348953,45.049783],[-83.352004,45.050416],[-83.356,45.050176],[-83.357743,45.05098],[-83.358131,45.052092],[-83.359553,45.052911],[-83.363192,45.056403],[-83.363185,45.057183],[-83.36451,45.057682],[-83.367439,45.06225],[-83.363908,45.065473],[-83.364895,45.072031],[-83.366856,45.076166],[-83.3698408035046,45.0759983317731],[-83.370719,45.075949],[-83.372527,45.077096],[-83.380313,45.077075],[-83.381386,45.076079],[-83.385003,45.077053],[-83.3850224796635,45.0770503179783],[-83.38862,45.076555],[-83.3887419876409,45.0760901210118],[-83.38908,45.074802],[-83.391195,45.073568],[-83.390858,45.071144],[-83.392022,45.069087],[-83.395548,45.069109],[-83.395701,45.069823],[-83.399073,45.070624],[-83.405428,45.067458],[-83.4088,45.069628],[-83.410274,45.069129],[-83.410133,45.067992],[-83.411658,45.065705],[-83.414351,45.065459],[-83.416846,45.067198],[-83.418139,45.067117],[-83.418554,45.065512],[-83.41853,45.061541],[-83.42072,45.060338],[-83.424584,45.061673],[-83.4256079257897,45.0610680104728],[-83.4294603539279,45.0587917921167],[-83.4300402866457,45.0584491371858],[-83.4301220656471,45.0584008178253],[-83.430247,45.058327],[-83.433465,45.057958],[-83.437879,45.055014],[-83.442052,45.051056],[-83.447877,45.044916],[-83.4493963097511,45.0422639320204],[-83.454712,45.032985],[-83.4544135956718,45.0325644639425],[-83.453053,45.030647],[-83.449756,45.029361],[-83.449736,45.028588],[-83.450781,45.028358],[-83.453068,45.02823],[-83.457159,45.024743],[-83.456484,45.017219],[-83.453882,45.015889],[-83.450068,45.01769],[-83.435249,45.011883],[-83.431254,45.007998],[-83.434075,45.005454],[-83.435192,45.005376],[-83.436872,45.006734],[-83.4395,45.007342],[-83.441334,45.006951],[-83.44319,45.008342],[-83.447965,45.008773],[-83.45399,45.011203],[-83.4623,45.00608],[-83.463841,45.003138],[-83.464149,44.996164],[-83.460297,44.992022],[-83.454353,44.989542],[-83.450977,44.989418],[-83.449078,44.985861],[-83.447055,44.983581],[-83.445946,44.980781],[-83.445697,44.973412],[-83.445805,44.97077],[-83.445613,44.963457],[-83.443718,44.952247],[-83.4414485183855,44.9469238473196],[-83.438856,44.940843],[-83.433032,44.93289],[-83.4324801898241,44.9324505386904],[-83.4253282857205,44.9267547663379],[-83.425311,44.926741],[-83.42039,44.925946],[-83.4194081653076,44.9253372156251],[-83.4193144349672,44.92527909834],[-83.414105,44.922049],[-83.4110792984168,44.9210027799132],[-83.404596,44.918761],[-83.4042,44.916427],[-83.401581,44.91275],[-83.399093,44.911557],[-83.398646,44.910321],[-83.400003,44.909064],[-83.399077,44.905959],[-83.39577,44.905154],[-83.394843,44.903168],[-83.390264,44.901789],[-83.381126,44.900756],[-83.379182,44.901319],[-83.376388,44.900546],[-83.374367,44.896929],[-83.366243,44.890496],[-83.352813,44.885618],[-83.345324,44.883853],[-83.343627,44.884642],[-83.341803,44.884496],[-83.336778,44.883255],[-83.331657,44.883841],[-83.328924,44.881862],[-83.320503,44.880571],[-83.317799,44.881859],[-83.315803,44.881005],[-83.315641,44.878232],[-83.319181,44.874478],[-83.318941,44.87152],[-83.315958,44.868752],[-83.316355,44.865425],[-83.317886,44.862959],[-83.319548,44.860602],[-83.321455,44.858487],[-83.404112,44.858792],[-83.424004,44.85871],[-83.526107,44.859539],[-83.556675,44.859278],[-83.587297,44.859058],[-83.606432,44.859027],[-83.607767,44.858937],[-83.766941,44.856735],[-83.787024,44.856757],[-83.800299,44.856555],[-83.802707,44.856605],[-83.888484,44.856458],[-83.888482,44.856635],[-83.888831,44.943599],[-83.888946,44.949158],[-83.889405,44.972745],[-83.889406,44.972805],[-83.890439,45.03047]]]]}},{"type":"Feature","id":"26119","properties":{"id":"26119","FIPS":"26119","stateFIPS":"26","name":"Montmorency","state":"MI","sourceId":"census-counties-2024"},"geometry":{"type":"Polygon","coordinates":[[[-84.371664,44.939654],[-84.371618,44.939848],[-84.371609,44.94088],[-84.371433,44.949551],[-84.371554,44.95002],[-84.371062,44.970107],[-84.369967,45.006544],[-84.369612,45.020542],[-84.369479,45.021381],[-84.369012,45.040015],[-84.368806,45.040882],[-84.368568,45.055296],[-84.367716,45.112623],[-84.366614,45.198737],[-84.36599,45.198735],[-84.246634,45.198727],[-84.135352,45.198653],[-84.12381,45.198651],[-84.013038,45.198621],[-84.003819,45.198821],[-83.908512,45.201377],[-83.893935,45.20177],[-83.881223,45.202071],[-83.880541,45.188034],[-83.882911,45.159505],[-83.88123,45.116044],[-83.880916,45.101841],[-83.880343,45.073396],[-83.88031,45.066296],[-83.880309,45.064158],[-83.88026,45.059207],[-83.880234,45.030611],[-83.890439,45.03047],[-83.889406,44.972805],[-83.889405,44.972745],[-83.888946,44.949158],[-83.888831,44.943599],[-83.888482,44.856635],[-84.010029,44.855723],[-84.131623,44.854905],[-84.131932,44.854905],[-84.25232,44.855749],[-84.29926,44.855154],[-84.30101,44.85517],[-84.315343,44.855026],[-84.371737,44.855039],[-84.371664,44.939654]]]}},{"type":"Feature","id":"26029","properties":{"id":"26029","FIPS":"26029","stateFIPS":"26","name":"Charlevoix","state":"MI","sourceId":"census-counties-2024"},"geometry":{"type":"MultiPolygon","coordinates":[[[[-85.301735,45.816836],[-85.30071,45.817721],[-85.299049,45.817526],[-85.298928,45.816317],[-85.299763,45.815102],[-85.301543,45.815435],[-85.301735,45.816836]]],[[[-85.388545,45.218584],[-85.388334,45.222061],[-85.387473,45.223743],[-85.388403,45.225563],[-85.386875,45.227535],[-85.386418,45.229388],[-85.386835,45.231303],[-85.388721,45.232279],[-85.38883,45.233846],[-85.388593,45.23524],[-85.387481,45.236676],[-85.38567,45.238515],[-85.383718,45.242998],[-85.384034,45.244629],[-85.382702,45.245871],[-85.38101,45.248731],[-85.38114,45.250357],[-85.3791510936862,45.2546235948762],[-85.378392,45.256252],[-85.3775853249356,45.2573433429689],[-85.374915,45.260956],[-85.373712,45.264532],[-85.371593,45.270834],[-85.368294,45.273278],[-85.366229,45.27644],[-85.364185,45.276323],[-85.3640598879928,45.2763480224014],[-85.3603,45.2771],[-85.3593077097952,45.2778657657579],[-85.356616,45.279943],[-85.354194,45.282388],[-85.351627,45.283431],[-85.347234,45.284555],[-85.341872,45.286682],[-85.33691,45.290455],[-85.334799,45.293463],[-85.3347448779918,45.2936666974803],[-85.333775,45.297317],[-85.331163,45.300307],[-85.327424,45.302757],[-85.323686,45.303153],[-85.319384,45.303009],[-85.315389,45.304522],[-85.312821,45.306097],[-85.312255922411,45.3068659947225],[-85.3115803307857,45.307785384209],[-85.310557,45.309178],[-85.309667,45.310803],[-85.307646,45.31314],[-85.304937,45.315039],[-85.30386,45.318563],[-85.30206,45.319726],[-85.300693,45.321283],[-85.298857,45.321796],[-85.296155,45.320013],[-85.294489,45.317934],[-85.294848,45.316408],[-85.293383,45.315042],[-85.291818,45.314188],[-85.289568,45.314052],[-85.283754,45.314564],[-85.28144,45.315268],[-85.27718,45.315528],[-85.273789,45.315443],[-85.2735254297351,45.3155422559843],[-85.2708860391876,45.3165362046264],[-85.2653669777704,45.3186145873069],[-85.264864,45.318804],[-85.264146,45.319725],[-85.262996,45.319507],[-85.262570725149,45.3198371151876],[-85.2593045331685,45.322372462801],[-85.25505,45.325675],[-85.2550277570425,45.3257153907818],[-85.252193,45.330863],[-85.250486,45.334607],[-85.250821,45.337068],[-85.249787,45.339689],[-85.243557,45.340586],[-85.2419,45.339274],[-85.2402,45.339381],[-85.237705,45.338826],[-85.235629,45.339374],[-85.232066,45.341785],[-85.2317715126119,45.3419412774977],[-85.2263644939696,45.3448106545148],[-85.226019,45.344994],[-85.223192,45.346466],[-85.2191743271133,45.3495776130341],[-85.2191010618171,45.3496343556452],[-85.219046,45.349677],[-85.215203293727,45.3525680971934],[-85.21502,45.352706],[-85.213464,45.354546],[-85.209673,45.356937],[-85.209874,45.358778],[-85.206791,45.359523],[-85.204754,45.360614],[-85.203616,45.361887],[-85.196704,45.360641],[-85.19275,45.360187],[-85.182471,45.360824],[-85.1798777092614,45.3614070803213],[-85.1785161158136,45.361713223529],[-85.177254,45.361997],[-85.17499,45.363352],[-85.172836,45.363253],[-85.170292,45.36497],[-85.168661,45.364789],[-85.166039,45.365864],[-85.164416,45.367669],[-85.16241,45.36793],[-85.158956,45.367278],[-85.157076,45.367099],[-85.154625,45.36823],[-85.153454,45.369829],[-85.151428,45.36934],[-85.1486,45.368784],[-85.145701,45.369424],[-85.143651,45.370369],[-85.143333,45.371413],[-85.141366,45.372138],[-85.137942,45.373488],[-85.135854,45.373252],[-85.132865,45.37256],[-85.1306871402796,45.3718036533846],[-85.1302137762832,45.3716392592994],[-85.129951,45.371548],[-85.128437,45.371762],[-85.125323,45.37029],[-85.124232,45.370382],[-85.12201,45.368706],[-85.118541,45.36833],[-85.114472,45.367565],[-85.112098,45.367686],[-85.109326,45.366697],[-85.10587,45.366532],[-85.10431,45.367106],[-85.103045,45.366539],[-85.1007822232348,45.3665344096072],[-85.0960000607713,45.3665247082506],[-85.096019,45.363933],[-85.096038,45.363518],[-85.096107,45.359419],[-85.096123,45.355316],[-85.096533,45.335743],[-85.076273,45.335666],[-85.057176,45.334787],[-85.045967,45.334655],[-85.04389,45.332369],[-85.039173,45.328795],[-85.038259,45.32745],[-85.036932,45.322809],[-85.036185,45.321214],[-85.033841,45.319074],[-85.026947,45.314352],[-85.022839,45.310089],[-85.020909,45.305724],[-85.016439,45.299101],[-85.015318,45.297006],[-85.015019,45.294999],[-85.015872,45.293434],[-85.017563,45.292142],[-85.018894,45.28957],[-85.017192,45.288313],[-85.01416,45.281456],[-85.012769,45.279659],[-85.010235,45.277639],[-85.006681,45.275624],[-85.003474,45.273043],[-85.00097,45.272137],[-85.000052,45.272169],[-84.998114,45.272751],[-84.992329,45.274481],[-84.99146,45.274597],[-84.989372,45.274723],[-84.986824,45.274621],[-84.984615,45.274307],[-84.976557,45.272176],[-84.975397,45.27185],[-84.972303,45.271274],[-84.966633,45.271045],[-84.964347,45.271674],[-84.964154,45.272406],[-84.966294,45.277016],[-84.967316,45.281499],[-84.966714,45.286411],[-84.964787,45.291601],[-84.95592,45.291586],[-84.913724,45.29129],[-84.911525,45.291085],[-84.854005,45.290641],[-84.843966,45.290481],[-84.83934,45.290434],[-84.732687,45.289382],[-84.734155,45.231055],[-84.734413,45.202311],[-84.734303,45.201936],[-84.73512,45.138325],[-84.734745,45.129401],[-84.734799,45.114903],[-84.781601,45.11599],[-84.816284,45.116484],[-84.844224,45.116953],[-84.844852,45.116817],[-84.857452,45.116707],[-84.887888,45.116759],[-84.897044,45.116863],[-84.918116,45.117216],[-84.948402,45.11776],[-84.978695,45.118437],[-85.014634,45.117935],[-85.019562,45.117945],[-85.020869,45.117942],[-85.099224,45.118071],[-85.100011,45.118071],[-85.12946,45.118131],[-85.190179,45.117938],[-85.199139,45.117795],[-85.202507,45.117845],[-85.206285,45.117836],[-85.208837,45.11793],[-85.223681,45.117861],[-85.223078,45.160662],[-85.223028,45.165099],[-85.222707,45.20556],[-85.263125,45.20611],[-85.283133,45.206227],[-85.298854,45.20648],[-85.303725,45.206505],[-85.313284,45.206732],[-85.324064,45.206907],[-85.374135,45.207586],[-85.3886942098005,45.2077658295999],[-85.389132,45.210321],[-85.38843,45.213219],[-85.387956,45.214545],[-85.388475,45.216291],[-85.389916,45.217245],[-85.388545,45.218584]]],[[[-85.394765,45.777136],[-85.392423,45.778193],[-85.391527,45.779682],[-85.388496,45.779778],[-85.384497,45.782854],[-85.382435,45.786167],[-85.377062,45.787512],[-85.37782,45.789289],[-85.374927,45.791546],[-85.372447,45.792123],[-85.374652,45.795436],[-85.373687,45.796829],[-85.367764,45.796157],[-85.365904,45.798894],[-85.375823,45.802688],[-85.375823,45.804272],[-85.370037,45.804512],[-85.368315,45.808113],[-85.376098,45.812531],[-85.377958,45.814067],[-85.368797,45.818099],[-85.36308,45.817907],[-85.358087,45.814112],[-85.350681,45.802976],[-85.350268,45.795773],[-85.353576,45.792219],[-85.357363,45.792075],[-85.360187,45.789529],[-85.358396,45.786887],[-85.359429,45.784053],[-85.357018,45.779778],[-85.357638,45.778529],[-85.364044,45.77776],[-85.373136,45.769689],[-85.377129,45.769012],[-85.380057,45.770122],[-85.382351,45.771479],[-85.391803,45.774446],[-85.39256,45.775935],[-85.394765,45.777136]]],[[[-85.529878,45.800462],[-85.524288,45.802575],[-85.518025,45.803043],[-85.517584,45.805829],[-85.525676,45.810629],[-85.526603,45.814441],[-85.528927,45.816424],[-85.529131,45.818794],[-85.524469,45.819571],[-85.523944,45.821411],[-85.526548,45.824167],[-85.526216,45.827833],[-85.52333,45.828479],[-85.516819,45.827449],[-85.492486,45.819342],[-85.471346,45.806474],[-85.472861,45.803379],[-85.47122,45.799181],[-85.467826,45.79788],[-85.458294,45.797516],[-85.453722,45.794354],[-85.454152,45.791135],[-85.457948,45.789884],[-85.465157,45.788977],[-85.466391,45.786152],[-85.464558,45.782144],[-85.457289,45.779353],[-85.455474,45.777831],[-85.456366,45.776829],[-85.46329,45.776178],[-85.465536,45.77639],[-85.467571,45.78015],[-85.474151,45.779875],[-85.475692,45.777891],[-85.477757,45.778003],[-85.479018,45.779631],[-85.484855,45.78075],[-85.488427,45.779633],[-85.488399,45.77709],[-85.491748,45.774198],[-85.49562,45.773403],[-85.505752,45.778086],[-85.506872,45.779841],[-85.503863,45.781373],[-85.503058,45.783351],[-85.498879,45.783933],[-85.493359,45.788814],[-85.494793,45.791539],[-85.500509,45.793411],[-85.502754,45.798136],[-85.505874,45.799025],[-85.509718,45.795802],[-85.51956,45.797703],[-85.52956,45.798143],[-85.530841,45.799045],[-85.529878,45.800462]]],[[[-85.594489,45.83768],[-85.59122,45.840068],[-85.588172,45.8407],[-85.587033,45.84084],[-85.586111,45.839801],[-85.583757,45.839494],[-85.586309,45.836448],[-85.586921,45.833923],[-85.589179,45.83331],[-85.590605,45.833675],[-85.590539,45.835441],[-85.592744,45.836241],[-85.594489,45.83768]]],[[[-85.617538,45.810776],[-85.615828,45.812997],[-85.611967,45.814302],[-85.609471,45.812662],[-85.604309,45.811824],[-85.608851,45.809209],[-85.611124,45.807376],[-85.615953,45.8096],[-85.617538,45.810776]]],[[[-85.625977,45.601586],[-85.622658,45.603033],[-85.62102,45.609467],[-85.622063,45.613715],[-85.61985,45.624547],[-85.61549,45.627794],[-85.612663,45.630276],[-85.608199,45.631605],[-85.603851,45.640082],[-85.604463,45.649503],[-85.607775,45.655651],[-85.608302,45.663994],[-85.604823,45.667478],[-85.605574,45.672403],[-85.603354,45.67491],[-85.60347,45.68206],[-85.60066,45.684112],[-85.600017,45.688652],[-85.594703,45.690994],[-85.589813,45.698144],[-85.581702,45.701451],[-85.571781,45.711424],[-85.571337,45.717933],[-85.571724,45.723698],[-85.572395,45.727671],[-85.567695,45.728699],[-85.565132,45.730719],[-85.5637646497311,45.7328992075355],[-85.562163,45.735453],[-85.561921,45.740433],[-85.562723,45.74304],[-85.564774,45.745462],[-85.568879,45.749343],[-85.567128,45.750419],[-85.567991,45.758579],[-85.566441,45.760222],[-85.557069,45.759488],[-85.54956,45.757266],[-85.546444,45.75504],[-85.54375,45.751413],[-85.53562,45.750394],[-85.5347680385645,45.7503995796376],[-85.5257013404939,45.7504589589566],[-85.525237,45.750462],[-85.5245319445717,45.7506425151895],[-85.506704,45.755207],[-85.5018377682378,45.7544981429914],[-85.501267,45.754415],[-85.497656,45.746246],[-85.499455,45.744344],[-85.503758,45.742771],[-85.508818,45.742358],[-85.510091,45.742888],[-85.508522,45.744991],[-85.5090367957559,45.7484663682593],[-85.50904,45.748488],[-85.5091319436743,45.7485211374284],[-85.511576,45.749402],[-85.515145,45.749451],[-85.518469,45.747329],[-85.5189013144377,45.7467970473776],[-85.520569,45.744745],[-85.5217124908324,45.7402068240137],[-85.521911,45.739419],[-85.520803,45.737247],[-85.513597,45.736547],[-85.510895,45.734414],[-85.5093385573097,45.7322046278364],[-85.508249,45.730658],[-85.504866,45.730373],[-85.498777,45.726291],[-85.501,45.723689],[-85.50195,45.720785],[-85.501257,45.717626],[-85.496311,45.715136],[-85.496685,45.709925],[-85.494588,45.707342],[-85.494154,45.705378],[-85.494016,45.698476],[-85.496266,45.695689],[-85.5028,45.690998],[-85.505361,45.686214],[-85.506104,45.681148],[-85.503767,45.670472],[-85.500451,45.664298],[-85.490252,45.652122],[-85.490067,45.645426],[-85.487333,45.63735],[-85.488267,45.629985],[-85.487026,45.621211],[-85.487411,45.618605],[-85.489882,45.615181],[-85.491347,45.609665],[-85.491727,45.607527],[-85.494937,45.605505],[-85.499869,45.604568],[-85.506495,45.602541],[-85.507098,45.599971],[-85.508914,45.598387],[-85.509276,45.596475],[-85.515832,45.5946],[-85.518038,45.592912],[-85.520047,45.592953],[-85.526895,45.59159],[-85.530273,45.589253],[-85.532136,45.586858],[-85.534211,45.583613],[-85.533944,45.58019],[-85.534064,45.578198],[-85.537968,45.576969],[-85.541129,45.575045],[-85.546778,45.574112],[-85.557438,45.573241],[-85.557859,45.572107],[-85.560658,45.571584],[-85.561634,45.572213],[-85.574191,45.575004],[-85.576803,45.574606],[-85.581167,45.577435],[-85.585805,45.579849],[-85.596953,45.579458],[-85.602254,45.582395],[-85.609188,45.580634],[-85.619877,45.582884],[-85.626271,45.595053],[-85.625977,45.601586]]],[[[-85.696259,45.774391],[-85.694575,45.775593],[-85.690788,45.775649],[-85.688192,45.775061],[-85.685677,45.772368],[-85.684075,45.770125],[-85.687495,45.770244],[-85.693102,45.770887],[-85.69523,45.772657],[-85.696259,45.774391]]],[[[-85.700802,45.738525],[-85.697862,45.738803],[-85.69527,45.740824],[-85.69384,45.742252],[-85.694863,45.744163],[-85.693282,45.744469],[-85.691143,45.744178],[-85.68948,45.745339],[-85.690782,45.746864],[-85.68885,45.747238],[-85.685108,45.746212],[-85.68194,45.7465],[-85.681517,45.747495],[-85.676109,45.746122],[-85.66904,45.745253],[-85.668068,45.74453],[-85.663779,45.743605],[-85.644893,45.742702],[-85.650369,45.741655],[-85.653495,45.740309],[-85.655118,45.738244],[-85.654822,45.735442],[-85.654632,45.732865],[-85.653593,45.731081],[-85.652034,45.729774],[-85.651201,45.727529],[-85.651647,45.724055],[-85.650784,45.722502],[-85.652947,45.719888],[-85.654823,45.715882],[-85.658897,45.71252],[-85.661636,45.711184],[-85.663698,45.70834],[-85.667043,45.705926],[-85.669219,45.704491],[-85.67195,45.703051],[-85.673199,45.700821],[-85.673027,45.698167],[-85.675092,45.697236],[-85.678897,45.697004],[-85.680454,45.696062],[-85.684231,45.697392],[-85.688512,45.697467],[-85.690186,45.696498],[-85.69364,45.6961],[-85.697581,45.697649],[-85.696487,45.701081],[-85.694479,45.704337],[-85.695263,45.706339],[-85.69356,45.709189],[-85.69432,45.711356],[-85.696259,45.712063],[-85.696435,45.712585],[-85.693164,45.713235],[-85.689242,45.714148],[-85.68734,45.716803],[-85.687103,45.71979],[-85.688648,45.722694],[-85.691738,45.724685],[-85.693158,45.725656],[-85.692455,45.728698],[-85.692976,45.731393],[-85.694801,45.734293],[-85.696986,45.73583],[-85.697959,45.737448],[-85.701101,45.737988],[-85.700802,45.738525]]],[[[-85.844023,45.694828],[-85.840816,45.702512],[-85.841399,45.704904],[-85.840707,45.707386],[-85.839573,45.707972],[-85.838996,45.710154],[-85.837198,45.710343],[-85.83518,45.709197],[-85.834461,45.703885],[-85.83335,45.70239],[-85.835616,45.699711],[-85.834286,45.697344],[-85.834783,45.69637],[-85.839347,45.695964],[-85.840051,45.693587],[-85.84192,45.69234],[-85.843415,45.692909],[-85.844023,45.694828]]]]}},{"type":"Feature","id":"26063","properties":{"id":"26063","FIPS":"26063","stateFIPS":"26","name":"Huron","state":"MI","sourceId":"census-counties-2024"},"geometry":{"type":"MultiPolygon","coordinates":[[[[-83.431784,43.881781],[-83.429812,43.883058],[-83.426702,43.881974],[-83.423894,43.881685],[-83.422022,43.879805],[-83.419314,43.878721],[-83.419281,43.877781],[-83.416874,43.877757],[-83.414634,43.87648],[-83.415151,43.875292],[-83.41643,43.874604],[-83.4166737758651,43.8748262157886],[-83.417425,43.875511],[-83.423943,43.877444],[-83.4241038815778,43.8774086943171],[-83.425547,43.877092],[-83.42804,43.878383],[-83.428976,43.880889],[-83.430514,43.88101],[-83.431784,43.881781]]],[[[-83.433818,43.83553],[-83.428257,43.840527],[-83.425522,43.840626],[-83.424747,43.839837],[-83.4246725847635,43.8398086892074],[-83.421004,43.838413],[-83.419505,43.836911],[-83.4177321716651,43.8356279084426],[-83.415733,43.834181],[-83.417872,43.831506],[-83.418443,43.828008],[-83.421152,43.826979],[-83.42101,43.829037],[-83.420297,43.832329],[-83.4206219264381,43.8328759246884],[-83.422008,43.835209],[-83.422559,43.837568],[-83.4270156900322,43.8389235086482],[-83.427208,43.838982],[-83.4272375982799,43.8389536030544],[-83.4308455434609,43.83549209707],[-83.431766,43.834609],[-83.433818,43.83553]]],[[[-83.449304,43.81636],[-83.448046,43.818223],[-83.448245,43.819991],[-83.447583,43.821328],[-83.446921,43.822904],[-83.445266,43.823907],[-83.441823,43.823191],[-83.440395,43.821159],[-83.433069,43.820435],[-83.432994,43.819419],[-83.438088,43.818497],[-83.439771,43.817812],[-83.445729,43.816599],[-83.447049185358,43.8157573644451],[-83.448576,43.814784],[-83.450363,43.815405],[-83.449304,43.81636]]],[[[-83.449414,43.858836],[-83.444974,43.861456],[-83.436631,43.861909],[-83.434523,43.860728],[-83.431585,43.856621],[-83.433088,43.856087],[-83.436542,43.856395],[-83.43782,43.85544],[-83.437013,43.852206],[-83.439143,43.850282],[-83.438128,43.845456],[-83.438793,43.843274],[-83.438128,43.841677],[-83.438092,43.839494],[-83.440416,43.839388],[-83.440896,43.841916],[-83.442255,43.844321],[-83.443294,43.844977],[-83.445616,43.844974],[-83.446099,43.845961],[-83.445139,43.847239],[-83.446003,43.848236],[-83.447748,43.850753],[-83.447167,43.851685],[-83.447889,43.85392],[-83.448492945991,43.8542582268156],[-83.450721,43.855506],[-83.449414,43.858836]]],[[[-83.460691,43.81636],[-83.458396,43.822781],[-83.456269,43.82255],[-83.454828,43.825801],[-83.456063,43.826329],[-83.455514,43.827583],[-83.454553,43.827913],[-83.455102,43.829464],[-83.453776,43.832433],[-83.45129,43.835083],[-83.450313,43.835018],[-83.448944,43.833868],[-83.444604,43.834367],[-83.444811,43.832779],[-83.446618,43.830784],[-83.448379,43.831031],[-83.450528,43.829563],[-83.450528,43.827929],[-83.451794,43.826816],[-83.453336,43.823915],[-83.453193,43.822732],[-83.454548,43.820262],[-83.4547413505624,43.819971009229],[-83.458255,43.814683],[-83.455391,43.813767],[-83.452908,43.814632],[-83.451568,43.812382],[-83.45573,43.812097],[-83.458932,43.810051],[-83.460492,43.811679],[-83.460691,43.81636]]],[[[-83.4673986985307,43.7286494780206],[-83.466816,43.728977],[-83.464106,43.732507],[-83.461932,43.733048],[-83.4614371724429,43.7349900465068],[-83.461361,43.735289],[-83.4621741816568,43.7354643666512],[-83.463865,43.735829],[-83.462876,43.738301],[-83.459182,43.739395],[-83.4592961054641,43.7400528387889],[-83.4593333242759,43.7402674120197],[-83.459357697118,43.7404079258946],[-83.459429,43.740819],[-83.457606,43.743133],[-83.456472,43.744593],[-83.455339,43.747974],[-83.45396,43.74865],[-83.453073,43.748472],[-83.451693,43.751142],[-83.449604,43.751435],[-83.446616,43.753963],[-83.4463471311038,43.7542445374056],[-83.444621,43.756052],[-83.440399,43.762726],[-83.438061,43.767299],[-83.437911,43.768615],[-83.438999,43.769171],[-83.44006,43.770744],[-83.438897,43.77319],[-83.437351,43.775776],[-83.436305,43.777011],[-83.435117,43.779723],[-83.43331,43.781027],[-83.43167,43.784364],[-83.4305328903451,43.7843484060662],[-83.429847,43.784339],[-83.423899,43.783911],[-83.423810709258,43.7845278272359],[-83.423095,43.789528],[-83.4232101637862,43.7895601561221],[-83.425867,43.790302],[-83.427342,43.791238],[-83.429768,43.78819],[-83.4299029669174,43.7873171714914],[-83.42998,43.786819],[-83.431745,43.787017],[-83.431566,43.788548],[-83.4310515695881,43.7895850684115],[-83.430803739597,43.7900846824491],[-83.429623,43.792465],[-83.428411,43.796891],[-83.4269472584996,43.7967794695126],[-83.426508,43.796746],[-83.426781,43.79282],[-83.423944,43.791432],[-83.4220976202947,43.7928086752405],[-83.416829,43.796737],[-83.417107,43.797584],[-83.418344,43.798077],[-83.418364,43.798507],[-83.41666,43.799918],[-83.415423,43.802157],[-83.412984,43.804293],[-83.405559,43.806933],[-83.403943,43.807126],[-83.402945,43.807984],[-83.402854,43.809884],[-83.401967,43.810681],[-83.400235,43.811483],[-83.395684,43.819341],[-83.394217,43.82467],[-83.392919,43.825766],[-83.392350761495,43.8283213461037],[-83.392261,43.828725],[-83.391881,43.832469],[-83.388511,43.835468],[-83.390174,43.837066],[-83.390151,43.837448],[-83.387299,43.842838],[-83.388611,43.845018],[-83.388977,43.84643],[-83.390022395105,43.8472144920629],[-83.3901884420321,43.847339098057],[-83.390736,43.84775],[-83.390392,43.848386],[-83.384413,43.850973],[-83.385007,43.853033],[-83.384009,43.853321],[-83.3839835318947,43.8533154077353],[-83.381823,43.852841],[-83.3817947990086,43.8528392303114],[-83.37564,43.852453],[-83.374922,43.853165],[-83.373052,43.853184],[-83.372006,43.851967],[-83.365433,43.853205],[-83.36009,43.855786],[-83.3590843034157,43.8565602197767],[-83.357796,43.857552],[-83.3575398982954,43.8576111290898],[-83.35505,43.858186],[-83.354316,43.860308],[-83.352074,43.860892],[-83.339441,43.872141],[-83.337367,43.875939],[-83.333331,43.879029],[-83.329688,43.879656],[-83.325064,43.883999],[-83.326443,43.88716],[-83.3263496754055,43.890849850565],[-83.3263393536842,43.8912579488722],[-83.326205,43.89657],[-83.3270078927785,43.9008192627721],[-83.327012,43.900841],[-83.3271612338064,43.9009919969062],[-83.329382,43.903239],[-83.331342,43.903403],[-83.333575,43.90245],[-83.336677,43.904383],[-83.338954,43.904848],[-83.340976,43.904541],[-83.343545,43.905528],[-83.363263,43.906935],[-83.376816,43.909816],[-83.378863,43.909698],[-83.380439,43.909444],[-83.382408,43.909973],[-83.384934,43.90985],[-83.387098,43.90924],[-83.391145,43.909138],[-83.396416,43.907714],[-83.399122,43.908511],[-83.403687,43.911546],[-83.404628,43.915292],[-83.400934,43.917071],[-83.393169,43.915342],[-83.387498,43.913936],[-83.376204,43.9128],[-83.366792,43.91302],[-83.3595164406263,43.9134300765215],[-83.3456069332914,43.9142140660528],[-83.338121,43.914636],[-83.32695,43.915492],[-83.318094,43.917388],[-83.30924,43.920256],[-83.29599,43.927446],[-83.292772,43.929943],[-83.2913220494206,43.9309720332012],[-83.288876,43.932708],[-83.286378,43.934391],[-83.28364,43.936814],[-83.282651,43.937622],[-83.278866,43.94125],[-83.27974,43.943484],[-83.27941,43.944413],[-83.280002,43.945498],[-83.2783970509923,43.9468468557938],[-83.272375,43.951908],[-83.271375467768,43.9531516006327],[-83.2712734491485,43.9532785304261],[-83.26898,43.956132],[-83.2641110873191,43.9649336010581],[-83.26185,43.969021],[-83.26153,43.973525],[-83.2621025887203,43.9746141963968],[-83.262471,43.975315],[-83.253746,43.97548],[-83.247661,43.975869],[-83.2474314690749,43.9759100036795],[-83.2439384419513,43.9765340022301],[-83.243054,43.976692],[-83.239169,43.978176],[-83.229377,43.98038],[-83.226036,43.980653],[-83.220837,43.980678],[-83.2157278095414,43.9812261433015],[-83.211339,43.981697],[-83.205699,43.982559],[-83.2054338004785,43.9825960452142],[-83.198261,43.983598],[-83.190658,43.981902],[-83.185125,43.981586],[-83.180618,43.982109],[-83.175656,43.983142],[-83.172624,43.98443],[-83.170825,43.986233],[-83.17014,43.986985],[-83.164378,43.986215],[-83.15915,43.986906],[-83.151267,43.987764],[-83.145407,43.989441],[-83.134881,43.993147],[-83.1262407719143,43.9978875217095],[-83.120659,44.00095],[-83.119054,44.002683],[-83.112393,44.004698],[-83.10782,44.003245],[-83.09612,44.001811],[-83.0793509848152,44.0010813489797],[-83.079297,44.001079],[-83.071952,44.001954],[-83.066026,44.003366],[-83.0600164563581,44.0057236219257],[-83.058741,44.006224],[-83.046577,44.01571],[-83.043754,44.018986],[-83.0410015121142,44.02455904001],[-83.0408598381822,44.024845891224],[-83.040074,44.026437],[-83.0396163299513,44.0270831552732],[-83.038435,44.028751],[-83.039822,44.030895],[-83.0380439072729,44.0315086939473],[-83.036858,44.031918],[-83.0355953243209,44.0331672915781],[-83.03299,44.035745],[-83.0317233224465,44.0379480938872],[-83.029868,44.041175],[-83.0300854800538,44.0420483722795],[-83.030183,44.04244],[-83.028657,44.044447],[-83.027675,44.046204],[-83.026228,44.046037],[-83.024604,44.045174],[-83.019035,44.045468],[-83.017062,44.046035],[-83.014652,44.045684],[-83.01013,44.046324],[-83.009965793514,44.0463394180743],[-83.001908,44.047096],[-82.999283,44.04651],[-82.9967753939177,44.0474672044723],[-82.995749,44.047859],[-82.990728,44.048846],[-82.9840643068717,44.0533361741504],[-82.982674,44.054273],[-82.980743,44.055214],[-82.9801397631453,44.055707148937],[-82.973225,44.06136],[-82.969257,44.065109],[-82.966955,44.066763],[-82.963861,44.068266],[-82.958756,44.068102],[-82.958712,44.064447],[-82.957813,44.063549],[-82.9550415324488,44.0629146660713],[-82.952723,44.062384],[-82.947368,44.062187],[-82.9448269425679,44.0631773344399],[-82.944407,44.063341],[-82.938067,44.066182],[-82.9318697812886,44.0677578378183],[-82.930009,44.068231],[-82.921538,44.067896],[-82.92021,44.065509],[-82.912112,44.062339],[-82.909117,44.062595],[-82.900911,44.060233],[-82.895863,44.056478],[-82.893834,44.054277],[-82.889831,44.050952],[-82.875889,44.045046],[-82.870496,44.044796],[-82.865256,44.043683],[-82.85958,44.044223],[-82.858095,44.042358],[-82.8577215603998,44.0422757135261],[-82.8548018613903,44.0416323652144],[-82.852109,44.041039],[-82.851735962903,44.041114394673],[-82.8515885754649,44.0411441832055],[-82.850877,44.041288],[-82.848098,44.039723],[-82.840154,44.038202],[-82.838399,44.038469],[-82.8334551522263,44.0369585872927],[-82.833103,44.036851],[-82.831186,44.037699],[-82.8302564640987,44.0358087995533],[-82.830111,44.035513],[-82.82696,44.033712],[-82.819844483481,44.0330170317289],[-82.819537,44.032987],[-82.816833,44.033205],[-82.813891,44.032374],[-82.8136326566702,44.0310543703935],[-82.813456,44.030152],[-82.8129275272117,44.0297185639073],[-82.811304,44.028387],[-82.80724,44.027233],[-82.805207,44.02734],[-82.8049725478219,44.0272600455953],[-82.8000424422596,44.0255787489726],[-82.793205,44.023247],[-82.7930314167174,44.023016825093],[-82.790607,44.019802],[-82.788298,44.013712],[-82.785292,44.011761],[-82.783198,44.009366],[-82.778626,44.008132],[-82.772909,44.008748],[-82.769963,44.008174],[-82.7681630647517,44.0083673046283],[-82.766285,44.008569],[-82.764495,44.006602],[-82.759975,44.002968],[-82.757924,44.003242],[-82.756176,44.00193],[-82.755721,43.999771],[-82.753183,43.998487],[-82.750061,43.994825],[-82.7496896145138,43.9940859740914],[-82.748276,43.991273],[-82.748228737416,43.9912666141394],[-82.741726,43.990388],[-82.736956,43.985889],[-82.733892,43.978376],[-82.730826,43.976067],[-82.726547,43.967702],[-82.723767,43.965393],[-82.722573,43.963004],[-82.723041,43.961951],[-82.721229,43.959095],[-82.720395,43.955389],[-82.717116,43.950875],[-82.7107190369127,43.9476467281905],[-82.710674,43.947624],[-82.710875,43.946485],[-82.708517,43.943586],[-82.70659,43.940356],[-82.706274,43.938782],[-82.702075,43.937104],[-82.701017,43.934809],[-82.701095936703,43.9330217920837],[-82.701212,43.930394],[-82.700407,43.926375],[-82.695316,43.923082],[-82.694338,43.922315],[-82.6942507145346,43.9213191521901],[-82.6940919036431,43.9195072642918],[-82.693964,43.918048],[-82.691996,43.915276],[-82.68689,43.911094],[-82.684794,43.910679],[-82.682758,43.907241],[-82.683365,43.905796],[-82.684642,43.905468],[-82.6851247310808,43.9046019236491],[-82.68607,43.902906],[-82.685371,43.897432],[-82.6824897899851,43.8934287278463],[-82.6821488695944,43.8929550389795],[-82.681147,43.891563],[-82.680305,43.887961],[-82.679944,43.883992],[-82.6794945129679,43.8830946086367],[-82.6790011251881,43.8821095703578],[-82.67824,43.88059],[-82.670996,43.875865],[-82.66218,43.871612],[-82.656903,43.868777],[-82.655428,43.867761],[-82.6546825562199,43.8623212495187],[-82.654641,43.862018],[-82.6529159391897,43.8593669810859],[-82.652642,43.858946],[-82.650643,43.858757],[-82.650774,43.856748],[-82.649823,43.855425],[-82.651527,43.853487],[-82.650216,43.852329],[-82.647091,43.852377],[-82.646691,43.850841],[-82.645417,43.850663],[-82.645398,43.849744],[-82.649495,43.84961],[-82.649168,43.847814],[-82.644776,43.846443],[-82.647562,43.845001],[-82.647529,43.841266],[-82.644939,43.837578],[-82.6429167767652,43.8365414785111],[-82.6411835426975,43.8356530828457],[-82.64092,43.835518],[-82.637565,43.834859],[-82.6366900260038,43.83401349404],[-82.63660143871,43.833927890256],[-82.6358509998891,43.8332027252814],[-82.634091,43.831502],[-82.635107,43.831053],[-82.634779,43.828192],[-82.633632,43.825874],[-82.634484,43.825094],[-82.6338514622911,43.8235844225257],[-82.633206,43.822044],[-82.631469,43.820057],[-82.631174,43.818733],[-82.631534,43.817929],[-82.6313343891401,43.8175975745006],[-82.6298587536075,43.815147491156],[-82.629579,43.814683],[-82.628453,43.808729],[-82.6281149394764,43.8083242521033],[-82.6255836095539,43.8052935804023],[-82.624651,43.804177],[-82.625503,43.802271],[-82.621865,43.796688],[-82.621964,43.795718],[-82.623209,43.795245],[-82.624094,43.7934],[-82.623996,43.791933],[-82.625077,43.790182],[-82.624323,43.78694],[-82.619702,43.782586],[-82.614982,43.77925],[-82.6150969928725,43.7769027409085],[-82.615113,43.776576],[-82.614556,43.773452],[-82.613966,43.771606],[-82.617342,43.770754],[-82.618227,43.768221],[-82.61762,43.758924],[-82.619484,43.755778],[-82.617728,43.752009],[-82.618281,43.749878],[-82.616903,43.746044],[-82.612222,43.741793],[-82.612224,43.739771],[-82.6106,43.735632],[-82.611713,43.732886],[-82.611713,43.730944],[-82.610998,43.729606],[-82.612155,43.728022],[-82.612115,43.725441],[-82.6119289206643,43.7248462578419],[-82.6091483877134,43.7159591873803],[-82.608873,43.715079],[-82.606757,43.711081],[-82.607759,43.708371],[-82.60891,43.707593],[-82.608428,43.704186],[-82.609838,43.703407],[-82.610283,43.702254],[-82.610078,43.698297],[-82.6069133333559,43.6904666042226],[-82.639695,43.689666],[-82.64057,43.68968],[-82.699382,43.687652],[-82.719273,43.687028],[-82.758368,43.685895],[-82.878375,43.68277],[-82.997932,43.679304],[-83.058269,43.677354],[-83.117844,43.675493],[-83.202449,43.672778],[-83.207608,43.672624],[-83.217451,43.672319],[-83.235547,43.671885],[-83.235879,43.67188],[-83.275408,43.671111],[-83.284735,43.670925],[-83.295367,43.670719],[-83.35399,43.669722],[-83.358973,43.669625],[-83.433874,43.668192],[-83.466592,43.667621],[-83.466596,43.667893],[-83.467227,43.718384],[-83.467348,43.72562],[-83.4673986985307,43.7286494780206]]],[[[-83.481212,43.758229],[-83.479604,43.760244],[-83.477045,43.761541],[-83.474213,43.761286],[-83.473149,43.759373],[-83.47117,43.759063],[-83.469626,43.760176],[-83.467403,43.760569],[-83.465961,43.760005],[-83.4666013198876,43.7591831642163],[-83.467238,43.758366],[-83.46825,43.757507],[-83.471366,43.75619],[-83.47491,43.756096],[-83.476932,43.75758],[-83.480847,43.757593],[-83.481212,43.758229]]]]}},{"type":"Feature","id":"39095","properties":{"id":"39095","FIPS":"39095","stateFIPS":"39","name":"Lucas","state":"OH","sourceId":"census-counties-2024"},"geometry":{"type":"MultiPolygon","coordinates":[[[[-83.110635,41.737888],[-83.10734,41.741503],[-83.105569,41.74251],[-83.102088,41.741803],[-83.101873,41.740614],[-83.103337,41.738372],[-83.105566,41.737387],[-83.106084,41.736861],[-83.107025,41.736694],[-83.109902,41.736745],[-83.110835,41.737193],[-83.110635,41.737888]]],[[[-83.443366,41.704453],[-83.4303800476774,41.710461856167],[-83.427607,41.711745],[-83.42128,41.703376],[-83.4301024557346,41.6991767441391],[-83.434453,41.697106],[-83.438416,41.694319],[-83.445104,41.700952],[-83.443366,41.704453]]],[[[-83.461182,41.705705],[-83.4575228740446,41.7072547895716],[-83.455048,41.708303],[-83.449343,41.710499],[-83.446868,41.706991],[-83.460788,41.701259],[-83.461182,41.705705]]],[[[-83.882896,41.438633],[-83.882922,41.458494],[-83.882897,41.478841],[-83.882924,41.483963],[-83.882943,41.487543],[-83.882932,41.497593],[-83.882877,41.515915],[-83.882776,41.530612],[-83.882696,41.545295],[-83.882674,41.556293],[-83.882619,41.567187],[-83.882594,41.57106],[-83.882593,41.571643],[-83.882589,41.572054],[-83.882585,41.572508],[-83.882572,41.574992],[-83.882527,41.581078],[-83.882466,41.588648],[-83.882463,41.589048],[-83.882469,41.589943],[-83.882496,41.597051],[-83.882487,41.599801],[-83.882455,41.603225],[-83.882443,41.614187],[-83.882443,41.617517],[-83.877368,41.617547],[-83.877864,41.636218],[-83.87795,41.63984],[-83.878042,41.643718],[-83.878417,41.65777],[-83.879335,41.686285],[-83.8803872579474,41.7200894477788],[-83.8803841867952,41.7200896187559],[-83.859541,41.72125],[-83.8527534047569,41.7214117718523],[-83.8399903129126,41.7217159604396],[-83.8111056804392,41.7224043810554],[-83.8061387752918,41.7225227595705],[-83.7814460799895,41.7231112718364],[-83.7631498887765,41.7235473333038],[-83.763038,41.72355],[-83.7587561697811,41.7236766321944],[-83.7467936838407,41.7240304145183],[-83.7443510777,41.724102652921],[-83.7296365653301,41.7245378245406],[-83.720620237528,41.7248044762565],[-83.7095807820572,41.7251309605869],[-83.7092559650824,41.7251405668263],[-83.708937,41.72515],[-83.7015222911115,41.7255581231714],[-83.6890368341324,41.7262453523501],[-83.6854116032719,41.7264448936589],[-83.685337,41.726449],[-83.6661666515759,41.7269430811449],[-83.665937,41.726949],[-83.6558057957658,41.7272571617956],[-83.6495572272946,41.7274472250927],[-83.6459046865828,41.7275583247684],[-83.6457380386337,41.7275633937148],[-83.6399931637539,41.7277381361164],[-83.639636,41.727749],[-83.636636,41.727849],[-83.6313485069676,41.7280149006654],[-83.6245373818017,41.7282286068945],[-83.6245355309483,41.728228664967],[-83.6148345388014,41.7285330438177],[-83.6120372491349,41.7286208117286],[-83.605408558302,41.7288287938882],[-83.5955747689302,41.7291373393918],[-83.595235,41.729148],[-83.593835,41.729148],[-83.5893643477215,41.7292519686576],[-83.585544414054,41.7293408043243],[-83.585235,41.729348],[-83.5668710187663,41.7298471581653],[-83.5668699463901,41.729847187314],[-83.5563113217103,41.7301341851962],[-83.5476808435517,41.7303687734148],[-83.5476768136316,41.7303688829535],[-83.5345175981284,41.7307265684567],[-83.5284330320893,41.7308919552964],[-83.5215968983071,41.7310777707769],[-83.504334,41.731547],[-83.503433,41.731547],[-83.499733,41.731647],[-83.497733,41.731847],[-83.4923876768237,41.7319727663678],[-83.4923754823826,41.7319730532823],[-83.4889775646912,41.7320530005095],[-83.4820213451256,41.732216668531],[-83.4673376857572,41.7325621500753],[-83.4644203242811,41.7326307906316],[-83.4640140315744,41.7326403500083],[-83.455401,41.732843],[-83.45597,41.727612],[-83.460821,41.727359],[-83.462072,41.725763],[-83.46442,41.724829],[-83.467679,41.722571],[-83.4682608052079,41.7216245003681],[-83.4684805277472,41.7212670485961],[-83.4690168204942,41.7203945901156],[-83.46993,41.718909],[-83.470345,41.716853],[-83.4711829378307,41.7161203594289],[-83.471666,41.715698],[-83.4727318834494,41.7129040933824],[-83.473514,41.710854],[-83.473299,41.709468],[-83.47393,41.707925],[-83.474722,41.707812],[-83.475401,41.706601],[-83.474671919793,41.7045588169494],[-83.474632,41.704447],[-83.4773615380251,41.7039916630531],[-83.477929,41.703897],[-83.4780281131635,41.7037766404788],[-83.478834,41.702798],[-83.4786071819077,41.7018314608208],[-83.4780179241884,41.6993204588699],[-83.477816,41.69846],[-83.473741,41.697924],[-83.4734818982122,41.6978079432755],[-83.4706772312168,41.6965516784406],[-83.469968,41.696234],[-83.472345,41.693332],[-83.47837,41.690281],[-83.477619,41.689041],[-83.484138,41.684775],[-83.4826886894073,41.6837794990171],[-83.480213,41.682079],[-83.472222,41.687209],[-83.4711,41.686581],[-83.467396,41.68798],[-83.4652440708492,41.6890888659715],[-83.464976,41.689227],[-83.462672,41.690496],[-83.460195,41.691852],[-83.459305,41.695426],[-83.4589380153561,41.6962270465414],[-83.458643,41.696871],[-83.45569,41.698068],[-83.452483,41.696966],[-83.447294,41.695636],[-83.4454601181503,41.6956343677064],[-83.4441929762498,41.6956332398543],[-83.4428,41.695632],[-83.4417174201051,41.6946169126172],[-83.439592,41.692624],[-83.431868,41.69054],[-83.4297962184017,41.6907424050264],[-83.428439,41.690875],[-83.423208,41.689448],[-83.4176386387042,41.6898169482246],[-83.415917,41.689931],[-83.415834302799,41.6898223486005],[-83.415267,41.689077],[-83.411712,41.689031],[-83.40964,41.689977],[-83.409547,41.691224],[-83.409356297331,41.6912181734114],[-83.403492,41.691039],[-83.402173,41.691542],[-83.400025,41.690901],[-83.39987,41.689654],[-83.398108,41.689654],[-83.398015,41.691063],[-83.395263,41.691386],[-83.394954,41.691963],[-83.393223,41.691894],[-83.39248,41.69127],[-83.391027,41.691317],[-83.390254,41.69007],[-83.388987,41.6891],[-83.379711,41.685614],[-83.3758609464666,41.6853881013765],[-83.372229,41.685175],[-83.371487,41.686283],[-83.36688,41.686514],[-83.365241,41.685729],[-83.359676,41.68596],[-83.358161,41.686699],[-83.3518075379339,41.686949937547],[-83.35173,41.686953],[-83.349597,41.689723],[-83.345732,41.691363],[-83.343011,41.691963],[-83.337985,41.698682],[-83.338188,41.70346],[-83.335869,41.705491],[-83.329531,41.702721],[-83.323934,41.697458],[-83.322574,41.697388],[-83.321846,41.696993],[-83.320719,41.695888],[-83.319204,41.695611],[-83.317782,41.695103],[-83.314442,41.69254],[-83.305754,41.687738],[-83.305693,41.687207],[-83.309403,41.683882],[-83.309959,41.682912],[-83.309032,41.679171],[-83.306249,41.676631],[-83.30492,41.676169],[-83.300189,41.675569],[-83.296015,41.675892],[-83.288564,41.675753],[-83.286276,41.67349],[-83.283463342964,41.6755692466318],[-83.283277,41.675707],[-83.278855,41.672566],[-83.272764,41.669125],[-83.26454,41.664806],[-83.263427,41.664644],[-83.253904,41.65947],[-83.248494,41.656052],[-83.2484593369328,41.656050170278],[-83.247471,41.655998],[-83.238317267941,41.6511311475234],[-83.2379710307711,41.650947060288],[-83.237796,41.650854],[-83.236745,41.649006],[-83.225243,41.643599],[-83.214761,41.638348],[-83.208187,41.635243],[-83.204932,41.634068],[-83.201322,41.633853],[-83.197384,41.632142],[-83.187392,41.628341],[-83.174852,41.624733],[-83.1695478899806,41.6232835284932],[-83.1742,41.62331],[-83.182375,41.623154],[-83.29945,41.621755],[-83.33806,41.620948],[-83.347817,41.620844],[-83.370317,41.620449],[-83.375189,41.62015],[-83.415941,41.61911],[-83.427679,41.619067],[-83.466526,41.618501],[-83.476908,41.618344],[-83.477086,41.618341],[-83.485857,41.618272],[-83.493236,41.618342],[-83.495989,41.618189],[-83.50551,41.618051],[-83.512604,41.617909],[-83.518868,41.617932],[-83.524732,41.617964],[-83.528128,41.617905],[-83.542885,41.617905],[-83.548521,41.617843],[-83.559718,41.617728],[-83.563915,41.617686],[-83.565629,41.617567],[-83.569934,41.61715],[-83.578334,41.61095],[-83.582034,41.60505],[-83.584534,41.60435],[-83.588034,41.60095],[-83.590935,41.59455],[-83.593135,41.593148],[-83.594434,41.589053],[-83.600735,41.58625],[-83.603335,41.583051],[-83.606408,41.580266],[-83.607066,41.579513],[-83.608433,41.577951],[-83.609533,41.573254],[-83.612734,41.570751],[-83.618735,41.569751],[-83.621634,41.569951],[-83.625634,41.570051],[-83.631334,41.562751],[-83.636135,41.560251],[-83.643435,41.561151],[-83.644935,41.560751],[-83.648337,41.558849],[-83.650271,41.556995],[-83.652033,41.555651],[-83.654135,41.555169],[-83.659835,41.553451],[-83.665635,41.549251],[-83.674542,41.547614],[-83.680084,41.546859],[-83.682036,41.545751],[-83.68253,41.545452],[-83.682841,41.545283],[-83.684536,41.544352],[-83.694136,41.538552],[-83.699736,41.533952],[-83.703254,41.52906],[-83.709176,41.523124],[-83.709636,41.521852],[-83.710971,41.510922],[-83.711232,41.506288],[-83.713397,41.502229],[-83.713632,41.500191],[-83.711528,41.495548],[-83.711648,41.494468],[-83.712843,41.492494],[-83.717416,41.488604],[-83.720304,41.487216],[-83.722232,41.48664],[-83.728537,41.485952],[-83.732649,41.484684],[-83.736417,41.482004],[-83.740257,41.477576],[-83.745769,41.467912],[-83.748137,41.465852],[-83.751737,41.464452],[-83.754529,41.462824],[-83.758625,41.46204],[-83.763201,41.46258],[-83.764937,41.462252],[-83.769786,41.46322],[-83.773282,41.463616],[-83.77669,41.462996],[-83.778482,41.461976],[-83.779938,41.459596],[-83.779954,41.457248],[-83.779162,41.452764],[-83.780754,41.450062],[-83.78285,41.448664],[-83.78429,41.44834],[-83.791012,41.445541],[-83.796997,41.441853],[-83.806479,41.436507],[-83.809299,41.436524],[-83.813115,41.434948],[-83.815107,41.433244],[-83.817547,41.432296],[-83.820864,41.432198],[-83.822179,41.43144],[-83.825923,41.430248],[-83.828707,41.43016],[-83.833931,41.427832],[-83.84562,41.425028],[-83.84842,41.42336],[-83.849764,41.422264],[-83.850852,41.420108],[-83.851556,41.416887],[-83.852316,41.415651],[-83.85434,41.414445],[-83.860785,41.41424],[-83.867364,41.414748],[-83.872898,41.416369],[-83.873789,41.416227],[-83.878641,41.414741],[-83.883234,41.414503],[-83.882896,41.438633]]]]}},{"type":"Feature","id":"26137","properties":{"id":"26137","FIPS":"26137","stateFIPS":"26","name":"Otsego","state":"MI","sourceId":"census-counties-2024"},"geometry":{"type":"Polygon","coordinates":[[[-84.857452,45.116707],[-84.844852,45.116817],[-84.844224,45.116953],[-84.816284,45.116484],[-84.781601,45.11599],[-84.734799,45.114903],[-84.734745,45.129401],[-84.73512,45.138325],[-84.734303,45.201936],[-84.669289,45.201336],[-84.666039,45.201332],[-84.656625,45.201238],[-84.642092,45.201122],[-84.639689,45.200961],[-84.611889,45.200579],[-84.591018,45.200294],[-84.547621,45.199955],[-84.543814,45.200076],[-84.401576,45.198781],[-84.366614,45.198737],[-84.367716,45.112623],[-84.368568,45.055296],[-84.368806,45.040882],[-84.369012,45.040015],[-84.369479,45.021381],[-84.369612,45.020542],[-84.369967,45.006544],[-84.371062,44.970107],[-84.371554,44.95002],[-84.371433,44.949551],[-84.371609,44.94088],[-84.371618,44.939848],[-84.371664,44.939654],[-84.371737,44.855039],[-84.43182,44.856078],[-84.477163,44.856981],[-84.486221,44.856927],[-84.527073,44.857384],[-84.605291,44.85714],[-84.620084,44.85745],[-84.666248,44.857961],[-84.684556,44.858131],[-84.725715,44.858184],[-84.847309,44.858037],[-84.848228,44.901365],[-84.848063,44.915892],[-84.849328,44.945047],[-84.849795,44.974141],[-84.849715,44.98866],[-84.849788,44.991219],[-84.849729,44.991515],[-84.849767,45.026651],[-84.849524,45.029633],[-84.857319,45.029757],[-84.857452,45.116707]]]}},{"type":"Feature","id":"39073","properties":{"id":"39073","FIPS":"39073","stateFIPS":"39","name":"Hocking","state":"OH","sourceId":"census-counties-2024"},"geometry":{"type":"Polygon","coordinates":[[[-82.747444,39.3819],[-82.743389,39.435797],[-82.741316,39.460459],[-82.741107,39.46257],[-82.740615,39.467621],[-82.740729,39.46835],[-82.739889,39.477952],[-82.737393,39.500063],[-82.73662,39.504858],[-82.736815,39.505333],[-82.732069,39.551239],[-82.731518,39.554445],[-82.730272,39.569066],[-82.649851,39.565209],[-82.620088,39.563987],[-82.618327,39.59571],[-82.617876,39.604211],[-82.617546,39.608605],[-82.590154,39.607474],[-82.574249,39.606757],[-82.548908,39.605614],[-82.496123,39.602849],[-82.495117,39.612541],[-82.494322,39.621008],[-82.491835,39.646996],[-82.490329,39.661704],[-82.478592,39.660999],[-82.477199,39.660909],[-82.448869,39.659078],[-82.376975,39.655091],[-82.374531,39.654959],[-82.375376,39.645636],[-82.37989,39.596738],[-82.349715,39.595148],[-82.299626,39.592122],[-82.291212,39.591976],[-82.28112,39.59141],[-82.275947,39.59111],[-82.261954,39.590592],[-82.263566,39.562137],[-82.257879,39.561791],[-82.221055,39.559771],[-82.168265,39.556807],[-82.159161,39.556574],[-82.162289,39.522236],[-82.163019,39.514223],[-82.163946,39.504041],[-82.165379,39.488289],[-82.167379,39.466307],[-82.170171,39.46635],[-82.172176,39.466477],[-82.175656,39.466693],[-82.186223,39.467327],[-82.198018,39.468109],[-82.202314,39.468289],[-82.236543,39.470316],[-82.252524,39.471255],[-82.28041,39.472906],[-82.284298,39.435648],[-82.285745,39.421778],[-82.289663,39.384195],[-82.351274,39.387369],[-82.361172,39.388069],[-82.368175,39.388269],[-82.374875,39.388819],[-82.40223,39.390228],[-82.403442,39.390291],[-82.405307,39.390387],[-82.440042,39.392094],[-82.45667,39.392883],[-82.458986,39.39301],[-82.514479,39.395767],[-82.51508,39.385667],[-82.51623,39.375068],[-82.51758,39.369468],[-82.609016,39.374291],[-82.612925,39.374371],[-82.634386,39.375966],[-82.635686,39.361566],[-82.668705,39.362957],[-82.673572,39.363161],[-82.748591,39.368165],[-82.747444,39.3819]]]}},{"type":"Feature","id":"26017","properties":{"id":"26017","FIPS":"26017","stateFIPS":"26","name":"Bay","state":"MI","sourceId":"census-counties-2024"},"geometry":{"type":"MultiPolygon","coordinates":[[[[-83.83209,43.666283],[-83.831971,43.668448],[-83.831314,43.67009],[-83.830098,43.671839],[-83.829048,43.673072],[-83.827073,43.674384],[-83.825108,43.675203],[-83.823706,43.675394],[-83.822274,43.675393],[-83.820862,43.675196],[-83.819541,43.674791],[-83.8195052930624,43.6747692766536],[-83.817894,43.673789],[-83.816746,43.672472],[-83.8166773383645,43.6722788604775],[-83.816297,43.671209],[-83.816522,43.66935],[-83.818093,43.665904],[-83.818592,43.665453],[-83.819241,43.665344],[-83.8197528129563,43.6655115144604],[-83.820014,43.665597],[-83.820563,43.666175],[-83.821411,43.66659],[-83.822334,43.666752],[-83.823905,43.666572],[-83.8244678144932,43.666232305729],[-83.824803,43.66603],[-83.825613,43.664873],[-83.826475,43.664262],[-83.827348,43.663919],[-83.8278918186997,43.6638743840629],[-83.828445,43.663829],[-83.829518,43.663901],[-83.830366,43.66419],[-83.831364,43.664857],[-83.8320361940967,43.6661773151265],[-83.83209,43.666283]]],[[[-84.168,43.578781],[-84.167969,43.580609],[-84.167694,43.597745],[-84.167522,43.608606],[-84.167535,43.610078],[-84.167511,43.613927],[-84.167487,43.61429],[-84.167441,43.614953],[-84.167426,43.616054],[-84.16726,43.626694],[-84.167181,43.63748],[-84.167117,43.654499],[-84.166998,43.71248],[-84.166975,43.740385],[-84.167318,43.825902],[-84.166509,43.869495],[-84.166012,43.898312],[-84.165904,43.9122],[-84.166016,43.933496],[-84.166377,43.996901],[-84.045409,43.996974],[-84.045421,43.983263],[-84.045017,43.943538],[-84.04488,43.914819],[-84.044843,43.911146],[-83.986128,43.910811],[-83.966199,43.910677],[-83.955509,43.910724],[-83.946274,43.910527],[-83.934921,43.910504],[-83.9090930130423,43.9104796013383],[-83.909098,43.910425],[-83.91124,43.907339],[-83.911339,43.903893],[-83.9114670235577,43.9034138261127],[-83.911934,43.901666],[-83.912921,43.899882],[-83.916,43.89904],[-83.916238,43.896262],[-83.914429,43.894033],[-83.915762,43.89098],[-83.915286,43.887241],[-83.917761,43.886281],[-83.918141,43.883331],[-83.916856,43.881135],[-83.916,43.878803],[-83.917903,43.87846],[-83.918284,43.876984],[-83.916475,43.867721],[-83.916809,43.861647],[-83.918427,43.861647],[-83.919664,43.86374],[-83.92114,43.863637],[-83.922853,43.861819],[-83.924043,43.85873],[-83.923186,43.853685],[-83.9229836647028,43.8530488866061],[-83.92133,43.84785],[-83.92233,43.845482],[-83.921092,43.83817],[-83.920822,43.833022],[-83.922282,43.827149],[-83.922191809211,43.8244744962181],[-83.921996,43.818668],[-83.921235,43.817019],[-83.9238745128394,43.8104543879551],[-83.9239,43.810391],[-83.925899,43.803178],[-83.927422,43.800464],[-83.925852,43.787684],[-83.926849,43.783113],[-83.928707,43.777135],[-83.93045,43.775271],[-83.933664,43.773051],[-83.938098,43.773624],[-83.939993,43.771412],[-83.940368,43.767657],[-83.942509,43.767422],[-83.943613,43.763392],[-83.946014,43.76386],[-83.954062,43.764001],[-83.956463,43.760767],[-83.953932,43.750219],[-83.948545,43.739529],[-83.9467712083769,43.7386639691083],[-83.945949,43.738263],[-83.945105,43.734465],[-83.946274,43.732917],[-83.943865,43.726873],[-83.9427708149814,43.7241174167132],[-83.939297,43.715369],[-83.9294598420988,43.7012691818587],[-83.9264188663995,43.6969104834663],[-83.924142,43.693647],[-83.917587,43.684896],[-83.912939,43.677574],[-83.908522,43.673215],[-83.905351,43.670039],[-83.8969317503851,43.6653538184351],[-83.896021,43.664847],[-83.891499,43.662355],[-83.884645,43.659992],[-83.883424,43.658902],[-83.8825132024362,43.6585089738879],[-83.869464,43.652878],[-83.862682,43.64932],[-83.856078,43.646646],[-83.852382,43.646023],[-83.850252,43.642379],[-83.847873,43.641528],[-83.8477874616706,43.6416000322774],[-83.846429,43.642744],[-83.847717,43.648983],[-83.844118,43.652896],[-83.839642,43.654124],[-83.836484,43.653138],[-83.834295,43.649217],[-83.822201,43.644205],[-83.816854,43.643919],[-83.816423,43.643581],[-83.816112,43.637427],[-83.814701,43.635271],[-83.809892,43.635141],[-83.80031,43.633011],[-83.799972,43.6330726425011],[-83.795896,43.633816],[-83.779172,43.630206],[-83.770201,43.628387],[-83.761552,43.624413],[-83.749458,43.621477],[-83.735031,43.61732],[-83.729002,43.612722],[-83.7104372766853,43.60177779852],[-83.709849,43.601431],[-83.701238,43.589117],[-83.6995326563837,43.5886191515736],[-83.699651,43.579877],[-83.699484,43.565823],[-83.699239,43.558257],[-83.698816,43.478957],[-83.812709,43.479001],[-83.817678,43.479052],[-83.817595,43.493125],[-83.81752,43.507817],[-83.817228,43.522345],[-83.856872,43.522355],[-83.877502,43.522444],[-83.885557,43.522498],[-83.916091,43.522629],[-83.9278,43.522693],[-83.931111,43.522537],[-83.934737,43.522731],[-83.955513,43.523031],[-83.973508,43.523289],[-83.973944,43.523295],[-84.014327,43.523688],[-84.017868,43.523725],[-84.050987,43.524064],[-84.050442,43.544867],[-84.05014,43.56007],[-84.05,43.567324],[-84.050711,43.56731],[-84.059351,43.567386],[-84.129413,43.568216],[-84.168127,43.568899],[-84.168,43.578781]]]]}},{"type":"Feature","id":"26049","properties":{"id":"26049","FIPS":"26049","stateFIPS":"26","name":"Genesee","state":"MI","sourceId":"census-counties-2024"},"geometry":{"type":"Polygon","coordinates":[[[-83.932071,43.220377],[-83.903553,43.220608],[-83.882125,43.220664],[-83.882054,43.22066],[-83.854152,43.221007],[-83.814494,43.22121],[-83.809629,43.221231],[-83.804717,43.221269],[-83.774468,43.221282],[-83.769166,43.221292],[-83.757113,43.221335],[-83.747636,43.221342],[-83.735055,43.221333],[-83.696516,43.221396],[-83.695621,43.221422],[-83.695534,43.221419],[-83.641008,43.22203],[-83.620781,43.222224],[-83.611107,43.222361],[-83.60133,43.222461],[-83.581515,43.222762],[-83.560081,43.222795],[-83.523859,43.222875],[-83.497856,43.222958],[-83.495757,43.222977],[-83.485706,43.223024],[-83.460733,43.223131],[-83.460639,43.219712],[-83.460633,43.219626],[-83.460403,43.215297],[-83.46049,43.210792],[-83.460389,43.208775],[-83.460369,43.206853],[-83.460005,43.179648],[-83.459875,43.165767],[-83.459661,43.143377],[-83.459594,43.136961],[-83.459379,43.118184],[-83.459262,43.108186],[-83.459098,43.097487],[-83.459003,43.089853],[-83.458988,43.079091],[-83.459002,43.068458],[-83.459134,43.057639],[-83.459113,43.053858],[-83.459081,43.050014],[-83.458971,43.044465],[-83.458725,43.035747],[-83.458253,43.016158],[-83.458255,43.015823],[-83.457366,42.983515],[-83.45688,42.96862],[-83.456781,42.963137],[-83.455685,42.931223],[-83.453588,42.882287],[-83.453397,42.88108],[-83.453364,42.880432],[-83.453297,42.876307],[-83.454895,42.876133],[-83.458729,42.876056],[-83.472013,42.875747],[-83.473613,42.875776],[-83.51259,42.874886],[-83.523904,42.874665],[-83.532327,42.87452],[-83.550951,42.874094],[-83.56196,42.873645],[-83.57105,42.873277],[-83.58131,42.87313],[-83.594453,42.872947],[-83.598002,42.872886],[-83.630422,42.87232],[-83.649939,42.871965],[-83.669826,42.871607],[-83.67056,42.871594],[-83.689384,42.871263],[-83.688597,42.842008],[-83.687476,42.819585],[-83.687374,42.812434],[-83.687022,42.79828],[-83.686954,42.797908],[-83.686818,42.793351],[-83.686724,42.790435],[-83.686678,42.789025],[-83.686493,42.783263],[-83.691479,42.783187],[-83.699669,42.783064],[-83.704852,42.783002],[-83.716414,42.782784],[-83.743743,42.782296],[-83.746136,42.782265],[-83.761244,42.782001],[-83.766945,42.781917],[-83.77596,42.781726],[-83.786507,42.781556],[-83.805418,42.781138],[-83.835754,42.781197],[-83.838672,42.781352],[-83.843304,42.781396],[-83.845496,42.781366],[-83.862937,42.78148],[-83.865453,42.781512],[-83.873973,42.781601],[-83.883975,42.78169],[-83.893978,42.78145],[-83.894082,42.781431],[-83.903154,42.781231],[-83.922516,42.780821],[-83.923249,42.795339],[-83.924315,42.816664],[-83.925645,42.839091],[-83.925782,42.842834],[-83.925855,42.844381],[-83.926692,42.859309],[-83.927164,42.868344],[-83.927255,42.871316],[-83.928103,42.897342],[-83.928546,42.912081],[-83.928825,42.919855],[-83.92906,42.926366],[-83.929911,42.956512],[-83.928837,42.956548],[-83.928869,42.964138],[-83.928769,42.971152],[-83.928735,42.977262],[-83.928724,42.9782],[-83.928675,42.982381],[-83.928627,42.992938],[-83.928629,42.993498],[-83.928619,42.994753],[-83.928607,42.996385],[-83.928566,43.000315],[-83.928495,43.00932],[-83.928406,43.024745],[-83.928322,43.044511],[-83.928417,43.058938],[-83.928721,43.08045],[-83.928757,43.088717],[-83.928846,43.102208],[-83.929079,43.132782],[-83.929627,43.147208],[-83.929895,43.154276],[-83.930174,43.161671],[-83.930635,43.176097],[-83.931053,43.190533],[-83.931184,43.194675],[-83.932071,43.220377]]]}},{"type":"Feature","id":"26021","properties":{"id":"26021","FIPS":"26021","stateFIPS":"26","name":"Berrien","state":"MI","sourceId":"census-counties-2024"},"geometry":{"type":"Polygon","coordinates":[[[-86.824828,41.76024],[-86.8235501470979,41.7608977045882],[-86.8044810619513,41.7707124686916],[-86.8020649326753,41.7719560385172],[-86.777943358951,41.7843712935799],[-86.777227,41.78474],[-86.7748023158463,41.7861343614558],[-86.7653909925962,41.7915465246724],[-86.7512907881283,41.7996551196001],[-86.750898,41.799881],[-86.7495962746672,41.8009358529894],[-86.747497,41.802637],[-86.7421800134654,41.805262549913],[-86.739992,41.806343],[-86.7381042244475,41.8074125887099],[-86.717037,41.819349],[-86.7155763619481,41.8203354631509],[-86.711825,41.822869],[-86.705912,41.827859],[-86.7052890568152,41.8281991181645],[-86.696159,41.833184],[-86.691932,41.835627],[-86.6865229267476,41.838917844887],[-86.68445,41.840179],[-86.679355,41.844793],[-86.676828,41.848668],[-86.669009,41.855696],[-86.66102,41.860958],[-86.6566314683875,41.864427962144],[-86.655865,41.865034],[-86.6520936497893,41.8674823540672],[-86.650751,41.868354],[-86.6458504430109,41.8723411345595],[-86.6297704034473,41.8854239905704],[-86.621769,41.891934],[-86.619149,41.894739],[-86.616964048701,41.8970443632753],[-86.6168392775537,41.8971760105212],[-86.614496051149,41.8996483713934],[-86.607935,41.906571],[-86.597899,41.918291],[-86.5968021799378,41.9199639614373],[-86.5910496755932,41.928738160842],[-86.5886623141405,41.9323795636437],[-86.582197,41.942241],[-86.5782653093929,41.950136],[-86.572871,41.960968],[-86.568622,41.972282],[-86.5627036118889,41.9857476547794],[-86.5612321144889,41.9890956400121],[-86.5565367139049,41.9997787250225],[-86.556421,42.000042],[-86.553087,42.006158],[-86.552220581344,42.0074369256097],[-86.5399336416656,42.0255737486239],[-86.5337960996079,42.0346334100982],[-86.5305766723237,42.0393856254088],[-86.5258275000291,42.046395906213],[-86.5244320750816,42.0484557010818],[-86.5228910284418,42.0507304489762],[-86.5210191901313,42.0534934803768],[-86.51653,42.06012],[-86.5156828181617,42.0614803485331],[-86.5127828974234,42.0661368493503],[-86.511183171535,42.0687055833191],[-86.5104672489658,42.0698551644039],[-86.5093409285343,42.0716637352177],[-86.5087478092741,42.0726161268757],[-86.5047850761115,42.0789792215517],[-86.501322,42.08454],[-86.490122,42.105139],[-86.4899653615696,42.1057439096495],[-86.4880344587868,42.1132007114236],[-86.487893,42.113747],[-86.489466,42.115133],[-86.489023,42.116224],[-86.487537,42.117088],[-86.485223,42.118239],[-86.4848665772722,42.1185429020221],[-86.4790307042824,42.1235188293796],[-86.4776446530677,42.1247006388827],[-86.4703942726371,42.1308826387995],[-86.4665760096265,42.1341382612926],[-86.466262,42.134406],[-86.4636876930274,42.1369750217312],[-86.4429281532188,42.1576919406792],[-86.4371778052246,42.1634304827864],[-86.433628,42.166973],[-86.423944,42.175961],[-86.4219776728763,42.1779889052031],[-86.4163956929842,42.1837456920218],[-86.4136922373068,42.1865338099136],[-86.4095112301298,42.190845750743],[-86.404146,42.196379],[-86.4021828119479,42.1985422641055],[-86.3935179024507,42.2080902478927],[-86.3865914030204,42.2157226535495],[-86.385179,42.217279],[-86.3839741683281,42.2187084268084],[-86.371564,42.233432],[-86.3642653961658,42.243143689832],[-86.359504,42.243217],[-86.35792,42.243202],[-86.356018,42.243186],[-86.340336,42.242986],[-86.301465,42.243475],[-86.28176,42.243541],[-86.271339,42.243532],[-86.262458,42.243526],[-86.252724,42.243499],[-86.249656,42.243504],[-86.233302,42.243425],[-86.223563,42.243379],[-86.223239,42.211221],[-86.22313,42.196096],[-86.223,42.180907],[-86.222945,42.166571],[-86.222907,42.157114],[-86.222866,42.144138],[-86.222846,42.135753],[-86.22284,42.129324],[-86.222827,42.121112],[-86.22294,42.071484],[-86.222909,42.056815],[-86.222828,42.028396],[-86.222838,42.020644],[-86.222865,42.012573],[-86.222821,41.995461],[-86.222821,41.984593],[-86.22299,41.956694],[-86.223097,41.935066],[-86.22315,41.92761],[-86.223217,41.920609],[-86.22345,41.898721],[-86.223635,41.885622],[-86.22386,41.870193],[-86.224043,41.862602],[-86.224054,41.86216],[-86.224065,41.861677],[-86.224144,41.8583],[-86.22428,41.855663],[-86.224333,41.853695],[-86.224455,41.84821],[-86.224599,41.841146],[-86.224826,41.833855],[-86.224882,41.83159],[-86.225007,41.826617],[-86.225071,41.819895],[-86.225183,41.812013],[-86.225189,41.811584],[-86.225289,41.804809],[-86.225655,41.782624],[-86.225807,41.774799],[-86.2260968887313,41.760016130263],[-86.2411146284044,41.7600888839858],[-86.2461859404621,41.7601134520526],[-86.265496,41.760207],[-86.2724268033895,41.7601878159685],[-86.272494406634,41.7601876288469],[-86.3038234526806,41.7601009120014],[-86.3130394336875,41.7600754027407],[-86.3236421253822,41.7600460551514],[-86.331994795021,41.7600229354827],[-86.3410459983916,41.7599978823163],[-86.3507867033177,41.7599709206526],[-86.3607281025161,41.7599434034796],[-86.4145782140992,41.7597943497293],[-86.4261793106695,41.7597622386175],[-86.4552337521191,41.7596818177356],[-86.4744071301407,41.759628747021],[-86.501773,41.759553],[-86.519318,41.759447],[-86.524222859982,41.7594561006795],[-86.5724020009384,41.7595454942449],[-86.5832509264804,41.7595656237888],[-86.640044,41.759671],[-86.641186,41.759633],[-86.6413638204539,41.7596335891616],[-86.6687534960104,41.759724337695],[-86.6996808813612,41.7598268075055],[-86.7222977954315,41.7599017427408],[-86.7461726811372,41.7599808459365],[-86.746521,41.759982],[-86.748096,41.759967],[-86.7801755650036,41.7601404856034],[-86.8004617668827,41.7602501929505],[-86.800611,41.760251],[-86.800707,41.76024],[-86.801578,41.76024],[-86.804427,41.76024],[-86.804504,41.76024],[-86.8105926666667,41.76024],[-86.81607,41.76024],[-86.823628,41.76024],[-86.8242817022472,41.76024],[-86.824828,41.76024]]]}},{"type":"Feature","id":"26145","properties":{"id":"26145","FIPS":"26145","stateFIPS":"26","name":"Saginaw","state":"MI","sourceId":"census-counties-2024"},"geometry":{"type":"Polygon","coordinates":[[[-84.369876,43.466044],[-84.369846,43.471324],[-84.369835,43.473365],[-84.36983,43.473935],[-84.369792,43.480538],[-84.369777,43.481573],[-84.355532,43.481561],[-84.343997,43.481537],[-84.340631,43.481522],[-84.330478,43.481508],[-84.290826,43.481418],[-84.230241,43.481708],[-84.210304,43.48177],[-84.176083,43.481944],[-84.170576,43.481969],[-84.16976,43.515352],[-84.169625,43.521426],[-84.169386,43.532524],[-84.169047,43.539706],[-84.168701,43.550704],[-84.168127,43.568899],[-84.129413,43.568216],[-84.059351,43.567386],[-84.050711,43.56731],[-84.05,43.567324],[-84.05014,43.56007],[-84.050442,43.544867],[-84.050987,43.524064],[-84.017868,43.523725],[-84.014327,43.523688],[-83.973944,43.523295],[-83.973508,43.523289],[-83.955513,43.523031],[-83.934737,43.522731],[-83.931111,43.522537],[-83.9278,43.522693],[-83.916091,43.522629],[-83.885557,43.522498],[-83.877502,43.522444],[-83.856872,43.522355],[-83.817228,43.522345],[-83.81752,43.507817],[-83.817595,43.493125],[-83.817678,43.479052],[-83.812709,43.479001],[-83.698816,43.478957],[-83.698748,43.464899],[-83.698747,43.463556],[-83.698743,43.462287],[-83.698737,43.4605],[-83.698737,43.458392],[-83.69871,43.45231],[-83.698699,43.451147],[-83.698702,43.450414],[-83.698666,43.445337],[-83.698649,43.44404],[-83.698643,43.443145],[-83.698564,43.436011],[-83.698522,43.414408],[-83.69848,43.407143],[-83.698516,43.399963],[-83.698509,43.392711],[-83.698202,43.350717],[-83.698285,43.335895],[-83.698389,43.326448],[-83.695258,43.326048],[-83.695335,43.306827],[-83.695479,43.294926],[-83.695621,43.279234],[-83.695709,43.271711],[-83.695758,43.265566],[-83.695816,43.250867],[-83.695816,43.250569],[-83.695621,43.221422],[-83.696516,43.221396],[-83.735055,43.221333],[-83.747636,43.221342],[-83.757113,43.221335],[-83.769166,43.221292],[-83.774468,43.221282],[-83.804717,43.221269],[-83.809629,43.221231],[-83.814494,43.22121],[-83.854152,43.221007],[-83.882054,43.22066],[-83.882125,43.220664],[-83.903553,43.220608],[-83.932071,43.220377],[-83.931184,43.194675],[-83.931053,43.190533],[-83.930635,43.176097],[-83.930174,43.161671],[-83.929895,43.154276],[-83.929627,43.147208],[-83.929079,43.132782],[-83.943991,43.132679],[-83.988065,43.132272],[-84.007742,43.132069],[-84.038391,43.131837],[-84.042695,43.131791],[-84.045671,43.131759],[-84.050388,43.131709],[-84.15364,43.128996],[-84.162934,43.128757],[-84.168443,43.128631],[-84.207452,43.128671],[-84.216582,43.128674],[-84.256083,43.128833],[-84.285381,43.128923],[-84.305231,43.128845],[-84.316699,43.128818],[-84.319946,43.128811],[-84.367891,43.128452],[-84.368067,43.146913],[-84.368109,43.154431],[-84.368186,43.163371],[-84.36827,43.172059],[-84.368323,43.176075],[-84.368325,43.176651],[-84.368332,43.179472],[-84.368399,43.186672],[-84.36859,43.205031],[-84.368676,43.214577],[-84.368982,43.248594],[-84.369408,43.292096],[-84.369461,43.302343],[-84.369594,43.321129],[-84.369808,43.379101],[-84.36983,43.386595],[-84.36985,43.389612],[-84.369925,43.458711],[-84.369876,43.466044]]]}},{"type":"Feature","id":"26117","properties":{"id":"26117","FIPS":"26117","stateFIPS":"26","name":"Montcalm","state":"MI","sourceId":"census-counties-2024"},"geometry":{"type":"Polygon","coordinates":[[[-85.562712,43.349836],[-85.562687,43.34996],[-85.562645,43.366707],[-85.562634,43.381324],[-85.562582,43.395749],[-85.562574,43.425187],[-85.562565,43.426376],[-85.562348,43.46813],[-85.462607,43.46808],[-85.442708,43.468201],[-85.402743,43.468185],[-85.382933,43.468187],[-85.35906,43.468159],[-85.333136,43.467908],[-85.327861,43.467865],[-85.323425,43.467832],[-85.224263,43.467452],[-85.204278,43.467386],[-85.180185,43.466992],[-85.144618,43.466607],[-85.13945,43.466564],[-85.13449,43.466518],[-85.129338,43.466458],[-85.124157,43.466403],[-85.084996,43.46619],[-85.005188,43.466052],[-84.965747,43.466224],[-84.965497,43.466135],[-84.944773,43.466242],[-84.905771,43.466184],[-84.845962,43.466158],[-84.845407,43.415498],[-84.845368,43.411993],[-84.84515,43.3971],[-84.845117,43.393018],[-84.845005,43.379177],[-84.84502,43.374686],[-84.845174,43.357855],[-84.845176,43.357451],[-84.845137,43.350239],[-84.845204,43.33383],[-84.845234,43.328402],[-84.845573,43.292231],[-84.835305,43.2922],[-84.835592,43.263727],[-84.836356,43.205656],[-84.83648,43.191309],[-84.836531,43.184159],[-84.836583,43.180524],[-84.836687,43.171738],[-84.836714,43.162371],[-84.836889,43.118851],[-84.955716,43.119608],[-84.965616,43.119675],[-84.985531,43.119788],[-85.051032,43.120119],[-85.053265,43.120134],[-85.054399,43.120142],[-85.064695,43.120157],[-85.075033,43.120213],[-85.115094,43.120045],[-85.134993,43.119846],[-85.13986,43.119779],[-85.144389,43.119822],[-85.145862,43.119769],[-85.14691,43.119757],[-85.148228,43.119747],[-85.18313,43.119545],[-85.1936,43.119534],[-85.213413,43.119666],[-85.224248,43.119651],[-85.253789,43.11936],[-85.255034,43.119353],[-85.256482,43.119344],[-85.257611,43.119338],[-85.26292,43.119307],[-85.283065,43.119106],[-85.297391,43.11891],[-85.312513,43.118793],[-85.312474,43.126058],[-85.312425,43.158656],[-85.31228,43.176763],[-85.31225,43.206438],[-85.31229,43.250113],[-85.312257,43.279013],[-85.312376,43.294205],[-85.323905,43.294296],[-85.362585,43.294405],[-85.422339,43.294306],[-85.432009,43.294322],[-85.44359,43.294316],[-85.458101,43.294318],[-85.461817,43.294303],[-85.463168,43.29429],[-85.471547,43.294241],[-85.492451,43.294299],[-85.506876,43.294196],[-85.531647,43.2943],[-85.551778,43.294288],[-85.562538,43.294271],[-85.562744,43.316041],[-85.562712,43.349836]]]}},{"type":"Feature","id":"26121","properties":{"id":"26121","FIPS":"26121","stateFIPS":"26","name":"Muskegon","state":"MI","sourceId":"census-counties-2024"},"geometry":{"type":"Polygon","coordinates":[[[-86.4615386091284,43.4723264306271],[-86.397141,43.472487],[-86.290839,43.470274],[-86.281629,43.470264],[-86.280666,43.470128],[-86.277874,43.470076],[-86.227495,43.469189],[-86.218915,43.469105],[-86.218306,43.469098],[-86.158631,43.468744],[-86.079139,43.467917],[-86.039491,43.467447],[-86.039286,43.445759],[-86.039311,43.409579],[-86.039132,43.380643],[-86.039088,43.366035],[-86.038995,43.318113],[-86.038998,43.30803],[-86.038998,43.307526],[-86.038989,43.300035],[-86.038953,43.293519],[-86.027934,43.293478],[-86.020074,43.29344],[-86.001348,43.29337],[-85.959737,43.293394],[-85.939656,43.293302],[-85.920004,43.29316],[-85.908102,43.293138],[-85.869928,43.293014],[-85.830099,43.292949],[-85.810594,43.292925],[-85.800817,43.292943],[-85.790448,43.293003],[-85.790455,43.263265],[-85.790533,43.24153],[-85.790557,43.227096],[-85.790557,43.226941],[-85.790662,43.205167],[-85.849945,43.205646],[-85.879621,43.205976],[-85.899624,43.205901],[-85.908388,43.20592],[-85.907808,43.162382],[-85.907796,43.14798],[-85.907668,43.137501],[-85.907619,43.133375],[-85.907435,43.118911],[-86.017124,43.118541],[-86.027027,43.118272],[-86.036254,43.118259],[-86.036533,43.118256],[-86.066834,43.118135],[-86.12959,43.117538],[-86.146166,43.117395],[-86.166266,43.117564],[-86.168182,43.11758],[-86.180158,43.117682],[-86.205257,43.117763],[-86.210063,43.117797],[-86.215269,43.117868],[-86.251027,43.118199],[-86.264321,43.118297],[-86.2719958131653,43.1183651191642],[-86.280756,43.136015],[-86.291213,43.154081],[-86.2936154504881,43.1585713257594],[-86.29759,43.166],[-86.2979086552182,43.1664969375982],[-86.3126580874466,43.1894984357983],[-86.316259,43.195114],[-86.3207796588109,43.2024032524154],[-86.3208873854495,43.2025769542348],[-86.325558,43.210108],[-86.332543,43.219791],[-86.337272,43.223601],[-86.342301,43.231572],[-86.3436253128452,43.235755830821],[-86.344053,43.237107],[-86.346929,43.242669],[-86.356429,43.256035],[-86.3577430408491,43.258181760201],[-86.3603274517099,43.2624039351683],[-86.3615140257038,43.2643424516365],[-86.367524,43.274161],[-86.368771330586,43.2760198433986],[-86.3751804026157,43.2855710091982],[-86.3838774463578,43.2985318413375],[-86.393726362844,43.3132092601386],[-86.39575,43.316225],[-86.3967026679354,43.3181615615098],[-86.404079,43.333156],[-86.4081591285358,43.3418522776325],[-86.4081830147682,43.3419031881142],[-86.4082327274508,43.342009144406],[-86.408433,43.342436],[-86.41739,43.358416],[-86.42178,43.367238],[-86.4248243209482,43.3716928640319],[-86.4259013951932,43.3732689854052],[-86.427044,43.374941],[-86.4270428442405,43.375177121664],[-86.427024,43.379027],[-86.42883,43.384773],[-86.4344456673662,43.3954163581205],[-86.435124,43.396702],[-86.442552707461,43.415962965501],[-86.4484791602441,43.4313289229299],[-86.448743,43.432013],[-86.4520006853231,43.4421822054083],[-86.460634,43.469132],[-86.4615386091284,43.4723264306271]]]}},{"type":"Feature","id":"26105","properties":{"id":"26105","FIPS":"26105","stateFIPS":"26","name":"Mason","state":"MI","sourceId":"census-counties-2024"},"geometry":{"type":"Polygon","coordinates":[[[-86.514702,44.058119],[-86.512192,44.063103],[-86.508764,44.067881],[-86.500453,44.075607],[-86.4898713836375,44.0819642171643],[-86.4848,44.085011],[-86.4540689276525,44.1019979068051],[-86.446883,44.10597],[-86.446608876386,44.1061925602725],[-86.429871,44.119782],[-86.426873462171,44.1230993709763],[-86.421108,44.12948],[-86.41368,44.138476],[-86.4034936615029,44.1528329935457],[-86.400645,44.156848],[-86.3978742471743,44.1612405266185],[-86.393384,44.168359],[-86.389887,44.176901],[-86.3887989365374,44.1786884726775],[-86.305435,44.17616],[-86.300622,44.176034],[-86.298912,44.175872],[-86.296063,44.17598],[-86.279489,44.175623],[-86.274606,44.175467],[-86.265137,44.175165],[-86.184817,44.17165],[-86.182193,44.171427],[-86.175113,44.171244],[-86.1599,44.170765],[-86.142975,44.170183],[-86.10276,44.169056],[-86.083599,44.168714],[-86.063318,44.167864],[-86.043507,44.167088],[-86.042443,44.14844],[-86.040749,44.105967],[-86.04044,44.091161],[-86.040069,44.077101],[-86.039555,44.063149],[-86.039516,44.032913],[-86.040106,43.989671],[-86.039931,43.974604],[-86.039566,43.951677],[-86.039464,43.946096],[-86.039241,43.93795],[-86.038716,43.902548],[-86.038711,43.873428],[-86.038266,43.831864],[-86.037884,43.815611],[-86.084556,43.815844],[-86.087079,43.815974],[-86.117453,43.815991],[-86.123454,43.816051],[-86.124443,43.816068],[-86.126463,43.816052],[-86.127448,43.816082],[-86.128293,43.81614],[-86.158332,43.816129],[-86.178789,43.816443],[-86.243426,43.817265],[-86.248539,43.817252],[-86.258367,43.817456],[-86.278044,43.81776],[-86.278389,43.81779],[-86.279381,43.817885],[-86.318271,43.818223],[-86.354681,43.818766],[-86.356816,43.818816],[-86.358286,43.818836],[-86.363287,43.818915],[-86.370672,43.819037],[-86.371927,43.819054],[-86.377217,43.819122],[-86.378324,43.819142],[-86.381906,43.819186],[-86.397934,43.819417],[-86.402481,43.819439],[-86.413855,43.81931],[-86.416471,43.819572],[-86.428695,43.81942],[-86.4307941816123,43.8194069777613],[-86.430202,43.827575],[-86.431198,43.84072],[-86.433915,43.855608],[-86.436086,43.861101],[-86.438836,43.866753],[-86.4395523394413,43.8692392465607],[-86.445180064884,43.8887717645535],[-86.445455,43.889726],[-86.4457599150869,43.8913957730952],[-86.445959,43.892486],[-86.446308,43.895406],[-86.446546,43.90008],[-86.446685,43.90774],[-86.447915,43.918089],[-86.451811,43.931631],[-86.452118,43.934993],[-86.454092,43.940149],[-86.4599514533486,43.947871334087],[-86.460345,43.94839],[-86.459021,43.951866],[-86.4593401116265,43.9522078362424],[-86.461001,43.953987],[-86.4610083787724,43.9554880531342],[-86.461036,43.961107],[-86.4627535891418,43.9691788510666],[-86.463136,43.970976],[-86.4641242261825,43.972541866624],[-86.4708842163486,43.9832532231606],[-86.4716655041806,43.9844911913115],[-86.474068,43.988298],[-86.483331,44.001179],[-86.4843988375668,44.0023817748287],[-86.501738,44.021912],[-86.502997554782,44.0238385555792],[-86.507443922298,44.0306395095891],[-86.508827,44.032755],[-86.512661,44.040908],[-86.514742,44.04792],[-86.514702,44.058119]]]}},{"type":"Feature","id":"26043","properties":{"id":"26043","FIPS":"26043","stateFIPS":"26","name":"Dickinson","state":"MI","sourceId":"census-counties-2024"},"geometry":{"type":"Polygon","coordinates":[[[-88.13611,45.819029],[-88.135067,45.821694],[-88.134023731934,45.822742385709],[-88.13364,45.823128],[-88.127808,45.827173],[-88.1274004261318,45.8274657187801],[-88.123901,45.829979],[-88.1219401578011,45.8318398873731],[-88.120723,45.832995],[-88.113585,45.837729],[-88.111726,45.839196],[-88.109066,45.839998],[-88.106622,45.841072],[-88.098326,45.850142],[-88.088825,45.85586],[-88.087419,45.857459],[-88.084985,45.862443],[-88.08259,45.864944],[-88.081641,45.865087],[-88.077534,45.863825],[-88.074828,45.864905],[-88.074375,45.866038],[-88.0744549255214,45.8661466549687],[-88.075983,45.868224],[-88.075566,45.869935],[-88.074102,45.87063],[-88.073696,45.871819],[-88.072037,45.87215],[-88.069885,45.872717],[-88.070001,45.87381],[-88.071103,45.874644],[-88.073944,45.875593],[-88.07645,45.876013],[-88.078204,45.877367],[-88.079594,45.879006],[-88.08182,45.880201],[-88.084888,45.880668],[-88.091962,45.879856],[-88.096496,45.879861],[-88.098305,45.880267],[-88.100218,45.881205],[-88.101814,45.883504],[-88.102527,45.892222],[-88.103629,45.895226],[-88.105447,45.896593],[-88.105981,45.897091],[-88.106993,45.899774],[-88.106624,45.902213],[-88.105677,45.904387],[-88.10571,45.905205],[-88.104576,45.906847],[-88.101973,45.91055],[-88.099172,45.912362],[-88.095728,45.913364],[-88.094968,45.914669],[-88.095034,45.915839],[-88.096496,45.917273],[-88.102908,45.921869],[-88.104686,45.922121],[-88.108188,45.922419],[-88.115346,45.922211],[-88.1168457401249,45.9217028628049],[-88.117502,45.942542],[-88.117506,45.959266],[-88.117703,46.073418],[-88.117685,46.087302],[-88.117407,46.246618],[-88.010005,46.246715],[-87.99205,46.246702],[-87.950361,46.246743],[-87.866561,46.246851],[-87.86532,46.246865],[-87.804019,46.246754],[-87.741111,46.246821],[-87.659,46.246682],[-87.615914,46.246654],[-87.615931,46.159746],[-87.616678,46.072906],[-87.617091,45.986014],[-87.617191,45.937382],[-87.617396,45.898846],[-87.635055,45.898917],[-87.636347,45.898922],[-87.696946,45.898842],[-87.697844,45.769307],[-87.69761,45.766157],[-87.697026,45.751744],[-87.697159,45.72296],[-87.738081,45.722805],[-87.797654,45.722786],[-87.79936,45.722866],[-87.819389,45.722776],[-87.845411,45.722659],[-87.8465664373957,45.7225260353855],[-87.850429,45.725266],[-87.853337,45.725974],[-87.85548,45.726943],[-87.86432,45.737139],[-87.863514,45.741573],[-87.863874,45.74266],[-87.86305,45.74309],[-87.86195,45.743367],[-87.861783,45.744359],[-87.862211,45.745018],[-87.864141,45.745697],[-87.865992,45.746537],[-87.868111,45.749477],[-87.873339,45.750439],[-87.874436,45.751551],[-87.875813,45.753888],[-87.877583,45.754488],[-87.879812,45.754843],[-87.882261,45.754779],[-87.885675,45.753957],[-87.891905,45.754055],[-87.896032,45.752285],[-87.898363,45.752503],[-87.900005,45.753497],[-87.901299,45.756553],[-87.902707,45.757932],[-87.904657,45.759163],[-87.905873,45.759364],[-87.907771,45.75928],[-87.908933,45.758297],[-87.91,45.756716],[-87.911336,45.756539],[-87.91353,45.757372],[-87.915406,45.75921],[-87.917278,45.759483],[-87.918455,45.759154],[-87.920028,45.757371],[-87.9218799946283,45.7570120644607],[-87.921999,45.756989],[-87.926611,45.75959],[-87.92913,45.760364],[-87.934585,45.758094],[-87.938413,45.75812],[-87.9422399024323,45.7576513722986],[-87.944113,45.757422],[-87.945478,45.756687],[-87.946488,45.756704],[-87.948516,45.757844],[-87.954459,45.758414],[-87.959277,45.757367],[-87.963452,45.75822],[-87.964725,45.759461],[-87.963996,45.760794],[-87.96697,45.764021],[-87.972451,45.766319],[-87.9726619228545,45.7663524859276],[-87.976835,45.767015],[-87.986429,45.769596],[-87.989656,45.772025],[-87.9897182314447,45.7723559417867],[-87.989829,45.772945],[-87.985972072892,45.7747504283084],[-87.985597,45.774926],[-87.983392,45.774696],[-87.9829096657051,45.7748118444813],[-87.981789,45.775081],[-87.98087,45.776977],[-87.982617,45.782944],[-87.987942,45.793075],[-87.9884732547039,45.7935677253792],[-87.989831,45.794827],[-87.991447,45.795393],[-87.993354,45.795613],[-87.995876,45.795435],[-88.001593,45.794091],[-88.0058563387599,45.7926054806779],[-88.007043,45.792192],[-88.017588,45.792455],[-88.0192659775342,45.7917960337727],[-88.0236,45.790094],[-88.027228,45.78919],[-88.031124,45.789233],[-88.033568,45.789816],[-88.039729,45.789626],[-88.040221,45.789236],[-88.040042,45.787894],[-88.040892,45.786452],[-88.040505,45.785076],[-88.041744,45.783734],[-88.044697,45.783718],[-88.045426,45.782991],[-88.046049,45.782433],[-88.048514,45.782549],[-88.050634,45.780972],[-88.058256002738,45.7807197202238],[-88.062719,45.780572],[-88.070555,45.779937],[-88.072091,45.780261],[-88.076375,45.781606],[-88.078361,45.784249],[-88.079764,45.78495],[-88.0822555344793,45.7852273247254],[-88.082603,45.785266],[-88.0872116827544,45.7848279942396],[-88.08859,45.784697],[-88.094047,45.785658],[-88.099616,45.790186],[-88.101721,45.790517],[-88.103247,45.791361],[-88.103856,45.792581],[-88.103878,45.793991],[-88.105719,45.796366],[-88.106351,45.797573],[-88.105518,45.798839],[-88.105355,45.800104],[-88.107506,45.802668],[-88.108331,45.803465],[-88.109506,45.803584],[-88.116024,45.804079],[-88.118823,45.805164],[-88.120753,45.806303],[-88.124434,45.807326],[-88.129461,45.809288],[-88.131834,45.811312],[-88.133092,45.813947],[-88.13559,45.817307],[-88.13611,45.819029]]]}},{"type":"Feature","id":"26157","properties":{"id":"26157","FIPS":"26157","stateFIPS":"26","name":"Tuscola","state":"MI","sourceId":"census-counties-2024"},"geometry":{"type":"Polygon","coordinates":[[[-83.6995326563837,43.5886191515736],[-83.6860824965104,43.5846925875285],[-83.685207,43.584437],[-83.6790957844222,43.5886327599489],[-83.678574,43.588991],[-83.667845,43.590303],[-83.6635262612313,43.5945885026623],[-83.663427,43.594687],[-83.6586523905521,43.5954685780242],[-83.658436,43.595504],[-83.657249,43.598134],[-83.6569514774446,43.5983266006978],[-83.6525733465688,43.6011607759445],[-83.647086,43.604713],[-83.6397521920581,43.6114781965444],[-83.634472,43.616349],[-83.6336626439988,43.6169613783723],[-83.624886,43.623602],[-83.6165351042707,43.6314821835127],[-83.6127766796925,43.6350287581982],[-83.611119,43.636593],[-83.600379,43.646764],[-83.59551,43.649659],[-83.5936989821979,43.6525684442257],[-83.593027,43.653648],[-83.5921434806881,43.6546547278214],[-83.5904191165417,43.6566195579469],[-83.5850435893066,43.6627447130505],[-83.58321,43.664834],[-83.57523,43.672036],[-83.570617,43.673958],[-83.569131,43.6759],[-83.564541,43.682708],[-83.561227,43.686511],[-83.557838,43.684947],[-83.553619,43.685205],[-83.5534448364117,43.6899706606453],[-83.55344,43.690103],[-83.548746,43.69397],[-83.550646,43.698394],[-83.539965,43.708366],[-83.538148,43.708231],[-83.536502,43.707078],[-83.534752,43.707301],[-83.532025,43.70957],[-83.531922,43.711207],[-83.5252451847356,43.7163876320546],[-83.524233,43.717173],[-83.523138,43.71771],[-83.521934,43.718029],[-83.517211,43.718549],[-83.515718,43.718519],[-83.5153743870021,43.7182379391463],[-83.513691,43.716861],[-83.513412,43.715269],[-83.5132,43.714064],[-83.515145,43.713946],[-83.5163693368412,43.7157139954385],[-83.51653,43.715946],[-83.517939,43.716595],[-83.520609,43.716069],[-83.520791,43.714841],[-83.5197926441866,43.7140826376204],[-83.518424,43.713043],[-83.512841,43.708305],[-83.513266,43.704927],[-83.518181,43.704094],[-83.520123,43.697513],[-83.497124,43.697469],[-83.490496,43.70259],[-83.490517,43.704212],[-83.4903286659348,43.7043659818398],[-83.4848927011545,43.7088104239913],[-83.48396,43.709573],[-83.483574,43.710969],[-83.482088,43.711893],[-83.481108,43.71404],[-83.478582,43.716681],[-83.476622,43.719194],[-83.474334,43.721126],[-83.471781,43.722629],[-83.469314,43.724239],[-83.468741,43.727895],[-83.4673986985307,43.7286494780206],[-83.467348,43.72562],[-83.467227,43.718384],[-83.466596,43.667893],[-83.466592,43.667621],[-83.433874,43.668192],[-83.358973,43.669625],[-83.35399,43.669722],[-83.295367,43.670719],[-83.284735,43.670925],[-83.275408,43.671111],[-83.235879,43.67188],[-83.235547,43.671885],[-83.217451,43.672319],[-83.207608,43.672624],[-83.202449,43.672778],[-83.117844,43.675493],[-83.114619,43.587995],[-83.110313,43.515573],[-83.109506,43.501085],[-83.108926,43.486322],[-83.108478,43.475523],[-83.108347,43.472221],[-83.108013,43.461015],[-83.107892,43.457522],[-83.107333,43.442629],[-83.106604,43.423376],[-83.106259,43.414344],[-83.105833,43.399589],[-83.105671,43.392602],[-83.105576,43.388892],[-83.104228,43.341914],[-83.103826,43.327365],[-83.120396,43.327049],[-83.169557,43.325999],[-83.189584,43.325564],[-83.192662,43.325469],[-83.19936,43.32532],[-83.202263,43.325241],[-83.222962,43.324797],[-83.228609,43.3247],[-83.238085,43.324485],[-83.282586,43.323585],[-83.322141,43.322791],[-83.342316,43.322422],[-83.354418,43.322257],[-83.352554,43.264174],[-83.352375,43.256912],[-83.351709,43.235193],[-83.371519,43.234736],[-83.392332,43.234277],[-83.401732,43.234063],[-83.411082,43.233895],[-83.43049,43.233426],[-83.431566,43.233461],[-83.460708,43.232791],[-83.460733,43.223131],[-83.485706,43.223024],[-83.495757,43.222977],[-83.497856,43.222958],[-83.523859,43.222875],[-83.560081,43.222795],[-83.581515,43.222762],[-83.60133,43.222461],[-83.611107,43.222361],[-83.620781,43.222224],[-83.641008,43.22203],[-83.695534,43.221419],[-83.695621,43.221422],[-83.695816,43.250569],[-83.695816,43.250867],[-83.695758,43.265566],[-83.695709,43.271711],[-83.695621,43.279234],[-83.695479,43.294926],[-83.695335,43.306827],[-83.695258,43.326048],[-83.698389,43.326448],[-83.698285,43.335895],[-83.698202,43.350717],[-83.698509,43.392711],[-83.698516,43.399963],[-83.69848,43.407143],[-83.698522,43.414408],[-83.698564,43.436011],[-83.698643,43.443145],[-83.698649,43.44404],[-83.698666,43.445337],[-83.698702,43.450414],[-83.698699,43.451147],[-83.69871,43.45231],[-83.698737,43.458392],[-83.698737,43.4605],[-83.698743,43.462287],[-83.698747,43.463556],[-83.698748,43.464899],[-83.698816,43.478957],[-83.699239,43.558257],[-83.699484,43.565823],[-83.699651,43.579877],[-83.6995326563837,43.5886191515736]]]}},{"type":"Feature","id":"26011","properties":{"id":"26011","FIPS":"26011","stateFIPS":"26","name":"Arenac","state":"MI","sourceId":"census-counties-2024"},"geometry":{"type":"MultiPolygon","coordinates":[[[[-83.441221,44.03805],[-83.433838,44.034616],[-83.428468,44.032701],[-83.427423,44.030849],[-83.427265,44.028701],[-83.429008,44.027924],[-83.431541,44.028287],[-83.435027,44.027009],[-83.435977,44.023192],[-83.437089,44.023163],[-83.439304,44.026621],[-83.441459,44.027812],[-83.441242,44.029422],[-83.440086,44.032357],[-83.441714,44.037528],[-83.441221,44.03805]]],[[[-83.471025,44.002552],[-83.468165,44.00311],[-83.467483,44.003661],[-83.466409,44.003698],[-83.465429,44.002936],[-83.463244,44.002025],[-83.463266,44.001372],[-83.465238,44.001428],[-83.467722,44.001882],[-83.470271,44.001515],[-83.471025,44.002552]]],[[[-84.166518,44.126664],[-84.166107,44.161788],[-84.127194,44.161817],[-84.125599,44.161823],[-84.104971,44.161892],[-84.065117,44.161881],[-84.05963,44.161888],[-84.047519,44.161884],[-84.032142,44.161925],[-84.007458,44.161965],[-84.004984,44.161967],[-83.999839,44.161972],[-83.997862,44.161975],[-83.972099,44.161942],[-83.927493,44.161834],[-83.883977,44.161786],[-83.868228,44.161905],[-83.838617,44.16187],[-83.808155,44.162071],[-83.80581,44.162071],[-83.777729,44.161964],[-83.772078,44.161943],[-83.762984,44.161902],[-83.731307,44.161899],[-83.686977,44.162206],[-83.642239,44.162635],[-83.616032,44.162877],[-83.5650737323924,44.1635187435465],[-83.567744,44.155899],[-83.568768,44.146078],[-83.567667,44.141335],[-83.567912,44.132589],[-83.568742,44.131045],[-83.568915,44.126734],[-83.568509470665,44.1243426937968],[-83.5679777831784,44.1212074641709],[-83.567714,44.119652],[-83.56625,44.115478],[-83.5660380451825,44.114593715385],[-83.565041,44.110434],[-83.564446,44.105537],[-83.565123,44.104998],[-83.566603,44.105268],[-83.569073,44.104793],[-83.5728768036002,44.1014677639863],[-83.573071,44.101298],[-83.574727,44.098295],[-83.577098,44.096273],[-83.580395,44.092581],[-83.584062,44.089883],[-83.588452,44.08572],[-83.591361,44.079237],[-83.591634,44.073975],[-83.590437,44.069569],[-83.58409,44.056748],[-83.579208,44.050407],[-83.579866,44.049439],[-83.588675,44.051831],[-83.601173,44.054686],[-83.610501,44.056243],[-83.621078,44.056186],[-83.647059,44.05322],[-83.654416,44.050991],[-83.660336,44.047507],[-83.664761,44.044893],[-83.6654370628429,44.044586374798],[-83.671488,44.041842],[-83.6759987133926,44.0388166292859],[-83.679654,44.036365],[-83.6796515749335,44.0362459869765],[-83.679549,44.031212],[-83.681082,44.029616],[-83.6811375851066,44.0295527357949],[-83.6822008623867,44.0283425664512],[-83.682812,44.027647],[-83.68483,44.028062],[-83.6867330173736,44.0274914909747],[-83.689153,44.026766],[-83.689442,44.023865],[-83.687784,44.022362],[-83.687784,44.020186],[-83.685046,44.011894],[-83.680108,43.994196],[-83.677326,43.991639],[-83.677098,43.99053],[-83.680563,43.987646],[-83.681718,43.987535],[-83.683907,43.988393],[-83.686703,43.988766],[-83.688375,43.989305],[-83.689672,43.990073],[-83.692468,43.991068],[-83.695869,43.991815],[-83.697051,43.992416],[-83.699056,43.996431],[-83.70309,43.999396],[-83.706361,44.000297],[-83.717296,43.998639],[-83.718511,43.998943],[-83.720336,44.002513],[-83.722219,44.002554],[-83.723417,44.001282],[-83.728521,44.00337],[-83.735711,44.004947],[-83.737991,44.004569],[-83.73843,44.005199],[-83.740271,44.005199],[-83.742814,44.003938],[-83.744656,44.003875],[-83.74589,44.003259],[-83.749391,44.002487],[-83.750005,44.001162],[-83.749479,43.999712],[-83.7498023178862,43.9961163408042],[-83.749834,43.995764],[-83.754008,43.993914],[-83.753692,43.993086],[-83.75018,43.992457],[-83.750234,43.990997],[-83.75528,43.990567],[-83.757418,43.989798],[-83.758701,43.987644],[-83.759299,43.986413],[-83.762806,43.985767],[-83.7712115013642,43.9861143200972],[-83.7723336540835,43.9861606880858],[-83.7731879372615,43.9861959875526],[-83.7756070822522,43.9862959479996],[-83.777012,43.986354],[-83.785679,43.988313],[-83.790527,43.98961],[-83.794851,43.988675],[-83.798126,43.986536],[-83.801683,43.986252],[-83.803257,43.987921],[-83.801419,43.990136],[-83.801255,43.995178],[-83.8062141241733,43.9963771819888],[-83.808645,43.996965],[-83.814846,43.996688],[-83.817796,43.994566],[-83.820105,43.991336],[-83.8218509048317,43.9912455325222],[-83.826049,43.991028],[-83.828743,43.992013],[-83.830624,43.993366],[-83.830026,43.994966],[-83.830062,43.996819],[-83.832292,43.997273],[-83.834387,43.99715],[-83.836824,43.996473],[-83.842255,43.993828],[-83.848173,43.989535],[-83.850883,43.984507],[-83.84803,43.981942],[-83.849524,43.979644],[-83.8504593017759,43.9793335144156],[-83.8532158977453,43.978418426545],[-83.853416,43.978352],[-83.8554353995371,43.975819067198],[-83.858823,43.97157],[-83.86048582043,43.9680040560134],[-83.860546,43.967875],[-83.8612598191593,43.9661439023286],[-83.861374,43.965867],[-83.864208,43.964769],[-83.865472,43.962541],[-83.866867,43.96229],[-83.870398,43.963012],[-83.875498,43.961945],[-83.877628,43.958473],[-83.8781799213364,43.9574162230117],[-83.8792107937488,43.9554423869386],[-83.879258,43.955352],[-83.879269549005,43.9552418020952],[-83.8793041042832,43.9549120837128],[-83.879677,43.951354],[-83.880913,43.951075],[-83.88229,43.948659],[-83.88335,43.948557],[-83.885492,43.946399],[-83.886352,43.941692],[-83.888576,43.937979],[-83.889742,43.935181],[-83.890307,43.931163],[-83.890201,43.925465],[-83.89059,43.923812],[-83.8959864629942,43.9242179891855],[-83.897688,43.924346],[-83.899744,43.923512],[-83.899475,43.920759],[-83.8987021765327,43.9196740333496],[-83.898398,43.919247],[-83.901144,43.917929],[-83.902668,43.918394],[-83.9055650635881,43.9182299242166],[-83.90627,43.91819],[-83.9067611814859,43.9176423919848],[-83.908629,43.91556],[-83.9090930130423,43.9104796013383],[-83.934921,43.910504],[-83.946274,43.910527],[-83.955509,43.910724],[-83.966199,43.910677],[-83.986128,43.910811],[-84.044843,43.911146],[-84.04488,43.914819],[-84.045017,43.943538],[-84.045421,43.983263],[-84.045409,43.996974],[-84.166377,43.996901],[-84.16645,44.083059],[-84.166576,44.120394],[-84.166518,44.126664]]]]}},{"type":"Feature","id":"26127","properties":{"id":"26127","FIPS":"26127","stateFIPS":"26","name":"Oceana","state":"MI","sourceId":"census-counties-2024"},"geometry":{"type":"Polygon","coordinates":[[[-86.540787,43.644593],[-86.5404997361644,43.6463629440318],[-86.5388947274523,43.6562520259099],[-86.538482,43.658795],[-86.534538,43.668005],[-86.529179,43.677889],[-86.5268633306971,43.6804350084128],[-86.5178668199226,43.6903264001105],[-86.510319,43.698625],[-86.481854,43.725135],[-86.4733111109186,43.7342039290495],[-86.461554,43.746685],[-86.454254,43.756619],[-86.4531110186619,43.758489754145],[-86.4464716609329,43.769356603478],[-86.4458348335794,43.7703989191935],[-86.445123,43.771564],[-86.442402,43.777818],[-86.44179,43.780958],[-86.440505,43.784061],[-86.4398361385662,43.7851935967696],[-86.437391,43.789334],[-86.4369956258149,43.7906274902238],[-86.433576,43.801815],[-86.4311422515185,43.8154201632446],[-86.431043,43.815975],[-86.4307941816123,43.8194069777613],[-86.428695,43.81942],[-86.416471,43.819572],[-86.413855,43.81931],[-86.402481,43.819439],[-86.397934,43.819417],[-86.381906,43.819186],[-86.378324,43.819142],[-86.377217,43.819122],[-86.371927,43.819054],[-86.370672,43.819037],[-86.363287,43.818915],[-86.358286,43.818836],[-86.356816,43.818816],[-86.354681,43.818766],[-86.318271,43.818223],[-86.279381,43.817885],[-86.278389,43.81779],[-86.278044,43.81776],[-86.258367,43.817456],[-86.248539,43.817252],[-86.243426,43.817265],[-86.178789,43.816443],[-86.158332,43.816129],[-86.128293,43.81614],[-86.127448,43.816082],[-86.126463,43.816052],[-86.124443,43.816068],[-86.123454,43.816051],[-86.117453,43.815991],[-86.087079,43.815974],[-86.084556,43.815844],[-86.037884,43.815611],[-86.039133,43.757375],[-86.039277,43.728339],[-86.039368,43.702711],[-86.039352,43.69891],[-86.039273,43.684978],[-86.039217,43.641209],[-86.039246,43.626814],[-86.039542,43.59755],[-86.039633,43.579537],[-86.039639,43.575706],[-86.039706,43.561429],[-86.03978,43.554182],[-86.03964,43.539751],[-86.039653,43.533995],[-86.039658,43.525302],[-86.039491,43.467447],[-86.079139,43.467917],[-86.158631,43.468744],[-86.218306,43.469098],[-86.218915,43.469105],[-86.227495,43.469189],[-86.277874,43.470076],[-86.280666,43.470128],[-86.281629,43.470264],[-86.290839,43.470274],[-86.397141,43.472487],[-86.4615386091284,43.4723264306271],[-86.463495,43.479235],[-86.465144,43.484642],[-86.468747,43.491963],[-86.471985,43.500685],[-86.4752283007346,43.5072018503307],[-86.479276,43.515335],[-86.486915,43.52855],[-86.496008,43.542107],[-86.4984247697854,43.5455639086681],[-86.5070383616834,43.5578846521149],[-86.5085624359731,43.5600646634899],[-86.520205,43.576718],[-86.529507,43.593462],[-86.5379226126339,43.6159651047951],[-86.538497,43.617501],[-86.5388763789888,43.619956534034],[-86.540916,43.633158],[-86.540787,43.644593]]]}},{"type":"Feature","id":"26061","properties":{"id":"26061","FIPS":"26061","stateFIPS":"26","name":"Houghton","state":"MI","sourceId":"census-counties-2024"},"geometry":{"type":"MultiPolygon","coordinates":[[[[-88.276076,47.072582],[-88.274086,47.074909],[-88.272274,47.07507],[-88.270372,47.076305],[-88.2698599408974,47.0763807217707],[-88.269689,47.076406],[-88.269005,47.076082],[-88.2688907248078,47.0758361279024],[-88.268055,47.074038],[-88.267995,47.072217],[-88.268074,47.071232],[-88.268708,47.069809],[-88.269303,47.069486],[-88.270342,47.069526],[-88.272,47.070563],[-88.274699,47.07142],[-88.276076,47.071631],[-88.276076,47.072582]]],[[[-88.991234,46.478973],[-88.99078,46.593157],[-88.989529,46.680119],[-88.864473,46.679311],[-88.864,46.751769],[-88.863906,46.765013],[-88.885013,46.765101],[-88.888837,46.765005],[-88.90607,46.764951],[-88.93248,46.764787],[-88.932953,46.77979],[-88.932132,46.794263],[-88.932343,46.808076],[-88.932547,46.857758],[-88.932505,46.894253],[-88.932932,46.967706],[-88.933301762633,47.0311855525701],[-88.924492,47.042156],[-88.9234576399528,47.0438717345635],[-88.9149763358285,47.0579400144317],[-88.914189,47.059246],[-88.911911,47.065096],[-88.911145,47.069691],[-88.912525,47.070551],[-88.912556,47.071403],[-88.911708,47.073789],[-88.910206,47.074084],[-88.908454,47.074285],[-88.90558,47.077641],[-88.902509,47.082796],[-88.903558,47.084568],[-88.903706,47.086161],[-88.901074,47.089217],[-88.897994,47.090857],[-88.892133,47.095941],[-88.891696,47.097673],[-88.88914,47.100575],[-88.879077,47.105204],[-88.872331,47.107782],[-88.867669,47.108389],[-88.861612,47.110514],[-88.855372,47.114263],[-88.852569,47.114575],[-88.850951,47.113987],[-88.848176,47.115065],[-88.845824,47.114654],[-88.840788,47.117613],[-88.835588,47.121782],[-88.833611,47.123651],[-88.833762,47.124926],[-88.832479,47.12574],[-88.830597,47.126761],[-88.826149,47.132345],[-88.821895,47.137207],[-88.814834,47.141399],[-88.811558,47.142293],[-88.807652,47.143209],[-88.805047,47.143334],[-88.802793,47.145205],[-88.800691,47.146761],[-88.789813,47.150925],[-88.783537,47.15068],[-88.781674,47.150907],[-88.779678,47.150978],[-88.778022,47.150465],[-88.775218,47.150366],[-88.7688528184441,47.1530544047035],[-88.767374,47.153679],[-88.761313,47.15675],[-88.754064,47.162568],[-88.750387,47.168099],[-88.729688,47.185834],[-88.7121376403051,47.1969371098682],[-88.702086364674,47.2032959776971],[-88.69966,47.204831],[-88.672395,47.219137],[-88.666976,47.221329],[-88.664697,47.221278],[-88.653713,47.225806],[-88.639716,47.226242],[-88.6278961777932,47.2289368959928],[-88.625615,47.229457],[-88.618943,47.233384],[-88.613009,47.238341],[-88.592609,47.240708],[-88.583762618575,47.242581197532],[-88.5821056290555,47.242932060617],[-88.577048,47.244003],[-88.562015,47.253363],[-88.552483,47.261468],[-88.5521686503136,47.2616482829245],[-88.524902,47.277286],[-88.5119978820947,47.2859613204572],[-88.411213,47.286181],[-88.410397,47.286152],[-88.406863,47.286136],[-88.391179,47.28597],[-88.384474,47.285921],[-88.320807,47.28621],[-88.298992,47.286097],[-88.299049,47.257056],[-88.298441,47.214175],[-88.298436,47.199782],[-88.226990173848,47.1999305272193],[-88.228987,47.199042],[-88.236892,47.189236],[-88.239012,47.186238],[-88.242006,47.174767],[-88.2421517368929,47.17112558323],[-88.24266,47.158426],[-88.241353,47.154896],[-88.23947,47.151137],[-88.236721,47.149287],[-88.233593,47.149794],[-88.231797,47.149609],[-88.232164,47.145975],[-88.239895,47.139436],[-88.247628,47.135981],[-88.249571,47.136231],[-88.24985,47.13841],[-88.250785,47.140209],[-88.252148,47.141678],[-88.255303,47.14364],[-88.257689,47.144735],[-88.262972,47.145174],[-88.267811,47.144765],[-88.272017,47.143511],[-88.277545,47.140902],[-88.281701,47.138212],[-88.285855,47.134338],[-88.28904,47.129689],[-88.289543,47.126604],[-88.28787,47.125374],[-88.287173,47.12042],[-88.288347,47.114547],[-88.297625,47.098505],[-88.303134,47.095554],[-88.307202,47.093895],[-88.313805,47.091864],[-88.31765,47.089684],[-88.321792,47.086878],[-88.324115,47.086874],[-88.333504,47.083517],[-88.3352,47.083364],[-88.337428,47.081545],[-88.340052,47.080494],[-88.342146,47.079717],[-88.346709,47.079372],[-88.349952,47.076377],[-88.351801,47.073141],[-88.353191,47.069063],[-88.35413,47.062598],[-88.353952,47.058047],[-88.353725,47.054839],[-88.354056,47.053764],[-88.355182,47.052043],[-88.356497,47.048915],[-88.359054,47.039739],[-88.3591941883078,47.0395236708968],[-88.365926268666,47.0291832020722],[-88.367207,47.027216],[-88.367624,47.019213],[-88.371867,47.015607],[-88.373966,47.012262],[-88.385606,47.004522],[-88.396443,46.993331],[-88.40353,46.984854],[-88.41009,46.97999],[-88.415557,46.977687],[-88.425635,46.977654],[-88.431339,46.975319],[-88.432432,46.975611],[-88.433478,46.981935],[-88.4352519896241,46.981935],[-88.438755,46.981935],[-88.446455,46.970162],[-88.448016541498,46.9528905388833],[-88.44857,46.946769],[-88.4508233502795,46.9390376774892],[-88.552185,46.938533],[-88.551985,46.924013],[-88.551943,46.851795],[-88.563722,46.85158],[-88.573148,46.85141],[-88.636352,46.851799],[-88.678879,46.851801],[-88.678982,46.851654],[-88.678715,46.764797],[-88.676257,46.764789],[-88.676272,46.763092],[-88.676116,46.758883],[-88.676496,46.751557],[-88.676113,46.730117],[-88.678427,46.722653],[-88.678836,46.592569],[-88.679392,46.420139],[-88.804122,46.420099],[-88.845874,46.419948],[-88.991236,46.419704],[-88.991234,46.478973]]]]}},{"type":"Feature","id":"26033","properties":{"id":"26033","FIPS":"26033","stateFIPS":"26","name":"Chippewa","state":"MI","sourceId":"census-counties-2024"},"geometry":{"type":"MultiPolygon","coordinates":[[[[-83.696407,46.058476],[-83.696051,46.059465],[-83.693912,46.061939],[-83.691892,46.061939],[-83.690822,46.06128],[-83.690228,46.059713],[-83.690109,46.056991],[-83.691535,46.055589],[-83.695694,46.05493],[-83.696289,46.056002],[-83.696407,46.058476]]],[[[-83.705083,46.065155],[-83.704132,46.066722],[-83.702231,46.067711],[-83.700686,46.068371],[-83.699735,46.066969],[-83.699854,46.064413],[-83.700329,46.063341],[-83.700329,46.062269],[-83.701993,46.06128],[-83.703181,46.061445],[-83.704013,46.062599],[-83.705083,46.064248],[-83.705083,46.065155]]],[[[-83.710074,46.05262],[-83.709242,46.053198],[-83.706033,46.052703],[-83.704489,46.052703],[-83.702825,46.053528],[-83.701755,46.053115],[-83.700805,46.051878],[-83.70128,46.050724],[-83.700923,46.049816],[-83.701399,46.048909],[-83.70437,46.049404],[-83.705915,46.049404],[-83.707935,46.048909],[-83.709004,46.049239],[-83.710074,46.050888],[-83.710074,46.05262]]],[[[-83.728019,46.046435],[-83.725761,46.047589],[-83.724454,46.049321],[-83.722671,46.050806],[-83.720413,46.050806],[-83.719462,46.048826],[-83.719344,46.047342],[-83.71863,46.046599],[-83.718749,46.045445],[-83.719581,46.045197],[-83.720413,46.044042],[-83.721839,46.044537],[-83.725167,46.04495],[-83.727543,46.04429],[-83.728375,46.044455],[-83.728019,46.046435]]],[[[-83.728851,46.040743],[-83.728019,46.041403],[-83.726712,46.041403],[-83.725523,46.040578],[-83.725048,46.039258],[-83.725167,46.037443],[-83.727306,46.037361],[-83.728375,46.038021],[-83.728732,46.03934],[-83.728851,46.040743]]],[[[-83.734436,46.036866],[-83.733485,46.038103],[-83.732654,46.038268],[-83.732416,46.036866],[-83.733485,46.035876],[-83.734793,46.035793],[-83.734436,46.036866]]],[[[-83.768662,45.935465],[-83.768068,45.937779],[-83.766879,45.93687],[-83.766296,45.935116],[-83.767051,45.933106],[-83.768552,45.931753],[-83.769375,45.934887],[-83.768662,45.935465]]],[[[-83.771395,46.090958],[-83.768543,46.091535],[-83.765097,46.092194],[-83.762126,46.089886],[-83.761651,46.088897],[-83.762465,46.086318],[-83.766523,46.08626],[-83.769732,46.088568],[-83.771395,46.090958]]],[[[-83.77401,46.051466],[-83.772346,46.054517],[-83.770445,46.055507],[-83.769137,46.054435],[-83.763314,46.063836],[-83.761651,46.065403],[-83.760106,46.065569],[-83.75963,46.064578],[-83.757848,46.064331],[-83.756422,46.065897],[-83.754758,46.066145],[-83.753332,46.06499],[-83.752262,46.064166],[-83.750955,46.064743],[-83.750242,46.062517],[-83.749648,46.05996],[-83.746558,46.056414],[-83.743706,46.055589],[-83.736575,46.054187],[-83.734912,46.05361],[-83.734317,46.050724],[-83.736171,46.046532],[-83.739784,46.04594],[-83.745845,46.040495],[-83.744775,46.039835],[-83.744894,46.036371],[-83.746677,46.035711],[-83.747226,46.034778],[-83.757016,46.036536],[-83.759987,46.038351],[-83.761769,46.043846],[-83.762364,46.044785],[-83.764622,46.047507],[-83.766048,46.049569],[-83.768068,46.050641],[-83.769732,46.050724],[-83.769137,46.048332],[-83.769019,46.045032],[-83.770326,46.043795],[-83.771277,46.044042],[-83.773178,46.047342],[-83.773891,46.049404],[-83.77401,46.051466]]],[[[-83.774248,46.066474],[-83.773059,46.067052],[-83.772108,46.067794],[-83.770801,46.069113],[-83.770088,46.068701],[-83.770088,46.067299],[-83.770801,46.06565],[-83.772346,46.064248],[-83.77401,46.064331],[-83.774248,46.065238],[-83.774248,46.066474]]],[[[-83.78423,46.081314],[-83.783517,46.082386],[-83.782685,46.08354],[-83.782447,46.084529],[-83.781259,46.085023],[-83.780665,46.083869],[-83.781259,46.082468],[-83.782447,46.080737],[-83.782566,46.080325],[-83.783992,46.079995],[-83.78423,46.081314]]],[[[-83.791955,46.008561],[-83.79041,46.009222],[-83.789934,46.008396],[-83.789697,46.007241],[-83.790647,46.006746],[-83.791955,46.007241],[-83.791955,46.008561]]],[[[-83.793618,46.036206],[-83.792787,46.037526],[-83.791717,46.038351],[-83.790766,46.038433],[-83.790529,46.036948],[-83.791004,46.035381],[-83.791598,46.034391],[-83.792905,46.034226],[-83.793737,46.034803],[-83.793618,46.036206]]],[[[-83.793856,46.061774],[-83.792787,46.063753],[-83.792311,46.063918],[-83.791836,46.062599],[-83.792787,46.061445],[-83.793618,46.061032],[-83.793856,46.061774]]],[[[-83.798847,46.058723],[-83.798491,46.060373],[-83.797659,46.061032],[-83.796708,46.060373],[-83.796471,46.059053],[-83.796708,46.057569],[-83.796233,46.056497],[-83.798253,46.056084],[-83.798966,46.057734],[-83.798847,46.058723]]],[[[-83.813227,46.074554],[-83.811801,46.076615],[-83.810494,46.078099],[-83.809424,46.078017],[-83.8099,46.076368],[-83.810731,46.074719],[-83.810613,46.07406],[-83.811444,46.0734],[-83.813108,46.073235],[-83.813227,46.074554]]],[[[-83.825111,46.029193],[-83.822853,46.030843],[-83.822853,46.029358],[-83.823923,46.0268],[-83.824873,46.027543],[-83.825468,46.028533],[-83.825111,46.029193]]],[[[-83.827844,46.056579],[-83.82725,46.057486],[-83.826537,46.058393],[-83.825824,46.058228],[-83.826299,46.056909],[-83.826656,46.056002],[-83.827369,46.055095],[-83.827844,46.056579]]],[[[-83.827607,46.101753],[-83.826299,46.102825],[-83.82416,46.103649],[-83.822615,46.104967],[-83.821427,46.105049],[-83.819763,46.102989],[-83.819288,46.101918],[-83.81703,46.102165],[-83.816673,46.103649],[-83.817149,46.104225],[-83.817149,46.106121],[-83.816079,46.107933],[-83.814891,46.108922],[-83.812514,46.108675],[-83.809662,46.10678],[-83.807285,46.105461],[-83.806334,46.105461],[-83.801462,46.106697],[-83.799679,46.106615],[-83.79754,46.106615],[-83.795401,46.107109],[-83.7935,46.107356],[-83.791955,46.107027],[-83.793618,46.105379],[-83.792549,46.101918],[-83.791836,46.101918],[-83.790766,46.102495],[-83.790053,46.101094],[-83.788389,46.100847],[-83.787082,46.099446],[-83.785537,46.098869],[-83.783398,46.097963],[-83.782091,46.098375],[-83.779833,46.09854],[-83.77912,46.097468],[-83.779358,46.09615],[-83.78019,46.095408],[-83.780665,46.094584],[-83.778882,46.093265],[-83.7771,46.092853],[-83.776506,46.092029],[-83.777932,46.091864],[-83.778169,46.089969],[-83.780308,46.090546],[-83.782447,46.090628],[-83.783874,46.092029],[-83.787439,46.092689],[-83.788508,46.09409],[-83.789459,46.094502],[-83.790766,46.094419],[-83.794807,46.095408],[-83.796589,46.094502],[-83.796352,46.093101],[-83.796946,46.0917],[-83.798491,46.09137],[-83.799204,46.092029],[-83.801462,46.092441],[-83.803126,46.092524],[-83.803244,46.093595],[-83.803244,46.094749],[-83.802056,46.095573],[-83.801818,46.097963],[-83.802056,46.099446],[-83.802888,46.1006],[-83.805384,46.100847],[-83.807998,46.100682],[-83.810731,46.100517],[-83.812395,46.100105],[-83.812989,46.099281],[-83.812871,46.097798],[-83.813584,46.094749],[-83.814653,46.093183],[-83.815604,46.094172],[-83.817149,46.094502],[-83.818456,46.094337],[-83.818694,46.093183],[-83.818931,46.091947],[-83.820357,46.092029],[-83.820714,46.095738],[-83.819288,46.097386],[-83.820239,46.098128],[-83.823566,46.098292],[-83.827488,46.099611],[-83.828201,46.10027],[-83.827607,46.101753]]],[[[-83.829033,46.037526],[-83.828557,46.03901],[-83.827725,46.03967],[-83.827369,46.036866],[-83.827607,46.035463],[-83.828557,46.036618],[-83.829033,46.037526]]],[[[-83.837352,46.045362],[-83.836401,46.045857],[-83.835807,46.04561],[-83.835569,46.044537],[-83.835925,46.04363],[-83.83652,46.04297],[-83.837233,46.04396],[-83.837352,46.045362]]],[[[-83.850662,46.066969],[-83.850067,46.068371],[-83.850424,46.06969],[-83.850186,46.071586],[-83.848879,46.07307],[-83.847572,46.07373],[-83.84674,46.072988],[-83.845789,46.071339],[-83.845195,46.070267],[-83.844007,46.070102],[-83.84258,46.070102],[-83.841867,46.069443],[-83.841392,46.067794],[-83.84163,46.06598],[-83.842343,46.064166],[-83.844601,46.063424],[-83.845551,46.063671],[-83.846146,46.064578],[-83.847215,46.065155],[-83.847928,46.065155],[-83.849473,46.065238],[-83.850543,46.065815],[-83.850662,46.066969]]],[[[-83.856247,46.084776],[-83.855415,46.085436],[-83.854227,46.084611],[-83.852801,46.08288],[-83.851018,46.081726],[-83.850424,46.08016],[-83.84983,46.079501],[-83.850186,46.078676],[-83.854227,46.079995],[-83.854583,46.081644],[-83.855534,46.082798],[-83.856128,46.083375],[-83.856247,46.084776]]],[[[-83.857329,46.057806],[-83.855653,46.058641],[-83.852563,46.058888],[-83.850662,46.056744],[-83.847157,46.055242],[-83.84674,46.053858],[-83.847809,46.052208],[-83.855059,46.053528],[-83.85696,46.055425],[-83.857329,46.057806]]],[[[-83.869082,46.078099],[-83.868369,46.07983],[-83.86623,46.080984],[-83.864804,46.081149],[-83.862546,46.080407],[-83.860882,46.078347],[-83.858862,46.077275],[-83.858505,46.076533],[-83.855891,46.076698],[-83.854108,46.076533],[-83.85292,46.076533],[-83.852563,46.075214],[-83.853276,46.072741],[-83.854108,46.072246],[-83.855296,46.072411],[-83.855653,46.072741],[-83.856841,46.071834],[-83.857673,46.071174],[-83.857673,46.070185],[-83.858148,46.069525],[-83.859337,46.06936],[-83.860644,46.070762],[-83.86207,46.070762],[-83.86516,46.071421],[-83.86718,46.072905],[-83.867893,46.074554],[-83.869319,46.076203],[-83.869082,46.078099]]],[[[-83.881322,46.055919],[-83.88049,46.057074],[-83.878708,46.057981],[-83.878351,46.057239],[-83.877876,46.055425],[-83.879183,46.054187],[-83.880728,46.055012],[-83.881322,46.055919]]],[[[-83.882867,45.975453],[-83.880847,45.977352],[-83.877876,45.978261],[-83.878827,45.981151],[-83.880127,45.983709],[-83.879659,45.985941],[-83.878114,45.989079],[-83.876212,45.991556],[-83.873146,45.993427],[-83.868233,45.995075],[-83.86719,45.996473],[-83.870389,45.998243],[-83.870627,45.999151],[-83.871102,46.00105],[-83.869676,46.000967],[-83.867299,46.004764],[-83.867418,46.006993],[-83.866348,46.009634],[-83.86516,46.009552],[-83.864685,46.007901],[-83.862902,46.007654],[-83.860525,46.007736],[-83.856458,46.012561],[-83.854583,46.015659],[-83.851102,46.018037],[-83.847691,46.023912],[-83.845076,46.026552],[-83.839428,46.024367],[-83.835807,46.024572],[-83.832946,46.02294],[-83.831842,46.022697],[-83.83034,46.023994],[-83.829672,46.021533],[-83.827607,46.019951],[-83.825111,46.016237],[-83.827012,46.015164],[-83.829627,46.013431],[-83.829865,46.012276],[-83.830934,46.01112],[-83.832241,46.010625],[-83.834262,46.010295],[-83.834618,46.008727],[-83.833667,46.007323],[-83.830221,46.006828],[-83.828439,46.007158],[-83.82832,46.005425],[-83.829152,46.003361],[-83.827607,46.001958],[-83.825824,46.002618],[-83.82416,46.00171],[-83.825111,46.000389],[-83.825943,45.998903],[-83.828557,45.998986],[-83.829865,45.997995],[-83.830102,45.996922],[-83.829152,45.995931],[-83.827369,45.997005],[-83.825943,45.997335],[-83.824041,45.9975],[-83.820952,45.999316],[-83.820357,46.000472],[-83.817149,46.003031],[-83.816555,46.002618],[-83.816555,46.000637],[-83.818694,45.999069],[-83.820476,45.997005],[-83.821783,45.996262],[-83.824279,45.994528],[-83.826418,45.99395],[-83.824992,45.992051],[-83.82107,45.992134],[-83.819288,45.994115],[-83.817268,45.993124],[-83.816436,45.99106],[-83.815604,45.987757],[-83.81192,45.988501],[-83.8099,45.986932],[-83.810018,45.985693],[-83.808117,45.984537],[-83.806097,45.983876],[-83.80372,45.984702],[-83.800987,45.984702],[-83.799085,45.986023],[-83.800868,45.987262],[-83.799442,45.988088],[-83.797302,45.987345],[-83.795876,45.988666],[-83.794688,45.991225],[-83.794755,45.99305],[-83.794052,45.9958],[-83.789103,45.998738],[-83.788865,46.000637],[-83.788389,46.001793],[-83.787439,46.001215],[-83.786132,45.998738],[-83.783874,45.998243],[-83.78114,45.998491],[-83.779001,45.999812],[-83.779476,46.001793],[-83.779162,46.003028],[-83.776436,46.004204],[-83.775674,46.00625],[-83.774248,46.008479],[-83.778645,46.010047],[-83.780665,46.013018],[-83.777337,46.013349],[-83.7771117015861,46.0130046044448],[-83.776743,46.012441],[-83.773535,46.010377],[-83.772821,46.012111],[-83.773535,46.014422],[-83.772227,46.016237],[-83.771633,46.014587],[-83.770326,46.014587],[-83.765274,46.018364],[-83.765929,46.020116],[-83.766285,46.02482],[-83.76581,46.026387],[-83.764548,46.024984],[-83.76272,46.024902],[-83.75963,46.026387],[-83.755709,46.028038],[-83.75559,46.025727],[-83.753094,46.024407],[-83.750836,46.023829],[-83.74979,46.025367],[-83.748171,46.025058],[-83.748816,46.023004],[-83.747152,46.022839],[-83.745251,46.022674],[-83.74323,46.024324],[-83.742398,46.023664],[-83.73812,46.023994],[-83.735506,46.025232],[-83.734199,46.026882],[-83.732416,46.027295],[-83.72992,46.031008],[-83.729448,46.033189],[-83.727837,46.034924],[-83.722909,46.037278],[-83.711777,46.040279],[-83.711619,46.039753],[-83.709123,46.038268],[-83.706865,46.038845],[-83.705202,46.037443],[-83.702944,46.037361],[-83.697715,46.037196],[-83.692723,46.035628],[-83.688802,46.035628],[-83.686068,46.037443],[-83.68488,46.040578],[-83.687732,46.04132],[-83.688667,46.044149],[-83.692367,46.045032],[-83.693555,46.046187],[-83.692961,46.049156],[-83.691773,46.051713],[-83.690465,46.05361],[-83.689158,46.052208],[-83.686439,46.050861],[-83.683335,46.051796],[-83.678938,46.051796],[-83.675135,46.053115],[-83.671689,46.05493],[-83.670738,46.058311],[-83.671808,46.06062],[-83.677512,46.063341],[-83.675848,46.06565],[-83.675016,46.067546],[-83.675729,46.070844],[-83.677393,46.072988],[-83.682741,46.072988],[-83.68466,46.073255],[-83.685831,46.074637],[-83.699883,46.075375],[-83.719513,46.081326],[-83.721483,46.080737],[-83.722888,46.081578],[-83.722316,46.082587],[-83.726353,46.084404],[-83.729326,46.084859],[-83.732178,46.086919],[-83.730752,46.088733],[-83.728653,46.090162],[-83.729207,46.091535],[-83.725731,46.09211],[-83.723297,46.093811],[-83.719788,46.101032],[-83.714715,46.101775],[-83.707951,46.101474],[-83.704782,46.101245],[-83.703857,46.103367],[-83.700111,46.103867],[-83.696649,46.103546],[-83.695476,46.102748],[-83.687673,46.10242],[-83.661163,46.100258],[-83.655329,46.102434],[-83.652035,46.101417],[-83.649308,46.103614],[-83.645407,46.103899],[-83.642925,46.102899],[-83.634979,46.103954],[-83.629619,46.103566],[-83.625557,46.102211],[-83.615341,46.095978],[-83.608269,46.094376],[-83.602069,46.092336],[-83.59861,46.090084],[-83.596225,46.089309],[-83.59266,46.088568],[-83.588131,46.0898],[-83.586732,46.09113],[-83.584766,46.090754],[-83.581314,46.089615],[-83.576088,46.083511],[-83.574305,46.080009],[-83.575661,46.078965],[-83.572639,46.074921],[-83.572571,46.069897],[-83.566991,46.067299],[-83.565208,46.06499],[-83.565353,46.061897],[-83.561226,46.059921],[-83.556907,46.06047],[-83.554062,46.058884],[-83.551801,46.055253],[-83.550302,46.049414],[-83.547203,46.047867],[-83.543365,46.037197],[-83.540848,46.021248],[-83.541005,46.019761],[-83.541936,46.018501],[-83.5408,46.017051],[-83.538527,46.016964],[-83.535363,46.015363],[-83.5336,46.013663],[-83.532913,46.01133],[-83.533716,46.009552],[-83.534429,46.007654],[-83.531814,46.006415],[-83.530032,46.007406],[-83.527061,46.007736],[-83.522545,46.007323],[-83.521322,46.009142],[-83.519344,46.008699],[-83.514887,46.003305],[-83.509116,45.998903],[-83.506382,45.995188],[-83.500678,45.994776],[-83.494617,45.997665],[-83.494843,45.999542],[-83.49251,46.000004],[-83.48835,45.999542],[-83.480637,45.996162],[-83.473946,45.98856],[-83.473221,45.984421],[-83.481766,45.971874],[-83.48535,45.969531],[-83.488808,45.968739],[-83.491349,45.968048],[-83.494642,45.963458],[-83.49793,45.961223],[-83.499782,45.959937],[-83.498734,45.956216],[-83.498271,45.949556],[-83.49973,45.947166],[-83.501927,45.947145],[-83.504054,45.946349],[-83.505495,45.943559],[-83.504809,45.941155],[-83.50717,45.939518],[-83.512388,45.938045],[-83.51332,45.936809],[-83.512561,45.932808],[-83.512882,45.931759],[-83.510111,45.931727],[-83.51062,45.929325],[-83.512016,45.927116],[-83.513887,45.926702],[-83.515661,45.925812],[-83.515824,45.923617],[-83.517242,45.923615],[-83.521349,45.920666],[-83.526344,45.918636],[-83.528312,45.917769],[-83.529913,45.919511],[-83.534191,45.920255],[-83.537281,45.922818],[-83.53835,45.924472],[-83.537875,45.925216],[-83.539539,45.928026],[-83.541084,45.929018],[-83.543223,45.928687],[-83.543698,45.926125],[-83.544887,45.924389],[-83.544292,45.922653],[-83.540965,45.92009],[-83.542034,45.919181],[-83.543936,45.920007],[-83.546035,45.919134],[-83.549744,45.917592],[-83.548808,45.916535],[-83.550267,45.91439],[-83.552492,45.915047],[-83.553205,45.916535],[-83.553562,45.918271],[-83.557365,45.919925],[-83.562,45.922074],[-83.565684,45.922984],[-83.567585,45.92257],[-83.567347,45.920586],[-83.567229,45.918023],[-83.566515,45.915378],[-83.562594,45.914882],[-83.561836,45.912563],[-83.565084,45.912599],[-83.5701,45.913945],[-83.571388,45.916866],[-83.570675,45.918685],[-83.572101,45.920255],[-83.574715,45.919842],[-83.576617,45.921165],[-83.579469,45.920669],[-83.581252,45.920007],[-83.581252,45.9167],[-83.582273,45.915685],[-83.586544,45.917105],[-83.589374,45.918046],[-83.595547,45.92098],[-83.602989,45.924644],[-83.608463,45.926076],[-83.608585,45.929431],[-83.605495,45.936044],[-83.604188,45.938771],[-83.606446,45.940672],[-83.609179,45.94092],[-83.610605,45.938936],[-83.612388,45.939515],[-83.615834,45.939928],[-83.615596,45.938688],[-83.616785,45.936374],[-83.616547,45.933481],[-83.617735,45.932159],[-83.619399,45.930919],[-83.621895,45.930754],[-83.624153,45.932242],[-83.625698,45.931002],[-83.62748,45.93001],[-83.629144,45.93001],[-83.630967,45.929001],[-83.63205,45.930181],[-83.63221,45.932285],[-83.631996,45.937449],[-83.630451,45.939515],[-83.62439,45.941581],[-83.621538,45.943068],[-83.620588,45.944556],[-83.621895,45.947531],[-83.622964,45.950257],[-83.62546,45.951001],[-83.626173,45.952653],[-83.627243,45.955297],[-83.630214,45.957032],[-83.632947,45.957363],[-83.635799,45.95695],[-83.638295,45.954802],[-83.638176,45.952571],[-83.636393,45.951414],[-83.634492,45.951166],[-83.632828,45.94877],[-83.631759,45.945713],[-83.631877,45.943812],[-83.633422,45.94439],[-83.634967,45.94406],[-83.635561,45.942325],[-83.637106,45.942077],[-83.637938,45.940754],[-83.639364,45.939515],[-83.641147,45.940837],[-83.641266,45.943729],[-83.64186,45.945961],[-83.642454,45.9472],[-83.644474,45.947778],[-83.646138,45.946291],[-83.647921,45.945134],[-83.649703,45.94563],[-83.651248,45.944143],[-83.652911,45.942679],[-83.65518,45.942993],[-83.657661,45.945461],[-83.66097,45.944351],[-83.662329,45.943088],[-83.665913,45.941682],[-83.674617,45.941025],[-83.678413,45.938427],[-83.687691,45.93539],[-83.68999,45.936044],[-83.694031,45.939184],[-83.696645,45.941581],[-83.699141,45.942325],[-83.701128,45.941517],[-83.702231,45.939515],[-83.704251,45.937118],[-83.705677,45.934215],[-83.708488,45.934005],[-83.709717,45.93563],[-83.712094,45.935961],[-83.71459,45.933812],[-83.714835,45.931299],[-83.715668,45.930108],[-83.71845,45.932634],[-83.719429,45.934078],[-83.720888,45.938027],[-83.720532,45.939515],[-83.722196,45.941911],[-83.723859,45.944473],[-83.727068,45.946704],[-83.72897,45.947035],[-83.729683,45.945878],[-83.7293600735076,45.9445320206705],[-83.729326,45.94439],[-83.730277,45.941415],[-83.731703,45.938358],[-83.7318735270337,45.938262701572],[-83.732986,45.937641],[-83.733723,45.939515],[-83.734436,45.94092],[-83.7361,45.941333],[-83.736219,45.939845],[-83.737407,45.939184],[-83.739096,45.938813],[-83.739898,45.937518],[-83.741208,45.937295],[-83.742775,45.938004],[-83.745845,45.939267],[-83.750955,45.941663],[-83.756422,45.948687],[-83.757966,45.952323],[-83.757016,45.954636],[-83.765572,45.954719],[-83.766761,45.953893],[-83.7689,45.953893],[-83.771608,45.949962],[-83.77401,45.949266],[-83.77603,45.949844],[-83.776624,45.948605],[-83.777337,45.942986],[-83.778407,45.940093],[-83.784505,45.934775],[-83.785179,45.933198],[-83.786168,45.932924],[-83.78822,45.934899],[-83.790804,45.934077],[-83.792815,45.934057],[-83.793369,45.935067],[-83.793363,45.937736],[-83.797205,45.937422],[-83.801041,45.93758],[-83.801979,45.936611],[-83.804552,45.939928],[-83.802543,45.941376],[-83.803329,45.943363],[-83.805859,45.943895],[-83.808144,45.945694],[-83.812989,45.948687],[-83.816079,45.950092],[-83.817862,45.954223],[-83.819763,45.954223],[-83.821665,45.954223],[-83.82321,45.952488],[-83.825468,45.946291],[-83.822972,45.945217],[-83.822807,45.943985],[-83.823804,45.942572],[-83.827568,45.941235],[-83.82927,45.940341],[-83.829501,45.938548],[-83.830953,45.937341],[-83.832201,45.938326],[-83.836524,45.938178],[-83.837626,45.938703],[-83.837817,45.939626],[-83.835503,45.941841],[-83.83343,45.943977],[-83.830221,45.94406],[-83.829508,45.945217],[-83.829152,45.947365],[-83.830578,45.949183],[-83.836401,45.950505],[-83.836995,45.951497],[-83.836282,45.953232],[-83.838421,45.954141],[-83.840866,45.952724],[-83.844076,45.952988],[-83.84613,45.95242],[-83.845551,45.95538],[-83.843769,45.957859],[-83.844838,45.960254],[-83.849117,45.962815],[-83.850067,45.960667],[-83.852206,45.959759],[-83.853987,45.959717],[-83.856009,45.96075],[-83.859456,45.963393],[-83.860882,45.963724],[-83.863734,45.961741],[-83.864861,45.959465],[-83.866652,45.959493],[-83.867537,45.961824],[-83.870468,45.962317],[-83.87229,45.964467],[-83.878422,45.966038],[-83.880134,45.964633],[-83.881899,45.964104],[-83.881679,45.965459],[-83.880015,45.966119],[-83.880253,45.967606],[-83.882511,45.968019],[-83.88358,45.969341],[-83.881798,45.971571],[-83.883818,45.972645],[-83.882867,45.975453]]],[[[-83.885244,46.069278],[-83.881322,46.070927],[-83.87954,46.072411],[-83.878232,46.071586],[-83.879302,46.069608],[-83.877995,46.067876],[-83.877282,46.066392],[-83.876806,46.064825],[-83.877995,46.064001],[-83.879302,46.063753],[-83.880609,46.063176],[-83.884056,46.064825],[-83.885838,46.066887],[-83.885244,46.069278]]],[[[-83.89998,46.017805],[-83.898554,46.018713],[-83.897128,46.0183],[-83.897128,46.017062],[-83.898673,46.015494],[-83.900931,46.016237],[-83.89998,46.017805]]],[[[-83.987565,46.092853],[-83.984832,46.092194],[-83.984,46.090546],[-83.983643,46.08865],[-83.986139,46.089392],[-83.987803,46.091287],[-83.987565,46.092853]]],[[[-83.990655,46.102495],[-83.990417,46.103154],[-83.989704,46.103154],[-83.988635,46.101506],[-83.987922,46.099858],[-83.987684,46.098292],[-83.989704,46.099529],[-83.99113,46.100847],[-83.990655,46.102495]]],[[[-84.01169,46.091535],[-84.007293,46.092936],[-84.005748,46.09376],[-84.006853,46.095952],[-84.00576,46.097591],[-84.004203,46.097551],[-84.003371,46.095326],[-84.001826,46.094584],[-84.000162,46.095243],[-83.998142,46.094831],[-83.99529,46.094831],[-83.992556,46.092029],[-83.99113,46.089639],[-83.98911,46.089474],[-83.989229,46.088403],[-83.989704,46.086837],[-83.987446,46.084117],[-83.985901,46.084446],[-83.985307,46.082303],[-83.98198,46.079501],[-83.980435,46.07678],[-83.978058,46.075214],[-83.976513,46.075379],[-83.975919,46.0734],[-83.975506,46.072042],[-83.976394,46.06903],[-83.973639,46.067561],[-83.97345,46.065285],[-83.975681,46.065732],[-83.978137,46.067466],[-83.981148,46.069855],[-83.984705,46.071349],[-83.98709,46.07307],[-83.991557,46.074226],[-83.995794,46.076005],[-84.001232,46.079088],[-84.004322,46.081726],[-84.006936,46.084117],[-84.009891,46.085447],[-84.012634,46.08728],[-84.01169,46.091535]]],[[[-84.023217,46.109334],[-84.022148,46.109828],[-84.020721,46.109828],[-84.019652,46.109169],[-84.020365,46.107686],[-84.022504,46.108428],[-84.023217,46.109334]]],[[[-84.169844,46.219355],[-84.166125,46.215782],[-84.166048,46.215331],[-84.167095,46.215083],[-84.168412,46.215517],[-84.1685463148535,46.2156588824966],[-84.171518,46.218798],[-84.169844,46.219355]]],[[[-84.516937,46.442696],[-84.516666,46.443043],[-84.516252,46.443261],[-84.515945,46.443414],[-84.515739,46.443651],[-84.515384,46.44358],[-84.514977,46.44318],[-84.51471,46.442865],[-84.514521,46.442443],[-84.514343,46.442128],[-84.514063,46.441714],[-84.515134,46.441697],[-84.516013,46.441674],[-84.51672,46.441905],[-84.516926,46.442273],[-84.516937,46.442696]]],[[[-84.683766,46.491751],[-84.68323,46.491883],[-84.683039,46.491804],[-84.682911,46.491953],[-84.683192,46.492164],[-84.683052,46.492454],[-84.682476,46.492649],[-84.682165,46.492808],[-84.68187,46.492973],[-84.681711,46.493116],[-84.681609,46.493236],[-84.682222,46.493482],[-84.681329,46.493755],[-84.681086,46.49357],[-84.680371,46.493412],[-84.679695,46.493851],[-84.679427,46.493816],[-84.679286,46.493675],[-84.679057,46.493421],[-84.679159,46.49321],[-84.679631,46.493315],[-84.679886,46.493227],[-84.679835,46.492849],[-84.680084,46.492527],[-84.680234,46.492456],[-84.680522,46.492559],[-84.680635,46.492551],[-84.68089,46.492512],[-84.681121,46.492386],[-84.681416,46.492238],[-84.681655,46.491953],[-84.681789,46.491448],[-84.681743,46.491226],[-84.681902,46.491037],[-84.682209,46.490951],[-84.682822,46.491074],[-84.68383,46.491514],[-84.683766,46.491751]]],[[[-85.239667,46.533475],[-85.238883,46.564468],[-85.239138,46.658718],[-85.2378749807302,46.755678903295],[-85.228253,46.75638],[-85.21728,46.756749],[-85.191017,46.761306],[-85.170718,46.764168],[-85.157817,46.765147],[-85.145202,46.764171],[-85.124787,46.761928],[-85.112604,46.760445],[-85.096353,46.758868],[-85.082139,46.757964],[-85.063556,46.757856],[-85.036286,46.760435],[-85.024921,46.762886],[-85.008846,46.76813],[-84.997404,46.771317],[-84.989497,46.772403],[-84.979518,46.772581],[-84.972216,46.773315],[-84.964652,46.772845],[-84.956248,46.771894],[-84.95158,46.769488],[-84.950287,46.768021],[-84.953297,46.767915],[-84.958435,46.765554],[-84.964398,46.762072],[-84.964608,46.761452],[-84.965121,46.760928],[-84.966249,46.759958],[-84.987539,46.745483],[-84.998072,46.737037],[-85.007616,46.728339],[-85.020159,46.712463],[-85.027513,46.697451],[-85.030078,46.684769],[-85.028291,46.675125],[-85.0303499023729,46.6608231499387],[-85.0326415438142,46.6449046135775],[-85.0326512042578,46.6448375087848],[-85.035504,46.625021],[-85.0363588930555,46.6117866826342],[-85.037056,46.600995],[-85.0369188071667,46.5993063125174],[-85.0359679278851,46.5876020718411],[-85.035476,46.581547],[-85.0324384813046,46.5717173476635],[-85.031507,46.568703],[-85.029021,46.563299],[-85.028302,46.559735],[-85.029594,46.554419],[-85.027374,46.553756],[-85.025491,46.546397],[-85.027083,46.543038],[-85.035395,46.540631],[-85.041365,46.539799],[-85.045534,46.537694],[-85.052954,46.532827],[-85.056133,46.52652],[-85.054943,46.51475],[-85.049847,46.503963],[-85.047486,46.501571],[-85.044777,46.500753],[-85.041944,46.498335],[-85.033766,46.48767],[-85.025598,46.483028],[-85.015211,46.479712],[-85.005421,46.478652],[-84.9969,46.478342],[-84.9892302475118,46.4782170577159],[-84.986096,46.478166],[-84.971217,46.477176],[-84.968176,46.476526],[-84.964312,46.476787],[-84.961573,46.478089],[-84.955307,46.480269],[-84.949877,46.485086],[-84.951253,46.485902],[-84.947269,46.487399],[-84.945533,46.486051],[-84.943275,46.485151],[-84.939948,46.485314],[-84.937927,46.486214],[-84.937927,46.487032],[-84.937145,46.489252],[-84.935456,46.489067],[-84.934632,46.48738],[-84.93598,46.485958],[-84.93388,46.483972],[-84.935428,46.482938],[-84.934432,46.480315],[-84.928937,46.47703],[-84.921931,46.469962],[-84.916101307831,46.4678476889376],[-84.915184,46.467515],[-84.906152,46.466229],[-84.893423,46.465406],[-84.87507,46.466781],[-84.869154,46.468929],[-84.861448,46.46993],[-84.853995,46.464605],[-84.852229,46.462569],[-84.849197,46.45893],[-84.846168,46.45431],[-84.845674,46.450678],[-84.843907,46.448661],[-84.839262,46.446292],[-84.829372,46.444488],[-84.817307,46.444319],[-84.800101,46.446219],[-84.769151,46.453523],[-84.723338,46.468266],[-84.707972,46.474557],[-84.69961,46.478491],[-84.695271,46.481319],[-84.689672,46.483923],[-84.688092,46.484453],[-84.686729,46.484205],[-84.68503,46.483903],[-84.678423,46.487694],[-84.674601,46.487529],[-84.669085,46.486124],[-84.666264,46.484934],[-84.663559,46.483603],[-84.65388,46.48225],[-84.641598,46.484198],[-84.63102,46.484868],[-84.625313,46.480921],[-84.624271,46.479013],[-84.621548,46.478193],[-84.616489,46.47187],[-84.6130374490888,46.4657607064105],[-84.607945,46.456747],[-84.6077193195811,46.4566197076033],[-84.599169,46.451797],[-84.594047,46.447568],[-84.593485773507,46.446988436148],[-84.591874,46.445324],[-84.584167,46.43941],[-84.580292,46.436912],[-84.577921,46.433754],[-84.573522,46.427895],[-84.574872,46.427596],[-84.577843,46.4312],[-84.579863,46.43292],[-84.58224,46.432265],[-84.583072,46.431528],[-84.586637,46.431282],[-84.586756,46.434968],[-84.58735,46.437507],[-84.590559,46.439308],[-84.591866,46.441601],[-84.594956,46.442584],[-84.59864,46.44152],[-84.599132,46.440212],[-84.602443,46.437916],[-84.604463,46.434231],[-84.6043088711248,46.4326398460236],[-84.604225,46.431774],[-84.60268,46.430791],[-84.6028554418813,46.429315102557],[-84.603274,46.425794],[-84.60108,46.424444],[-84.599472,46.422026],[-84.600779,46.420879],[-84.599353,46.418175],[-84.596263,46.415144],[-84.5935025142321,46.4144428757361],[-84.591747,46.413997],[-84.583309,46.413505],[-84.5745181493899,46.4148920850203],[-84.574487,46.414897],[-84.569049,46.415144],[-84.5603335665221,46.416405229881],[-84.559423,46.416537],[-84.551496,46.418522],[-84.5513488975021,46.4185745424705],[-84.542537,46.421722],[-84.530679,46.42769],[-84.524599,46.431704],[-84.523203,46.433544],[-84.521706,46.433066],[-84.517817,46.434753],[-84.516237,46.43445],[-84.515764,46.433119],[-84.512614,46.433508],[-84.510777,46.433165],[-84.506539,46.436196],[-84.503719,46.43919],[-84.50299,46.440629],[-84.504812,46.441761],[-84.505391,46.442666],[-84.503992,46.445443],[-84.500281,46.446722],[-84.497117,46.446835],[-84.496216,46.445023],[-84.493401,46.440313],[-84.492793,46.439324],[-84.490148,46.439267],[-84.4893100276145,46.4385055201596],[-84.4865,46.435952],[-84.482945,46.433585],[-84.479513,46.432573],[-84.475204,46.433136],[-84.471848,46.434289],[-84.462597,46.44094],[-84.458525,46.447104],[-84.455527,46.453897],[-84.455256,46.462785],[-84.4557258449014,46.4630558627314],[-84.463322,46.467435],[-84.445149,46.489016],[-84.420274,46.501077],[-84.4013716137212,46.4997193782214],[-84.394725,46.499242],[-84.3882747512292,46.5023309761322],[-84.37504,46.508669],[-84.373968,46.509098],[-84.343599,46.507713],[-84.341427,46.507689],[-84.337732,46.505577],[-84.3294661503401,46.5018616807936],[-84.325371,46.500021],[-84.3069418399508,46.4959096825148],[-84.293016,46.492803],[-84.275814,46.492821],[-84.265391,46.494393],[-84.264266,46.495055],[-84.254434,46.500821],[-84.226131,46.53392],[-84.19402,46.540149],[-84.177428,46.52692],[-84.166028,46.52622],[-84.153027,46.52832],[-84.146526,46.531119],[-84.139426,46.532219],[-84.128925,46.530119],[-84.123325,46.520919],[-84.117925,46.517619],[-84.111225,46.504119],[-84.125026,46.470143],[-84.146172,46.41852],[-84.138906,46.372221],[-84.119122,46.337014],[-84.106247,46.321963],[-84.1193296473722,46.3151684700914],[-84.119629,46.315013],[-84.115563,46.268225],[-84.097766,46.256512],[-84.108089,46.241238],[-84.111753,46.239899],[-84.117429,46.238983],[-84.119438,46.235334],[-84.122328,46.237593],[-84.126348,46.239157],[-84.127729,46.237593],[-84.132754,46.236203],[-84.13346,46.234706],[-84.132288,46.233213],[-84.135002,46.231933],[-84.137345,46.229714],[-84.140291,46.231511],[-84.146196,46.230816],[-84.147075,46.228295],[-84.144688,46.226036],[-84.146949,46.224124],[-84.148386,46.216827],[-84.153012,46.215888],[-84.156748,46.217779],[-84.155115,46.218735],[-84.151974,46.221604],[-84.151223,46.224252],[-84.151778,46.228093],[-84.154853,46.22968],[-84.156093,46.229778],[-84.157662,46.232118],[-84.16276,46.236797],[-84.167074,46.239307],[-84.168888,46.239035],[-84.17031,46.239815],[-84.170506,46.242189],[-84.172271,46.243714],[-84.175899,46.245952],[-84.1801554754081,46.2476601848521],[-84.180616,46.247845],[-84.1835958030271,46.2452015802376],[-84.183743,46.245071],[-84.181242,46.241172],[-84.18085,46.23873],[-84.182174,46.236018],[-84.186292,46.234288],[-84.18737,46.234797],[-84.188792,46.243714],[-84.190361,46.243952],[-84.192322,46.242935],[-84.193596,46.243036],[-84.195361,46.244935],[-84.196606331999,46.2450604013632],[-84.203107,46.245715],[-84.209296,46.247123],[-84.212029,46.24663],[-84.2133945241403,46.2450566787078],[-84.213455,46.244987],[-84.210984,46.240342],[-84.211103,46.234671],[-84.213242,46.231629],[-84.219494,46.231992],[-84.223819,46.231629],[-84.22635,46.227989],[-84.233117,46.224037],[-84.236576,46.220249],[-84.239624,46.220612],[-84.242239,46.223408],[-84.249132,46.221106],[-84.257926,46.218146],[-84.263511,46.214363],[-84.263274,46.210416],[-84.265413,46.208771],[-84.269572,46.208195],[-84.268146,46.206468],[-84.268027,46.204741],[-84.273018,46.201451],[-84.262442,46.190264],[-84.252697,46.186973],[-84.245233,46.192571],[-84.24319,46.191498],[-84.243784,46.184669],[-84.244616,46.180473],[-84.247687,46.17989],[-84.251424,46.175888],[-84.2382755836842,46.1703446816435],[-84.235245,46.169067],[-84.229998,46.168705],[-84.221001,46.163062],[-84.196669,46.16615],[-84.191016,46.171357],[-84.192326,46.174713],[-84.18888,46.178909],[-84.18579,46.174054],[-84.181393,46.173807],[-84.178422,46.1757],[-84.179254,46.177675],[-84.181818,46.17983],[-84.179333,46.182118],[-84.179135,46.185656],[-84.173906,46.183928],[-84.17164,46.181731],[-84.169625,46.181665],[-84.168677,46.179321],[-84.168083,46.175206],[-84.16535,46.17356],[-84.160002,46.175124],[-84.155129,46.176852],[-84.153466,46.180308],[-84.152039,46.181871],[-84.148474,46.180975],[-84.145622,46.179156],[-84.144077,46.176194],[-84.143008,46.172655],[-84.137541,46.169775],[-84.132787,46.169199],[-84.130292,46.170104],[-84.13148,46.172326],[-84.133263,46.175206],[-84.133144,46.176934],[-84.130411,46.176523],[-84.127677,46.175124],[-84.124587,46.17751],[-84.122825,46.178881],[-84.114941,46.174114],[-84.113259,46.16886],[-84.114724,46.166318],[-84.114367,46.163437],[-84.111753,46.161462],[-84.1079,46.161478],[-84.108882975433,46.1582285837084],[-84.108901,46.158169],[-84.104891,46.157335],[-84.100463,46.155288],[-84.100126,46.15077],[-84.095818,46.147733],[-84.089309,46.146432],[-84.080973,46.149608],[-84.078596,46.148784],[-84.077174,46.146309],[-84.07313,46.145079],[-84.071466,46.143927],[-84.066712,46.144503],[-84.063741,46.146172],[-84.060383,46.146138],[-84.053046,46.14368],[-84.03724,46.137257],[-84.029634,46.134539],[-84.026536,46.131648],[-84.027822,46.12923],[-84.030347,46.128198],[-84.030079,46.124986],[-84.031036,46.123186],[-84.035576,46.12375],[-84.038696,46.12562],[-84.042775,46.123825],[-84.0519,46.11981],[-84.052333,46.114936],[-84.05364,46.113618],[-84.057918,46.114195],[-84.057918,46.112547],[-84.056849,46.111394],[-84.057562,46.110405],[-84.059226,46.111723],[-84.062078,46.111311],[-84.069147,46.103978],[-84.070872,46.096644],[-84.071741,46.092441],[-84.070753,46.092936],[-84.065762,46.088238],[-84.06294,46.085557],[-84.056136,46.082798],[-84.051712,46.079189],[-84.045797,46.074719],[-84.0427396394032,46.071321336544],[-84.037819,46.065853],[-84.032249,46.06598],[-84.032843,46.060785],[-84.030347,46.059465],[-84.026782,46.055425],[-84.026782,46.053445],[-84.022623,46.049899],[-84.01989,46.048002],[-84.014661,46.047589],[-84.013235,46.046352],[-84.012403,46.044455],[-84.009669,46.043712],[-84.006082,46.044586],[-84.003727,46.045527],[-84.001588,46.044702],[-84.000637,46.043548],[-84.000281,46.041815],[-83.999568,46.040908],[-83.996953,46.039918],[-83.993388,46.038021],[-83.99113,46.036123],[-83.989348,46.033813],[-83.988872,46.031915],[-83.984713,46.030265],[-83.981658,46.03074],[-83.981267,46.0301],[-83.984,46.029028],[-83.984713,46.02779],[-83.983168,46.02713],[-83.981267,46.027295],[-83.981029,46.025727],[-83.981861,46.024489],[-83.980672,46.022344],[-83.977701,46.019373],[-83.974255,46.018218],[-83.970571,46.018218],[-83.966412,46.019043],[-83.965923,46.020692],[-83.964629,46.021601],[-83.962728,46.022261],[-83.962133,46.023664],[-83.964154,46.024655],[-83.963808,46.027833],[-83.958806,46.02977],[-83.954646,46.02977],[-83.95141,46.029042],[-83.948229,46.028533],[-83.945771,46.030211],[-83.943933,46.031465],[-83.941931,46.032163],[-83.941241,46.03024],[-83.939197,46.029935],[-83.93682,46.030183],[-83.936107,46.029028],[-83.935989,46.026057],[-83.936993,46.024186],[-83.93547,46.020385],[-83.931175,46.017871],[-83.92905,46.017269],[-83.927194,46.018961],[-83.9262078417203,46.0185637120754],[-83.925588,46.018314],[-83.924596,46.016007],[-83.9219736506702,46.0157369137217],[-83.920421,46.015577],[-83.9110965163509,46.0123428109593],[-83.908583,46.011471],[-83.900535,45.998918],[-83.9003894355025,45.9985681559136],[-83.8988696052426,45.9949154546166],[-83.8987285047072,45.9945763390441],[-83.8968807040445,45.9901354063591],[-83.896489,45.989194],[-83.895464,45.986436],[-83.897138,45.986215],[-83.900337,45.984289],[-83.900099,45.982638],[-83.90414,45.97983],[-83.906397,45.980078],[-83.907705,45.978591],[-83.9075375233013,45.978474652005],[-83.906041,45.977435],[-83.905209,45.975453],[-83.90509,45.973801],[-83.909963,45.973306],[-83.9100968274276,45.973096624831],[-83.911389,45.971075],[-83.909725,45.969506],[-83.907229,45.969258],[-83.905447,45.967111],[-83.9058937347962,45.9669168900885],[-83.907348,45.966285],[-83.909725,45.967689],[-83.911389,45.966863],[-83.910676,45.965789],[-83.909633,45.963832],[-83.910728,45.960845],[-83.909729,45.959677],[-83.910407,45.958037],[-83.913817,45.955694],[-83.916168,45.955326],[-83.9169697454846,45.9557590906538],[-83.920703391265,45.9577759490249],[-83.9211012271956,45.9579908539125],[-83.921257,45.958075],[-83.919113,45.960254],[-83.913528,45.96075],[-83.912934,45.963311],[-83.912458,45.965128],[-83.913766,45.96645],[-83.914166943044,45.9662141587857],[-83.916855,45.964633],[-83.918876,45.965541],[-83.9191199232474,45.9656696861474],[-83.922322,45.967359],[-83.9233974349308,45.9672918530053],[-83.9248882095569,45.9671987734214],[-83.925301,45.967173],[-83.9258841390303,45.9669668006086],[-83.929215,45.965789],[-83.931235,45.96835],[-83.933255,45.968763],[-83.937058,45.967772],[-83.939673,45.967937],[-83.941574,45.969093],[-83.944545,45.969011],[-83.944545,45.967359],[-83.943476,45.965541],[-83.943594,45.963972],[-83.945069,45.96298],[-83.947436,45.965638],[-83.948983,45.965672],[-83.949624,45.964592],[-83.952183,45.965498],[-83.952626,45.967689],[-83.955003,45.968845],[-83.957261,45.969754],[-83.959276,45.969564],[-83.959994,45.967193],[-83.961805,45.966312],[-83.965224,45.966432],[-83.969389,45.965298],[-83.973801,45.96657],[-83.976632,45.967854],[-83.978652,45.96868],[-83.98114,45.968087],[-83.98198,45.966119],[-83.982511,45.965537],[-83.985141,45.967133],[-83.990636,45.965068],[-83.996471,45.961461],[-83.998797,45.95813],[-83.998472,45.956717],[-83.99893,45.954291],[-83.999958,45.953418],[-84.000465,45.951517],[-83.99942,45.94895],[-83.99731,45.948439],[-83.995292,45.94581],[-84.001348,45.94874],[-84.00306,45.948047],[-84.004726,45.949311],[-84.005285,45.951028],[-84.007556,45.953492],[-84.011278,45.954604],[-84.013381,45.956818],[-84.015806,45.957403],[-84.017565,45.959046],[-84.024708,45.960392],[-84.027342,45.961541],[-84.0346,45.961493],[-84.044042,45.96343],[-84.04834,45.965217],[-84.052978,45.966401],[-84.060118,45.967425],[-84.064266,45.96743],[-84.06819,45.966606],[-84.069312,45.965423],[-84.07063,45.966084],[-84.071751,45.967359],[-84.074758,45.966654],[-84.075839,45.968218],[-84.080403,45.969803],[-84.0806950673156,45.9697718571124],[-84.086799,45.969121],[-84.088849,45.96993],[-84.090481,45.96874],[-84.090391,45.967256],[-84.091752,45.966873],[-84.094188,45.967821],[-84.093618,45.969737],[-84.093333,45.971654],[-84.094949,45.973306],[-84.098371,45.974098],[-84.101509,45.973966],[-84.103125,45.972645],[-84.10303,45.970861],[-84.100748,45.967623],[-84.104314,45.969345],[-84.106163,45.971697],[-84.10537,45.972948],[-84.104361,45.975222],[-84.105502,45.976609],[-84.107204,45.977161],[-84.108847,45.9771],[-84.111651,45.978541],[-84.111872,45.97978],[-84.113963,45.981432],[-84.1141605209354,45.9815564083209],[-84.114186,45.985152],[-84.2155205820842,45.9849707952617],[-84.216118,45.985478],[-84.219683,45.985974],[-84.221822,45.985231],[-84.221917602596,45.9849462605372],[-84.239332,45.984914],[-84.239241,46.027356],[-84.238884,46.071457],[-84.36309,46.071574],[-84.363503,46.157984],[-84.42564,46.158091],[-84.488254,46.158288],[-84.582454,46.157996],[-84.613428,46.157891],[-84.613646,46.15789],[-84.676141,46.157624],[-84.737686,46.157793],[-84.779808,46.15796],[-84.789305,46.157977],[-84.925934,46.158402],[-84.957128,46.158583],[-85.112513,46.158263],[-85.113329,46.245722],[-85.237839,46.24543],[-85.239105,46.303659],[-85.239331,46.33196],[-85.239122,46.412865],[-85.239137,46.419465],[-85.239667,46.533475]]]]}},{"type":"Feature","id":"26027","properties":{"id":"26027","FIPS":"26027","stateFIPS":"26","name":"Cass","state":"MI","sourceId":"census-counties-2024"},"geometry":{"type":"Polygon","coordinates":[[[-86.2260968887313,41.760016130263],[-86.225807,41.774799],[-86.225655,41.782624],[-86.225289,41.804809],[-86.225189,41.811584],[-86.225183,41.812013],[-86.225071,41.819895],[-86.225007,41.826617],[-86.224882,41.83159],[-86.224826,41.833855],[-86.224599,41.841146],[-86.224455,41.84821],[-86.224333,41.853695],[-86.22428,41.855663],[-86.224144,41.8583],[-86.224065,41.861677],[-86.224054,41.86216],[-86.224043,41.862602],[-86.22386,41.870193],[-86.223635,41.885622],[-86.22345,41.898721],[-86.223217,41.920609],[-86.22315,41.92761],[-86.223097,41.935066],[-86.22299,41.956694],[-86.222821,41.984593],[-86.222821,41.995461],[-86.222865,42.012573],[-86.222838,42.020644],[-86.222828,42.028396],[-86.222909,42.056815],[-86.22294,42.071484],[-86.208567,42.07137],[-86.152799,42.071043],[-86.107885,42.070802],[-86.08902,42.070648],[-86.060075,42.070377],[-86.040485,42.070256],[-86.011343,42.070178],[-85.991929,42.070071],[-85.935441,42.069588],[-85.9342,42.069584],[-85.929993,42.069571],[-85.920471,42.069536],[-85.916026,42.069515],[-85.905666,42.069502],[-85.886853,42.069458],[-85.877116,42.069445],[-85.860061,42.069341],[-85.857449,42.069338],[-85.850071,42.069324],[-85.840668,42.069339],[-85.825929,42.06928],[-85.762943,42.069327],[-85.76282,42.062451],[-85.76266,42.05569],[-85.762493,42.0487],[-85.762227,42.034511],[-85.761964,42.019052],[-85.761215,41.983495],[-85.761002,41.96282],[-85.760725,41.943648],[-85.760698,41.940079],[-85.760394,41.918378],[-85.760389,41.918007],[-85.76023,41.904396],[-85.760117,41.896615],[-85.760181,41.884822],[-85.760167,41.881333],[-85.760391,41.863099],[-85.760182,41.830632],[-85.760168,41.816423],[-85.760169,41.816268],[-85.760186,41.809062],[-85.760186,41.799111],[-85.760186,41.798814],[-85.762859,41.797102],[-85.763595,41.795674],[-85.762527,41.793396],[-85.765257,41.792376],[-85.766874,41.790575],[-85.769185,41.784892],[-85.773377,41.782874],[-85.776687,41.780722],[-85.785875,41.77729],[-85.786668,41.775774],[-85.785879,41.773309],[-85.787199,41.77129],[-85.78785,41.767681],[-85.790256,41.766386],[-85.790169,41.765341],[-85.785888,41.7634],[-85.784321,41.760891],[-85.784601,41.759737],[-85.786318,41.759475],[-85.789631,41.761106],[-85.791141,41.761042],[-85.7913348421892,41.7590511655936],[-85.791363,41.759051],[-85.8190821867775,41.7591588834955],[-85.8479128364486,41.7592710928214],[-85.872041,41.759365],[-85.874997,41.759341],[-85.8780137790445,41.7593586713265],[-85.8887690751255,41.75942167241],[-85.888825,41.759422],[-85.8974411352179,41.7594647423409],[-85.926132694138,41.7596070734862],[-85.9423244784948,41.7596873965951],[-85.9748387242041,41.7598486910664],[-85.974901,41.759849],[-85.97498,41.759849],[-85.991302,41.759949],[-85.9913794053612,41.7599498764046],[-85.9957513244086,41.7599993764634],[-86.0045531739537,41.7600990334024],[-86.041027,41.760512],[-86.0410809527492,41.7605120410907],[-86.0411316977581,41.7605120797384],[-86.0625749882628,41.7605284110677],[-86.088419807951,41.760548094626],[-86.1084644600434,41.7605633607445],[-86.10846510178,41.7605633612332],[-86.12506,41.760576],[-86.12546,41.76056],[-86.127844,41.760592],[-86.1572261604535,41.760403421964],[-86.1718109783323,41.7603098149498],[-86.1786737148956,41.7602657691287],[-86.178753691729,41.7602652558283],[-86.2175368023577,41.7600163414285],[-86.21759,41.760016],[-86.22607,41.760016],[-86.2260968887313,41.760016130263]]]}},{"type":"Feature","id":"39059","properties":{"id":"39059","FIPS":"39059","stateFIPS":"39","name":"Guernsey","state":"OH","sourceId":"census-counties-2024"},"geometry":{"type":"Polygon","coordinates":[[[-81.726055,39.975633],[-81.725853,39.979312],[-81.725709,39.981974],[-81.725562,39.984632],[-81.724971,39.994918],[-81.724229,40.005506],[-81.721099,40.062636],[-81.720284,40.078739],[-81.720279,40.078855],[-81.718859,40.107825],[-81.716276,40.152166],[-81.670899,40.150976],[-81.669189,40.183806],[-81.66769,40.208023],[-81.667635,40.214311],[-81.66759,40.222468],[-81.636348,40.221615],[-81.622351,40.221306],[-81.552701,40.219643],[-81.552394,40.219642],[-81.528028,40.219027],[-81.524608,40.218951],[-81.51799,40.218825],[-81.511344,40.218675],[-81.505007,40.218545],[-81.487045,40.217922],[-81.437058,40.216638],[-81.43325,40.21654],[-81.429948,40.216453],[-81.411858,40.216018],[-81.338064,40.214077],[-81.339565,40.171999],[-81.243645,40.17038],[-81.225924,40.170075],[-81.227044,40.14324],[-81.227535,40.128409],[-81.229197,40.082377],[-81.229864,40.063153],[-81.230044,40.057374],[-81.230133,40.055227],[-81.230148,40.054639],[-81.230263,40.051979],[-81.230659,40.039474],[-81.23191,40.010453],[-81.23216,40.004038],[-81.234026,39.953498],[-81.234053,39.95127],[-81.235789,39.951266],[-81.303932,39.952797],[-81.304388,39.953014],[-81.32025,39.953153],[-81.347761,39.953633],[-81.347838,39.949962],[-81.367125,39.950324],[-81.374157,39.950383],[-81.376068,39.95055],[-81.386006,39.950694],[-81.38644,39.93346],[-81.38639,39.9328],[-81.386531,39.92888],[-81.386682,39.92758],[-81.386754,39.924216],[-81.386711,39.92257],[-81.386809,39.921518],[-81.387312,39.921396],[-81.397382,39.921684],[-81.397978,39.921644],[-81.402134,39.921978],[-81.405039,39.922049],[-81.461717,39.923595],[-81.46275,39.9235],[-81.464108,39.89455],[-81.470589,39.894717],[-81.474017,39.894798],[-81.492462,39.895261],[-81.530508,39.896316],[-81.57859,39.897683],[-81.578624,39.896449],[-81.579449,39.868684],[-81.580345,39.841156],[-81.580313,39.839104],[-81.599162,39.839738],[-81.680815,39.841924],[-81.682707,39.842021],[-81.694146,39.842636],[-81.694126,39.853514],[-81.69356,39.855561],[-81.693355,39.864316],[-81.692516,39.894437],[-81.692177,39.89638],[-81.691106,39.930673],[-81.691104,39.930756],[-81.716708,39.931369],[-81.718952,39.931236],[-81.724197,39.931481],[-81.724848,39.931587],[-81.728611,39.931728],[-81.726055,39.975633]]]}},{"type":"Feature","id":"39147","properties":{"id":"39147","FIPS":"39147","stateFIPS":"39","name":"Seneca","state":"OH","sourceId":"census-counties-2024"},"geometry":{"type":"Polygon","coordinates":[[[-83.42123,41.151585],[-83.421201,41.154316],[-83.42121,41.155655],[-83.421179,41.159401],[-83.421115,41.163255],[-83.421054,41.16678],[-83.420966,41.171859],[-83.420933,41.174134],[-83.420924,41.179839],[-83.420918,41.181382],[-83.420806,41.188539],[-83.42068,41.195857],[-83.420678,41.195944],[-83.420335,41.224868],[-83.419843,41.254003],[-83.32316,41.254889],[-83.312964,41.254571],[-83.312887,41.254568],[-83.30293,41.254211],[-83.283317,41.253582],[-83.263838,41.253307],[-83.216421,41.253252],[-83.20699,41.253743],[-83.187755,41.254913],[-83.16761,41.255454],[-83.131606,41.256396],[-83.112238,41.256643],[-83.101681,41.256709],[-83.0927,41.256789],[-83.092023,41.256786],[-83.082757,41.256826],[-83.072761,41.25688],[-83.064005,41.256841],[-83.062113,41.256822],[-83.042769,41.256591],[-83.033158,41.256437],[-83.012326,41.255911],[-82.975244,41.256021],[-82.955996,41.256029],[-82.950718,41.255996],[-82.87219,41.255579],[-82.859343,41.255492],[-82.840087,41.255337],[-82.840047,41.253889],[-82.839781,41.246384],[-82.838538,41.216999],[-82.837866,41.202482],[-82.837305,41.189139],[-82.837189,41.186374],[-82.836735,41.175188],[-82.836495,41.16757],[-82.835458,41.144053],[-82.832707,41.080546],[-82.832577,41.078303],[-82.832175,41.070294],[-82.831812,41.057409],[-82.829715,41.002218],[-82.829617,40.999622],[-82.829512,40.996624],[-82.852966,40.996943],[-82.853166,40.994793],[-82.853184,40.993661],[-82.862333,40.993672],[-82.881928,40.993686],[-82.958694,40.993668],[-82.973232,40.993669],[-82.977916,40.993682],[-83.0163,40.993703],[-83.07421,40.993616],[-83.083653,40.993595],[-83.112737,40.993447],[-83.131999,40.993334],[-83.139022,40.993491],[-83.189695,40.993195],[-83.240032,40.992857],[-83.2431,40.992924],[-83.259252,40.992762],[-83.265498,40.992987],[-83.273094,40.992915],[-83.305004,40.992787],[-83.311434,40.992724],[-83.324262,40.99265],[-83.329077,40.992429],[-83.382743,40.992254],[-83.402498,40.992072],[-83.420319,40.991889],[-83.420649,41.013699],[-83.420786,41.057869],[-83.420867,41.079283],[-83.420991,41.093917],[-83.421231,41.122989],[-83.421124,41.127279],[-83.421152,41.130255],[-83.42122,41.137539],[-83.42122,41.137614],[-83.421221,41.146168],[-83.421232,41.150458],[-83.42123,41.151585]]]}},{"type":"Feature","id":"39049","properties":{"id":"39049","FIPS":"39049","stateFIPS":"39","name":"Franklin","state":"OH","sourceId":"census-counties-2024"},"geometry":{"type":"Polygon","coordinates":[[[-83.260877,40.002807],[-83.258553,40.004822],[-83.25409,40.005045],[-83.25168,40.008376],[-83.25273,40.011051],[-83.253268,40.014325],[-83.253027,40.016919],[-83.251759,40.019632],[-83.251745,40.023288],[-83.252751,40.028447],[-83.255511,40.02879],[-83.256218,40.03055],[-83.256114,40.032781],[-83.254292,40.036139],[-83.252476,40.040589],[-83.254895,40.042682],[-83.255647,40.045523],[-83.255051,40.048614],[-83.25383,40.049218],[-83.220838,40.047883],[-83.212196,40.048069],[-83.21101,40.059451],[-83.210587,40.065277],[-83.210254,40.069273],[-83.210033,40.071054],[-83.209524,40.075143],[-83.207884,40.092816],[-83.206812,40.10576],[-83.206273,40.107733],[-83.191612,40.107437],[-83.191206,40.107428],[-83.181535,40.107207],[-83.178585,40.107145],[-83.176201,40.107144],[-83.170208,40.107073],[-83.169957,40.126309],[-83.169902,40.131022],[-83.169872,40.143077],[-83.161468,40.142314],[-83.153069,40.142112],[-83.149055,40.141563],[-83.141326,40.141338],[-83.127082,40.140574],[-83.119942,40.140181],[-83.099904,40.139547],[-83.089778,40.139212],[-83.089396,40.139201],[-83.080543,40.138881],[-83.07205,40.138564],[-83.063975,40.138289],[-83.063808,40.138282],[-83.060232,40.138147],[-83.057399,40.138051],[-83.041177,40.137561],[-83.037589,40.137433],[-83.031692,40.137296],[-83.030901,40.137275],[-83.017012,40.136747],[-83.014016,40.136644],[-83.011318,40.136552],[-83.005204,40.136336],[-83.004458,40.136305],[-83.00267,40.136226],[-82.995686,40.13592],[-82.994302,40.135866],[-82.991809,40.135768],[-82.987867,40.135606],[-82.977936,40.135198],[-82.971329,40.134934],[-82.971307,40.134933],[-82.97087,40.134917],[-82.970397,40.134897],[-82.970012,40.134881],[-82.959014,40.134395],[-82.958541,40.134281],[-82.950847,40.134104],[-82.947516,40.133976],[-82.946876,40.133953],[-82.9325,40.133385],[-82.921104,40.1329],[-82.915282,40.132668],[-82.90284,40.132148],[-82.89536,40.131787],[-82.885005,40.13129],[-82.884101,40.131247],[-82.883954,40.131238],[-82.858221,40.129998],[-82.851353,40.129702],[-82.84355,40.129367],[-82.791053,40.127153],[-82.771337,40.126364],[-82.761827,40.125855],[-82.7622,40.120772],[-82.762885,40.111125],[-82.763521,40.101317],[-82.763754,40.097701],[-82.763897,40.095776],[-82.764539,40.088416],[-82.765206,40.079645],[-82.767483,40.051028],[-82.769461,40.027526],[-82.770226,40.01825],[-82.770237,40.01795],[-82.771416,40.004497],[-82.771879,39.998453],[-82.771818,39.998339],[-82.772661,39.987385],[-82.772667,39.987293],[-82.772677,39.987112],[-82.773825,39.976125],[-82.779459,39.976293],[-82.779738,39.973017],[-82.78011,39.96864],[-82.780473,39.964381],[-82.781257,39.955696],[-82.781809,39.946981],[-82.782495,39.939662],[-82.791596,39.940162],[-82.798164,39.940547],[-82.810797,39.941162],[-82.811476,39.932116],[-82.811495,39.931858],[-82.811521,39.931591],[-82.811962,39.926491],[-82.812568,39.918175],[-82.81299,39.913539],[-82.813096,39.911663],[-82.811199,39.91163],[-82.809855,39.911558],[-82.809682,39.91155],[-82.799054,39.911019],[-82.794383,39.910785],[-82.795197,39.904641],[-82.795491,39.902983],[-82.795888,39.896705],[-82.797498,39.884543],[-82.797707,39.880035],[-82.797638,39.875526],[-82.797742,39.874391],[-82.798403,39.867148],[-82.799213,39.859684],[-82.799665,39.854969],[-82.800354,39.84951],[-82.800397,39.847857],[-82.800941,39.845008],[-82.801286,39.839376],[-82.8013,39.83904],[-82.802194,39.8304],[-82.802251,39.829485],[-82.802413,39.824046],[-82.802417,39.823979],[-82.802476,39.822953],[-82.802977,39.822981],[-82.814109,39.823674],[-82.821496,39.824271],[-82.821685,39.822289],[-82.821742,39.821706],[-82.821836,39.820761],[-82.821846,39.820665],[-82.822308,39.815631],[-82.822582,39.812896],[-82.822874,39.809789],[-82.822899,39.809537],[-82.822905,39.809466],[-82.823072,39.807729],[-82.823277,39.805486],[-82.823364,39.804409],[-82.823558,39.802214],[-82.824062,39.797065],[-82.824199,39.795592],[-82.824254,39.794996],[-82.829784,39.795271],[-82.852624,39.796497],[-82.894682,39.798656],[-82.899843,39.798935],[-82.902004,39.799119],[-82.937725,39.801007],[-82.956906,39.801884],[-82.98053,39.802934],[-82.980899,39.802949],[-82.992133,39.803482],[-82.992741,39.803518],[-83.013071,39.804394],[-83.013952,39.804424],[-83.017128,39.804574],[-83.030193,39.805192],[-83.037634,39.805567],[-83.044458,39.805282],[-83.06047,39.805685],[-83.061456,39.80581],[-83.074686,39.806138],[-83.101353,39.80712],[-83.120355,39.807823],[-83.147878,39.808414],[-83.151728,39.808527],[-83.153257,39.808465],[-83.167938,39.808735],[-83.168888,39.808784],[-83.172285,39.808909],[-83.172731,39.808954],[-83.172938,39.808974],[-83.180959,39.809233],[-83.185128,39.809341],[-83.193621,39.810266],[-83.200943,39.810656],[-83.243702,39.812503],[-83.24401,39.822333],[-83.245014,39.828965],[-83.247301,39.860777],[-83.250747,39.903501],[-83.252031,39.917363],[-83.246516,39.920039],[-83.230617,39.928552],[-83.225643,39.932262],[-83.227327,39.936358],[-83.228576,39.939301],[-83.228506,39.940219],[-83.230939,39.941599],[-83.231865,39.944864],[-83.235845,39.947361],[-83.236243,39.947726],[-83.237399,39.949991],[-83.240628,39.951465],[-83.241699,39.952552],[-83.241682,39.957139],[-83.240169,39.960119],[-83.245435,39.963288],[-83.245502,39.967102],[-83.246938,39.971139],[-83.250227,39.970328],[-83.250531,39.97258],[-83.249441,39.973401],[-83.25004,39.975853],[-83.250095,39.977657],[-83.249201,39.979938],[-83.2494,39.980501],[-83.249429,39.98076],[-83.250279,39.981349],[-83.250123,39.983154],[-83.248543,39.983938],[-83.246147,39.98641],[-83.246112,39.987323],[-83.251096,39.991337],[-83.254131,39.995453],[-83.255712,39.996673],[-83.256091,39.998724],[-83.259859,40.001086],[-83.260877,40.002807]]]}},{"type":"Feature","id":"39153","properties":{"id":"39153","FIPS":"39153","stateFIPS":"39","name":"Summit","state":"OH","sourceId":"census-counties-2024"},"geometry":{"type":"Polygon","coordinates":[[[-81.688154,41.004144],[-81.688132,41.005774],[-81.687801,41.025663],[-81.687743,41.038905],[-81.68774,41.039266],[-81.687709,41.043882],[-81.687686,41.048093],[-81.687624,41.062154],[-81.687441,41.089081],[-81.687411,41.093099],[-81.687292,41.110548],[-81.687234,41.115906],[-81.687051,41.127962],[-81.68699,41.135956],[-81.686388,41.168556],[-81.685646,41.202132],[-81.685321,41.239589],[-81.68495,41.277146],[-81.684621,41.277131],[-81.670199,41.277256],[-81.637849,41.277481],[-81.636116,41.277493],[-81.627354,41.277544],[-81.62568,41.277554],[-81.618517,41.277559],[-81.610073,41.277501],[-81.590542,41.277554],[-81.587418,41.2776],[-81.568888,41.277855],[-81.565139,41.277758],[-81.565681,41.278084],[-81.564451,41.279056],[-81.563147,41.278579],[-81.562183,41.279316],[-81.562419,41.280389],[-81.564394,41.281936],[-81.564785,41.284208],[-81.566757,41.284383],[-81.568065,41.286024],[-81.566889,41.287967],[-81.565138,41.287853],[-81.565337,41.289182],[-81.566487,41.290019],[-81.568606,41.28993],[-81.570901,41.290813],[-81.571117,41.291768],[-81.569884,41.29342],[-81.57205,41.293896],[-81.57107,41.295868],[-81.57251,41.296504],[-81.573219,41.299103],[-81.572859,41.300751],[-81.57573,41.300909],[-81.575517,41.30266],[-81.573002,41.30265],[-81.573334,41.303292],[-81.57551,41.303679],[-81.575951,41.304425],[-81.578555,41.305817],[-81.581628,41.30579],[-81.584293,41.306981],[-81.585444,41.308864],[-81.584265,41.309664],[-81.583622,41.311524],[-81.584058,41.313301],[-81.583645,41.315683],[-81.585919,41.317391],[-81.587664,41.319772],[-81.587335,41.321306],[-81.587337,41.323707],[-81.590315,41.326133],[-81.591542,41.327877],[-81.591235,41.331275],[-81.587901,41.336311],[-81.588099,41.342651],[-81.589742,41.343746],[-81.594726,41.34354],[-81.596034,41.344919],[-81.596815,41.347212],[-81.593566,41.347685],[-81.593317,41.349633],[-81.595463,41.35028],[-81.597243,41.349305],[-81.598052,41.351157],[-81.585249,41.351088],[-81.561609,41.350842],[-81.54604,41.350656],[-81.536077,41.350614],[-81.526619,41.350484],[-81.518851,41.350162],[-81.517658,41.350154],[-81.508313,41.350055],[-81.488988,41.349753],[-81.46881,41.349607],[-81.461254,41.349342],[-81.450331,41.349148],[-81.440053,41.349051],[-81.419012,41.348753],[-81.411801,41.348694],[-81.405157,41.34865],[-81.399585,41.348573],[-81.397621,41.348318],[-81.391694,41.348272],[-81.391709,41.340634],[-81.391719,41.336658],[-81.39174,41.311743],[-81.391746,41.306956],[-81.391759,41.284053],[-81.391831,41.276654],[-81.391831,41.276488],[-81.391931,41.254189],[-81.392134,41.239743],[-81.391931,41.202855],[-81.392231,41.198537],[-81.392238,41.180702],[-81.392238,41.175913],[-81.392269,41.173631],[-81.392268,41.171362],[-81.392345,41.166238],[-81.392407,41.153274],[-81.392449,41.139766],[-81.392357,41.136952],[-81.392114,41.135722],[-81.392203,41.135494],[-81.392532,41.120955],[-81.392336,41.117911],[-81.392442,41.110646],[-81.392456,41.109043],[-81.392534,41.100435],[-81.392629,41.092705],[-81.392628,41.092083],[-81.392731,41.085969],[-81.392744,41.085672],[-81.392832,41.083217],[-81.392946,41.066267],[-81.392935,41.066197],[-81.392784,41.063708],[-81.393056,41.060666],[-81.393137,41.048397],[-81.393216,41.04064],[-81.393222,41.039001],[-81.393228,41.03763],[-81.393267,41.029035],[-81.393284,41.019936],[-81.393274,41.017476],[-81.393249,40.988531],[-81.394188,40.988532],[-81.416334,40.988456],[-81.416826,40.976122],[-81.417081,40.969635],[-81.417841,40.950614],[-81.418702,40.936004],[-81.419239,40.928501],[-81.419783,40.917579],[-81.419786,40.917522],[-81.420363,40.906502],[-81.425472,40.906665],[-81.425689,40.906672],[-81.428688,40.906756],[-81.43064,40.906807],[-81.458837,40.907757],[-81.464151,40.907651],[-81.466,40.907873],[-81.497145,40.908902],[-81.536441,40.910312],[-81.565299,40.911458],[-81.594733,40.912428],[-81.613828,40.913145],[-81.633861,40.913753],[-81.63746,40.913825],[-81.639371,40.913863],[-81.647735,40.914016],[-81.64785,40.925197],[-81.647767,40.928803],[-81.647727,40.943399],[-81.647719,40.948153],[-81.64764,40.960481],[-81.647675,40.970322],[-81.647661,40.987259],[-81.64766,40.98732],[-81.647689,40.988563],[-81.649483,40.988558],[-81.669703,40.988568],[-81.688491,40.98859],[-81.688154,41.004144]]]}},{"type":"Feature","id":"39173","properties":{"id":"39173","FIPS":"39173","stateFIPS":"39","name":"Wood","state":"OH","sourceId":"census-counties-2024"},"geometry":{"type":"Polygon","coordinates":[[[-83.8835,41.35712],[-83.883335,41.384583],[-83.883307,41.38621],[-83.883226,41.40082],[-83.883224,41.401414],[-83.883214,41.409841],[-83.883234,41.414503],[-83.878641,41.414741],[-83.873789,41.416227],[-83.872898,41.416369],[-83.867364,41.414748],[-83.860785,41.41424],[-83.85434,41.414445],[-83.852316,41.415651],[-83.851556,41.416887],[-83.850852,41.420108],[-83.849764,41.422264],[-83.84842,41.42336],[-83.84562,41.425028],[-83.833931,41.427832],[-83.828707,41.43016],[-83.825923,41.430248],[-83.822179,41.43144],[-83.820864,41.432198],[-83.817547,41.432296],[-83.815107,41.433244],[-83.813115,41.434948],[-83.809299,41.436524],[-83.806479,41.436507],[-83.796997,41.441853],[-83.791012,41.445541],[-83.78429,41.44834],[-83.78285,41.448664],[-83.780754,41.450062],[-83.779162,41.452764],[-83.779954,41.457248],[-83.779938,41.459596],[-83.778482,41.461976],[-83.77669,41.462996],[-83.773282,41.463616],[-83.769786,41.46322],[-83.764937,41.462252],[-83.763201,41.46258],[-83.758625,41.46204],[-83.754529,41.462824],[-83.751737,41.464452],[-83.748137,41.465852],[-83.745769,41.467912],[-83.740257,41.477576],[-83.736417,41.482004],[-83.732649,41.484684],[-83.728537,41.485952],[-83.722232,41.48664],[-83.720304,41.487216],[-83.717416,41.488604],[-83.712843,41.492494],[-83.711648,41.494468],[-83.711528,41.495548],[-83.713632,41.500191],[-83.713397,41.502229],[-83.711232,41.506288],[-83.710971,41.510922],[-83.709636,41.521852],[-83.709176,41.523124],[-83.703254,41.52906],[-83.699736,41.533952],[-83.694136,41.538552],[-83.684536,41.544352],[-83.682841,41.545283],[-83.68253,41.545452],[-83.682036,41.545751],[-83.680084,41.546859],[-83.674542,41.547614],[-83.665635,41.549251],[-83.659835,41.553451],[-83.654135,41.555169],[-83.652033,41.555651],[-83.650271,41.556995],[-83.648337,41.558849],[-83.644935,41.560751],[-83.643435,41.561151],[-83.636135,41.560251],[-83.631334,41.562751],[-83.625634,41.570051],[-83.621634,41.569951],[-83.618735,41.569751],[-83.612734,41.570751],[-83.609533,41.573254],[-83.608433,41.577951],[-83.607066,41.579513],[-83.606408,41.580266],[-83.603335,41.583051],[-83.600735,41.58625],[-83.594434,41.589053],[-83.593135,41.593148],[-83.590935,41.59455],[-83.588034,41.60095],[-83.584534,41.60435],[-83.582034,41.60505],[-83.578334,41.61095],[-83.569934,41.61715],[-83.565629,41.617567],[-83.563915,41.617686],[-83.559718,41.617728],[-83.548521,41.617843],[-83.542885,41.617905],[-83.528128,41.617905],[-83.524732,41.617964],[-83.518868,41.617932],[-83.512604,41.617909],[-83.50551,41.618051],[-83.495989,41.618189],[-83.493236,41.618342],[-83.485857,41.618272],[-83.477086,41.618341],[-83.476908,41.618344],[-83.466526,41.618501],[-83.427679,41.619067],[-83.415941,41.61911],[-83.415827,41.616615],[-83.415826,41.616441],[-83.415744,41.601868],[-83.415638,41.593646],[-83.415522,41.58735],[-83.415365,41.573957],[-83.415311,41.569347],[-83.415187,41.559331],[-83.415271,41.558503],[-83.415175,41.557551],[-83.414991,41.543981],[-83.414577,41.515001],[-83.414582,41.507551],[-83.414626,41.500228],[-83.415202,41.449227],[-83.415437,41.428029],[-83.415476,41.42624],[-83.415797,41.413682],[-83.415944,41.406405],[-83.41606,41.39919],[-83.416062,41.399074],[-83.416858,41.361724],[-83.417139,41.348282],[-83.417291,41.341281],[-83.41811,41.312113],[-83.418114,41.311983],[-83.418899,41.283077],[-83.419262,41.272423],[-83.419582,41.26215],[-83.419843,41.254003],[-83.420335,41.224868],[-83.420678,41.195944],[-83.42068,41.195857],[-83.420806,41.188539],[-83.420918,41.181382],[-83.420924,41.179839],[-83.420933,41.174134],[-83.420966,41.171859],[-83.421054,41.16678],[-83.421823,41.166722],[-83.425737,41.166757],[-83.438501,41.166639],[-83.441319,41.166609],[-83.443697,41.166584],[-83.46465,41.166434],[-83.478615,41.166054],[-83.488932,41.166126],[-83.499927,41.165751],[-83.535084,41.166196],[-83.544668,41.166318],[-83.554431,41.166584],[-83.563688,41.166731],[-83.581865,41.167174],[-83.592716,41.167194],[-83.602179,41.16729],[-83.611906,41.16739],[-83.624836,41.167501],[-83.649307,41.16766],[-83.649607,41.167671],[-83.650211,41.167716],[-83.653576,41.167715],[-83.658183,41.167768],[-83.663774,41.167834],[-83.674548,41.16796],[-83.678795,41.168058],[-83.688574,41.168126],[-83.707217,41.168248],[-83.726058,41.168373],[-83.727125,41.168528],[-83.764167,41.168324],[-83.765123,41.168345],[-83.788386,41.168284],[-83.881149,41.167824],[-83.881539,41.193615],[-83.881601,41.196932],[-83.881669,41.204219],[-83.882064,41.225997],[-83.882206,41.247598],[-83.882256,41.255097],[-83.882825,41.29402],[-83.882858,41.296332],[-83.882891,41.29868],[-83.883183,41.314277],[-83.883383,41.32816],[-83.883407,41.335294],[-83.88352,41.342562],[-83.8835,41.35712]]]}},{"type":"Feature","id":"39013","properties":{"id":"39013","FIPS":"39013","stateFIPS":"39","name":"Belmont","state":"OH","sourceId":"census-counties-2024"},"geometry":{"type":"Polygon","coordinates":[[[-81.234297,39.949015],[-81.234139,39.94939],[-81.234053,39.95127],[-81.234026,39.953498],[-81.23216,40.004038],[-81.23191,40.010453],[-81.230659,40.039474],[-81.230263,40.051979],[-81.230148,40.054639],[-81.230133,40.055227],[-81.230044,40.057374],[-81.229864,40.063153],[-81.229197,40.082377],[-81.227535,40.128409],[-81.227044,40.14324],[-81.225924,40.170075],[-81.225811,40.172694],[-81.187434,40.17193],[-81.153651,40.171321],[-81.140838,40.171051],[-81.13652,40.171088],[-81.134704,40.171028],[-81.130259,40.171058],[-81.111949,40.1711],[-81.112072,40.167917],[-81.093892,40.167162],[-81.079318,40.166624],[-81.051432,40.165474],[-81.035504,40.164874],[-80.991492,40.163335],[-80.980399,40.162903],[-80.977791,40.162801],[-80.970154,40.162566],[-80.942443,40.161716],[-80.919242,40.160751],[-80.882892,40.159495],[-80.862355,40.158837],[-80.849572,40.158401],[-80.804625,40.156374],[-80.800469,40.156566],[-80.785422,40.155847],[-80.775429,40.155423],[-80.766269,40.155111],[-80.765853,40.159847],[-80.710177,40.157534],[-80.709388,40.157571],[-80.708403,40.157444],[-80.7029242071106,40.1572566856078],[-80.704602,40.154823],[-80.7053996237984,40.1529710458934],[-80.705994,40.151591],[-80.7064281437613,40.1494359731364],[-80.707322,40.144999],[-80.7080234578832,40.143274238852],[-80.710042,40.138311],[-80.7100705555005,40.1375837270965],[-80.7103954010722,40.1293103164411],[-80.7104418101643,40.1281283348776],[-80.710554,40.125271],[-80.70881,40.118088],[-80.7086820586206,40.1179367965517],[-80.7082046206897,40.1173725517241],[-80.708106,40.117256],[-80.7075867630886,40.1153822320154],[-80.707002,40.113272],[-80.706702,40.110872],[-80.707702,40.105372],[-80.709102,40.101472],[-80.7098079282579,40.1002537768484],[-80.710203,40.099572],[-80.713003,40.096872],[-80.7170447072811,40.0944973457023],[-80.7291099108205,40.0874085870553],[-80.730704,40.086472],[-80.7327766421901,40.0842974245874],[-80.7351123171293,40.0818468803889],[-80.736804,40.080072],[-80.738604,40.075672],[-80.7385240603836,40.07231453611],[-80.738504,40.071472],[-80.7384676823602,40.0713033823867],[-80.737104,40.064972],[-80.7369900050097,40.0647562237684],[-80.734304,40.059672],[-80.733104,40.058772],[-80.7324443175258,40.055893385567],[-80.7321840761106,40.0547577866644],[-80.7311679546392,40.0503238020619],[-80.731064105567,40.0498706424742],[-80.7310539929164,40.0498265145441],[-80.730904,40.049172],[-80.730904,40.0478465662651],[-80.730904,40.046672],[-80.7313963316683,40.03912291442],[-80.731504,40.037472],[-80.733122940666,40.0336944717794],[-80.733304,40.033272],[-80.7363,40.029929],[-80.737389,40.027593],[-80.737341,40.022969],[-80.737805,40.020761],[-80.7383154158568,40.019716006589],[-80.7404451632553,40.0153556953472],[-80.740509,40.015225],[-80.7410270287743,40.0125098147004],[-80.741901,40.007929],[-80.742045,40.005641],[-80.7412884376936,39.9987184548969],[-80.741085,39.996857],[-80.7401932311608,39.9943463277297],[-80.740168814366,39.9942775850612],[-80.740045,39.993929],[-80.7396651963413,39.9914076528197],[-80.738717,39.985113],[-80.7393779352702,39.9783957586449],[-80.7394433888747,39.977730538193],[-80.7394463094674,39.9777008555195],[-80.7397013514343,39.9751088037333],[-80.7397286927734,39.9748309272428],[-80.739746541503,39.9746495263853],[-80.740126,39.970793],[-80.743166,39.969113],[-80.74627,39.966233],[-80.7530290001941,39.9626708963444],[-80.755135,39.961561],[-80.7569948928596,39.9602889034687],[-80.7569956407252,39.9602883919568],[-80.758527,39.959241],[-80.7594117938739,39.9581957824844],[-80.763375,39.953514],[-80.764479,39.95025],[-80.764511,39.946602],[-80.762285099182,39.9344225164372],[-80.761312,39.929098],[-80.756784,39.920586],[-80.7563970207953,39.9187460234042],[-80.755936,39.916554],[-80.756432,39.91393],[-80.758304,39.910426],[-80.759296,39.909466],[-80.760573816568,39.9089398402367],[-80.760656,39.908906],[-80.762592,39.908906],[-80.768272,39.909642],[-80.772641,39.911306],[-80.782849,39.917162],[-80.7874105447997,39.9180583533038],[-80.795714,39.91969],[-80.80053,39.919434],[-80.803394,39.918762],[-80.806018,39.91713],[-80.807618,39.914938],[-80.8077824811972,39.914481206573],[-80.809283,39.910314],[-80.809683,39.906106],[-80.809011,39.903226],[-80.806179,39.897306],[-80.802339,39.89161],[-80.796162,39.88553],[-80.793989,39.882787],[-80.7911891722299,39.8750916737392],[-80.790156,39.872252],[-80.790761,39.86728],[-80.793131,39.863751],[-80.799898,39.858912],[-80.81643,39.853032],[-80.821279,39.849982],[-80.822705,39.850014],[-80.829111,39.850159],[-80.882471,39.851956],[-80.89616,39.852563],[-80.904446,39.852976],[-80.954161,39.855463],[-80.961331,39.855822],[-80.999456,39.857586],[-81.017147,39.858182],[-81.017087,39.859875],[-81.058287,39.861646],[-81.064066,39.861867],[-81.064909,39.861898],[-81.073571,39.862205],[-81.074342,39.862229],[-81.093439,39.862868],[-81.10595,39.86325],[-81.12713,39.864007],[-81.127126,39.865039],[-81.150927,39.865775],[-81.17523,39.866355],[-81.222318,39.867538],[-81.237316,39.867828],[-81.234297,39.949015]]]}},{"type":"Feature","id":"39089","properties":{"id":"39089","FIPS":"39089","stateFIPS":"39","name":"Licking","state":"OH","sourceId":"census-counties-2024"},"geometry":{"type":"Polygon","coordinates":[[[-82.781809,39.946981],[-82.781257,39.955696],[-82.780473,39.964381],[-82.78011,39.96864],[-82.779738,39.973017],[-82.779459,39.976293],[-82.773825,39.976125],[-82.772677,39.987112],[-82.772667,39.987293],[-82.772661,39.987385],[-82.771818,39.998339],[-82.771879,39.998453],[-82.771416,40.004497],[-82.770237,40.01795],[-82.770226,40.01825],[-82.769461,40.027526],[-82.767483,40.051028],[-82.765206,40.079645],[-82.764539,40.088416],[-82.763897,40.095776],[-82.763754,40.097701],[-82.763521,40.101317],[-82.762885,40.111125],[-82.7622,40.120772],[-82.761827,40.125855],[-82.759877,40.151875],[-82.758974,40.163455],[-82.757223,40.189361],[-82.756408,40.200647],[-82.755943,40.206813],[-82.755518,40.212895],[-82.755263,40.216557],[-82.754984,40.22055],[-82.754191,40.231071],[-82.753783,40.237974],[-82.753515,40.242098],[-82.753153,40.246407],[-82.750747,40.276996],[-82.68918,40.274489],[-82.671434,40.27379],[-82.652381,40.272971],[-82.645521,40.272695],[-82.644208,40.272664],[-82.638865,40.272401],[-82.626818,40.27185],[-82.610969,40.271116],[-82.603708,40.270756],[-82.593975,40.270358],[-82.583967,40.269816],[-82.580378,40.269785],[-82.5552,40.26845],[-82.51678,40.266575],[-82.491184,40.265396],[-82.476114,40.264703],[-82.477273,40.24581],[-82.462763,40.245152],[-82.452612,40.244626],[-82.452114,40.244604],[-82.441031,40.2441],[-82.436675,40.243903],[-82.434507,40.243803],[-82.418145,40.243277],[-82.417066,40.243314],[-82.412035,40.242924],[-82.381295,40.241621],[-82.380299,40.241671],[-82.374873,40.241275],[-82.364344,40.240957],[-82.317505,40.239627],[-82.314129,40.239595],[-82.309842,40.239527],[-82.302753,40.239433],[-82.284431,40.239288],[-82.280942,40.239251],[-82.280895,40.240173],[-82.23987,40.239926],[-82.195911,40.239071],[-82.182823,40.238624],[-82.18286,40.238037],[-82.186739,40.183016],[-82.186393,40.182315],[-82.187038,40.167151],[-82.187105,40.16688],[-82.188293,40.143944],[-82.190723,40.095323],[-82.190777,40.094356],[-82.190788,40.093989],[-82.191853,40.078331],[-82.191876,40.07706],[-82.191992,40.073976],[-82.192462,40.064101],[-82.192494,40.063462],[-82.193765,40.039496],[-82.193803,40.038644],[-82.194713,40.022283],[-82.194786,40.020694],[-82.19534,40.005967],[-82.198562,39.955027],[-82.198772,39.95014],[-82.211921,39.950738],[-82.216297,39.95072],[-82.217931,39.951142],[-82.219248,39.951126],[-82.221957,39.95099],[-82.231695,39.951075],[-82.23168,39.947586],[-82.233735,39.920577],[-82.233974,39.91326],[-82.234161,39.913268],[-82.336898,39.918004],[-82.34947,39.918697],[-82.368485,39.919743],[-82.38744,39.92074],[-82.402629,39.921612],[-82.408984,39.921968],[-82.418666,39.922447],[-82.418535,39.92392],[-82.418179,39.927936],[-82.451328,39.929687],[-82.462813,39.93038],[-82.469179,39.927231],[-82.473423,39.925065],[-82.482141,39.925499],[-82.493434,39.926064],[-82.497675,39.926299],[-82.505534,39.9267],[-82.505638,39.926705],[-82.518596,39.927301],[-82.543954,39.928493],[-82.558484,39.929124],[-82.581813,39.930156],[-82.591421,39.930452],[-82.610427,39.931155],[-82.681183,39.93446],[-82.697184,39.935267],[-82.728908,39.936964],[-82.730713,39.937071],[-82.744459,39.937834],[-82.768805,39.939085],[-82.77287,39.939326],[-82.782495,39.939662],[-82.781809,39.946981]]]}},{"type":"Feature","id":"39165","properties":{"id":"39165","FIPS":"39165","stateFIPS":"39","name":"Warren","state":"OH","sourceId":"census-counties-2024"},"geometry":{"type":"Polygon","coordinates":[[[-84.365232,39.589493],[-84.345608,39.589476],[-84.337437,39.589492],[-84.334999,39.589496],[-84.326791,39.589512],[-84.325098,39.589512],[-84.324559,39.589518],[-84.323799,39.589518],[-84.323683,39.589519],[-84.307942,39.58953],[-84.306897,39.58953],[-84.296261,39.589535],[-84.296159,39.589536],[-84.286704,39.589577],[-84.286319,39.589576],[-84.285687,39.589552],[-84.28505,39.58951],[-84.284317,39.589462],[-84.248433,39.587082],[-84.242819,39.586748],[-84.242374,39.586722],[-84.237673,39.586441],[-84.230198,39.585888],[-84.230047,39.585875],[-84.22341,39.585439],[-84.223166,39.585419],[-84.222057,39.585346],[-84.211556,39.584652],[-84.210934,39.584611],[-84.201408,39.583948],[-84.197568,39.583714],[-84.187334,39.583081],[-84.162995,39.581438],[-84.153529,39.580777],[-84.142597,39.580056],[-84.133862,39.579478],[-84.114174,39.57823],[-84.102114,39.577487],[-84.097015,39.577137],[-84.06757,39.575344],[-84.056885,39.574657],[-84.047817,39.574045],[-84.032086,39.573057],[-84.027989,39.572791],[-83.976987,39.569402],[-83.978208,39.555651],[-83.979269,39.544207],[-83.98297,39.504249],[-83.983652,39.496877],[-83.985657,39.475202],[-83.986906,39.461746],[-83.988504,39.444424],[-83.989336,39.435491],[-83.990736,39.421598],[-83.992399,39.404853],[-83.992542,39.403468],[-83.996451,39.36142],[-83.997452,39.351367],[-83.997475,39.35117],[-83.999345,39.333377],[-84.002074,39.307554],[-84.002754,39.307096],[-84.00294,39.305718],[-84.00223,39.306061],[-84.002535,39.303247],[-84.002741,39.30131],[-84.002819,39.300642],[-84.003346,39.295632],[-84.004023,39.289413],[-84.004108,39.28851],[-84.004117,39.288422],[-84.007454,39.255112],[-84.023594,39.256107],[-84.046074,39.257468],[-84.051858,39.257821],[-84.073692,39.259157],[-84.078947,39.25948],[-84.133771,39.262889],[-84.154369,39.264177],[-84.155876,39.264273],[-84.159672,39.264512],[-84.167111,39.264982],[-84.184626,39.266084],[-84.193227,39.266625],[-84.201802,39.267167],[-84.23496,39.26928],[-84.237511,39.269448],[-84.245166,39.269942],[-84.25388,39.270503],[-84.259431,39.27086],[-84.258845,39.273474],[-84.258733,39.273731],[-84.258408,39.27415],[-84.256686,39.274912],[-84.256374,39.276825],[-84.25764,39.277972],[-84.264657,39.280663],[-84.265237,39.28222],[-84.263904,39.285945],[-84.262172,39.288342],[-84.26275,39.288353],[-84.268125,39.288722],[-84.277412,39.289366],[-84.282417,39.289985],[-84.287502,39.290617],[-84.297155,39.291757],[-84.297678,39.291786],[-84.305222,39.292184],[-84.315697,39.292689],[-84.317453,39.292713],[-84.326445,39.293088],[-84.334105,39.293287],[-84.339164,39.293042],[-84.344648,39.292745],[-84.347144,39.292619],[-84.353209,39.292287],[-84.352578,39.299348],[-84.352389,39.302429],[-84.351972,39.306901],[-84.351007,39.317509],[-84.350895,39.318652],[-84.349861,39.330217],[-84.349603,39.332664],[-84.349296,39.336661],[-84.349262,39.3371],[-84.348899,39.340805],[-84.348343,39.346891],[-84.348199,39.348512],[-84.348081,39.349872],[-84.347916,39.351819],[-84.347769,39.35333],[-84.34652,39.366487],[-84.346331,39.368446],[-84.345958,39.371889],[-84.344667,39.382709],[-84.34385,39.390269],[-84.343054,39.397814],[-84.341405,39.412423],[-84.339866,39.427216],[-84.33984,39.427458],[-84.338465,39.440049],[-84.338454,39.440168],[-84.336719,39.455994],[-84.340211,39.456696],[-84.338795,39.47201],[-84.338691,39.473352],[-84.338273,39.478541],[-84.338005,39.481181],[-84.3379,39.482374],[-84.337359,39.488584],[-84.337343,39.488754],[-84.336692,39.496601],[-84.335534,39.510227],[-84.335426,39.511353],[-84.335206,39.513569],[-84.33487,39.517402],[-84.334207,39.524326],[-84.334152,39.524861],[-84.334124,39.525128],[-84.333385,39.532524],[-84.332576,39.541797],[-84.332093,39.547183],[-84.331963,39.547858],[-84.331826,39.548517],[-84.331682,39.549213],[-84.333012,39.548741],[-84.347202,39.545412],[-84.354111,39.544394],[-84.358371,39.542762],[-84.361546,39.542168],[-84.362688,39.542562],[-84.364305,39.54381],[-84.364486,39.559457],[-84.364528,39.562316],[-84.365232,39.589493]]]}},{"type":"Feature","id":"39119","properties":{"id":"39119","FIPS":"39119","stateFIPS":"39","name":"Muskingum","state":"OH","sourceId":"census-counties-2024"},"geometry":{"type":"Polygon","coordinates":[[[-82.233735,39.920577],[-82.23168,39.947586],[-82.231695,39.951075],[-82.221957,39.95099],[-82.219248,39.951126],[-82.217931,39.951142],[-82.216297,39.95072],[-82.211921,39.950738],[-82.198772,39.95014],[-82.198562,39.955027],[-82.19534,40.005967],[-82.194786,40.020694],[-82.194713,40.022283],[-82.193803,40.038644],[-82.193765,40.039496],[-82.192494,40.063462],[-82.192462,40.064101],[-82.191992,40.073976],[-82.191876,40.07706],[-82.191853,40.078331],[-82.190788,40.093989],[-82.190777,40.094356],[-82.190723,40.095323],[-82.188293,40.143944],[-82.187105,40.16688],[-82.092981,40.162579],[-82.093016,40.162337],[-82.088285,40.162067],[-82.087197,40.161705],[-82.025515,40.160894],[-82.000204,40.160242],[-81.947098,40.158897],[-81.939833,40.158721],[-81.905026,40.157876],[-81.904203,40.157851],[-81.850982,40.156443],[-81.809533,40.155194],[-81.809396,40.155189],[-81.716277,40.152854],[-81.716276,40.152166],[-81.718859,40.107825],[-81.720279,40.078855],[-81.720284,40.078739],[-81.721099,40.062636],[-81.724229,40.005506],[-81.724971,39.994918],[-81.725562,39.984632],[-81.725709,39.981974],[-81.725853,39.979312],[-81.726055,39.975633],[-81.728611,39.931728],[-81.724848,39.931587],[-81.724197,39.931481],[-81.718952,39.931236],[-81.716708,39.931369],[-81.691104,39.930756],[-81.691106,39.930673],[-81.692177,39.89638],[-81.692516,39.894437],[-81.693355,39.864316],[-81.69356,39.855561],[-81.694126,39.853514],[-81.694146,39.842636],[-81.694815,39.824776],[-81.697442,39.755572],[-81.749853,39.757619],[-81.815436,39.760405],[-81.895076,39.763854],[-81.895148,39.76386],[-81.92785,39.765108],[-81.94144,39.765162],[-81.945867,39.765228],[-81.964679,39.765799],[-82.020392,39.769059],[-82.020412,39.767995],[-82.022489,39.768149],[-82.031179,39.768621],[-82.076639,39.77096],[-82.07567,39.78276],[-82.074325,39.799092],[-82.074313,39.799238],[-82.074261,39.800073],[-82.073951,39.804015],[-82.072934,39.816227],[-82.078624,39.816485],[-82.079713,39.816535],[-82.125408,39.818588],[-82.132436,39.818795],[-82.132905,39.81891],[-82.138669,39.819098],[-82.170047,39.82075],[-82.167498,39.848692],[-82.162372,39.909374],[-82.167257,39.909553],[-82.170342,39.909846],[-82.233974,39.91326],[-82.233735,39.920577]]]}},{"type":"Feature","id":"39139","properties":{"id":"39139","FIPS":"39139","stateFIPS":"39","name":"Richland","state":"OH","sourceId":"census-counties-2024"},"geometry":{"type":"Polygon","coordinates":[[[-82.726949,40.738592],[-82.726751,40.749524],[-82.726652,40.753],[-82.726628,40.755178],[-82.726617,40.756276],[-82.7266,40.760562],[-82.726431,40.772318],[-82.726413,40.776347],[-82.726254,40.784933],[-82.726259,40.785114],[-82.726212,40.787395],[-82.726145,40.79519],[-82.725689,40.814498],[-82.724955,40.843284],[-82.724526,40.901369],[-82.724521,40.901558],[-82.724184,40.930462],[-82.724247,40.937147],[-82.724263,40.947198],[-82.724326,40.961993],[-82.724792,40.995638],[-82.70165,40.995458],[-82.696279,40.995456],[-82.688134,40.995416],[-82.686759,40.995398],[-82.654745,40.994983],[-82.654378,40.994977],[-82.648876,40.994896],[-82.639332,40.994752],[-82.630592,40.99464],[-82.582283,40.994196],[-82.581315,40.994187],[-82.571911,40.994057],[-82.534181,40.993474],[-82.496595,40.993036],[-82.477569,40.992917],[-82.449742,40.992932],[-82.445398,40.99294],[-82.432852,40.992944],[-82.4179,40.992938],[-82.417266,40.953331],[-82.41648,40.902252],[-82.416,40.901898],[-82.416043,40.89873],[-82.41599,40.877455],[-82.416291,40.852604],[-82.416431,40.829607],[-82.415488,40.828424],[-82.417093,40.825959],[-82.418509,40.825625],[-82.419404,40.827852],[-82.420434,40.827839],[-82.420545,40.826335],[-82.419578,40.824979],[-82.420752,40.82333],[-82.419757,40.82299],[-82.417196,40.820763],[-82.417893,40.819286],[-82.417061,40.817019],[-82.418394,40.81623],[-82.416847,40.814567],[-82.409935,40.814603],[-82.407999,40.814567],[-82.407759,40.808247],[-82.388559,40.808169],[-82.388405,40.80227],[-82.388459,40.801419],[-82.388168,40.801171],[-82.387084,40.800406],[-82.390048,40.797742],[-82.389812,40.796179],[-82.386591,40.794487],[-82.385766,40.792386],[-82.384438,40.792298],[-82.38256,40.788586],[-82.381891,40.788499],[-82.38102,40.788923],[-82.380065,40.788227],[-82.378953,40.787227],[-82.378635,40.781075],[-82.378402,40.734219],[-82.378397,40.727145],[-82.367522,40.726707],[-82.355654,40.726657],[-82.354276,40.726813],[-82.339211,40.726683],[-82.338984,40.698538],[-82.338959,40.685523],[-82.33885,40.683512],[-82.338739,40.669914],[-82.338636,40.651888],[-82.338483,40.638502],[-82.338364,40.623556],[-82.337732,40.59488],[-82.336962,40.555001],[-82.359612,40.552492],[-82.374898,40.550871],[-82.378345,40.550864],[-82.450348,40.550791],[-82.45163,40.550762],[-82.509111,40.55054],[-82.524284,40.550355],[-82.547395,40.550105],[-82.566497,40.550007],[-82.59737,40.549954],[-82.621571,40.549884],[-82.623609,40.549879],[-82.623685,40.55203],[-82.625239,40.624338],[-82.625387,40.625026],[-82.625001,40.630177],[-82.624934,40.631589],[-82.62476,40.637283],[-82.638679,40.637276],[-82.644117,40.63724],[-82.644931,40.659593],[-82.644977,40.666425],[-82.626165,40.666132],[-82.626483,40.680591],[-82.626712,40.685618],[-82.627227,40.708424],[-82.627191,40.709416],[-82.68912,40.710603],[-82.689113,40.711033],[-82.714769,40.711073],[-82.727164,40.711203],[-82.726949,40.738592]]]}},{"type":"Feature","id":"39163","properties":{"id":"39163","FIPS":"39163","stateFIPS":"39","name":"Vinton","state":"OH","sourceId":"census-counties-2024"},"geometry":{"type":"Polygon","coordinates":[[[-82.760111,39.237644],[-82.758679,39.252335],[-82.758695,39.252932],[-82.7576,39.266155],[-82.755133,39.294219],[-82.753892,39.308641],[-82.749709,39.357164],[-82.748591,39.368165],[-82.673572,39.363161],[-82.668705,39.362957],[-82.635686,39.361566],[-82.634386,39.375966],[-82.612925,39.374371],[-82.609016,39.374291],[-82.51758,39.369468],[-82.51623,39.375068],[-82.51508,39.385667],[-82.514479,39.395767],[-82.458986,39.39301],[-82.45667,39.392883],[-82.440042,39.392094],[-82.405307,39.390387],[-82.403442,39.390291],[-82.40223,39.390228],[-82.374875,39.388819],[-82.368175,39.388269],[-82.361172,39.388069],[-82.351274,39.387369],[-82.289663,39.384195],[-82.290233,39.378412],[-82.297656,39.3033],[-82.298476,39.294996],[-82.270705,39.293486],[-82.260243,39.292915],[-82.260626,39.288834],[-82.260936,39.285514],[-82.261629,39.278085],[-82.26227,39.271267],[-82.263103,39.26236],[-82.263169,39.261673],[-82.263167,39.261608],[-82.263735,39.254434],[-82.263816,39.253479],[-82.263952,39.253289],[-82.264132,39.25137],[-82.267403,39.216385],[-82.268583,39.20376],[-82.306669,39.205494],[-82.310081,39.168068],[-82.313165,39.130772],[-82.314703,39.116582],[-82.317851,39.080341],[-82.318128,39.07933],[-82.321256,39.045265],[-82.322874,39.027674],[-82.344567,39.029176],[-82.354963,39.029897],[-82.435309,39.035079],[-82.426259,39.122211],[-82.425429,39.130505],[-82.424693,39.137816],[-82.452121,39.138977],[-82.49988,39.141172],[-82.514821,39.142389],[-82.532235,39.143813],[-82.540282,39.144471],[-82.538719,39.159228],[-82.537515,39.16976],[-82.536306,39.180757],[-82.536414,39.180775],[-82.537068,39.180983],[-82.547609,39.182495],[-82.574483,39.18547],[-82.594833,39.185526],[-82.610985,39.18557],[-82.633601,39.18792],[-82.651486,39.189567],[-82.650087,39.202269],[-82.682721,39.203887],[-82.762892,39.207967],[-82.760111,39.237644]]]}},{"type":"Feature","id":"39027","properties":{"id":"39027","FIPS":"39027","stateFIPS":"39","name":"Clinton","state":"OH","sourceId":"census-counties-2024"},"geometry":{"type":"Polygon","coordinates":[[[-84.004117,39.288422],[-84.004108,39.28851],[-84.004023,39.289413],[-84.003346,39.295632],[-84.002819,39.300642],[-84.002741,39.30131],[-84.002535,39.303247],[-84.00223,39.306061],[-84.00294,39.305718],[-84.002754,39.307096],[-84.002074,39.307554],[-83.999345,39.333377],[-83.997475,39.35117],[-83.997452,39.351367],[-83.996451,39.36142],[-83.992542,39.403468],[-83.992399,39.404853],[-83.990736,39.421598],[-83.989336,39.435491],[-83.988504,39.444424],[-83.986906,39.461746],[-83.985657,39.475202],[-83.983652,39.496877],[-83.98297,39.504249],[-83.979269,39.544207],[-83.978208,39.555651],[-83.976987,39.569402],[-83.967043,39.568502],[-83.943113,39.567253],[-83.938946,39.567028],[-83.922507,39.566194],[-83.883399,39.563499],[-83.868022,39.5624],[-83.858695,39.56169],[-83.847935,39.561326],[-83.843332,39.561065],[-83.832144,39.560433],[-83.830994,39.560361],[-83.803126,39.558586],[-83.788096,39.557533],[-83.781059,39.55717],[-83.778373,39.557031],[-83.765835,39.555924],[-83.764193,39.555843],[-83.73552,39.554336],[-83.723942,39.553642],[-83.716725,39.553131],[-83.678584,39.550786],[-83.670196,39.550254],[-83.624921,39.547626],[-83.624268,39.547717],[-83.610778,39.54681],[-83.602975,39.546284],[-83.576286,39.544547],[-83.580032,39.504399],[-83.580782,39.498869],[-83.583455,39.46663],[-83.584054,39.459482],[-83.58469,39.451782],[-83.585004,39.447953],[-83.585198,39.445705],[-83.586793,39.426478],[-83.58777,39.414665],[-83.590878,39.378736],[-83.593868,39.377081],[-83.630504,39.355722],[-83.633517,39.35396],[-83.636419,39.35228],[-83.650323,39.344021],[-83.658971,39.33879],[-83.672132,39.330869],[-83.691526,39.31919],[-83.69952,39.314407],[-83.700213,39.313998],[-83.7259,39.298196],[-83.7361,39.292134],[-83.748559,39.284707],[-83.755881,39.280292],[-83.783126,39.263823],[-83.784793,39.262888],[-83.785491,39.259075],[-83.787407,39.254948],[-83.790175,39.252813],[-83.790149,39.250548],[-83.791585,39.250139],[-83.79241,39.249587],[-83.794564,39.244939],[-83.795308,39.243336],[-83.795651,39.240927],[-83.798606,39.239314],[-83.800906,39.237597],[-83.802498,39.237126],[-83.80194,39.234083],[-83.802563,39.233543],[-83.80134,39.231567],[-83.803682,39.230844],[-83.805124,39.231558],[-83.806424,39.230328],[-83.808297,39.224683],[-83.810919,39.2237],[-83.818879,39.222845],[-83.835869,39.223304],[-83.834404,39.245715],[-83.841877,39.246095],[-83.861767,39.247131],[-83.865679,39.247333],[-83.884211,39.248337],[-83.893235,39.248826],[-83.943775,39.25158],[-83.945978,39.251702],[-83.949196,39.25188],[-83.950133,39.251882],[-83.989921,39.254096],[-84.007454,39.255112],[-84.004117,39.288422]]]}},{"type":"Feature","id":"39115","properties":{"id":"39115","FIPS":"39115","stateFIPS":"39","name":"Morgan","state":"OH","sourceId":"census-counties-2024"},"geometry":{"type":"Polygon","coordinates":[[[-82.079814,39.732677],[-82.079306,39.739285],[-82.07683,39.76863],[-82.076639,39.77096],[-82.031179,39.768621],[-82.022489,39.768149],[-82.020412,39.767995],[-82.020392,39.769059],[-81.964679,39.765799],[-81.945867,39.765228],[-81.94144,39.765162],[-81.92785,39.765108],[-81.895148,39.76386],[-81.895076,39.763854],[-81.815436,39.760405],[-81.749853,39.757619],[-81.697442,39.755572],[-81.697461,39.754995],[-81.639886,39.75342],[-81.6398,39.752771],[-81.639823,39.752308],[-81.639854,39.752231],[-81.64218,39.690663],[-81.6432,39.665681],[-81.594846,39.664288],[-81.586132,39.663993],[-81.587362,39.625073],[-81.58773,39.622053],[-81.587941,39.621464],[-81.58764,39.614637],[-81.588185,39.586973],[-81.594994,39.587172],[-81.623499,39.588241],[-81.624867,39.588235],[-81.674433,39.589946],[-81.676791,39.590102],[-81.68893,39.590486],[-81.694334,39.587303],[-81.696875,39.586693],[-81.699647,39.586287],[-81.708569,39.586207],[-81.710809,39.585801],[-81.714447,39.584236],[-81.715522,39.5834],[-81.716455,39.581752],[-81.716859,39.579114],[-81.716055,39.569583],[-81.716337,39.565963],[-81.717276,39.562621],[-81.71972,39.557903],[-81.722989,39.549738],[-81.723511,39.547608],[-81.723171,39.545361],[-81.72205,39.542884],[-81.722116,39.538587],[-81.721189,39.535408],[-81.72134,39.533481],[-81.722217,39.53155],[-81.705075,39.53099],[-81.706138,39.513515],[-81.706499,39.507734],[-81.707997,39.489321],[-81.708527,39.480775],[-81.732672,39.48136],[-81.749855,39.482095],[-81.760955,39.482773],[-81.760959,39.488583],[-81.765948,39.488723],[-81.783755,39.489472],[-81.783455,39.492572],[-81.793815,39.492863],[-81.811342,39.493631],[-81.823158,39.494072],[-81.825757,39.449172],[-81.84235,39.449853],[-81.844863,39.450216],[-81.869618,39.451293],[-81.927255,39.453773],[-81.940542,39.454339],[-81.950308,39.454828],[-81.965013,39.455562],[-82.027002,39.458636],[-82.032333,39.458899],[-82.044411,39.459494],[-82.055779,39.460053],[-82.054204,39.477399],[-82.052889,39.491876],[-82.047528,39.550825],[-82.039605,39.550217],[-82.037584,39.57936],[-82.035874,39.592846],[-82.032983,39.624129],[-82.032075,39.63666],[-82.031976,39.637728],[-82.028801,39.67249],[-82.024219,39.724686],[-82.080224,39.727673],[-82.079814,39.732677]]]}},{"type":"Feature","id":"39131","properties":{"id":"39131","FIPS":"39131","stateFIPS":"39","name":"Pike","state":"OH","sourceId":"census-counties-2024"},"geometry":{"type":"Polygon","coordinates":[[[-83.382297,39.069151],[-83.379805,39.079534],[-83.37762,39.088619],[-83.374911,39.100405],[-83.36783,39.131348],[-83.357079,39.18174],[-83.356419,39.184745],[-83.353531,39.197585],[-83.258039,39.193688],[-83.248285,39.193186],[-83.181467,39.189553],[-83.152427,39.187975],[-83.151106,39.187903],[-83.145022,39.187572],[-83.091465,39.184739],[-83.075636,39.183752],[-83.051172,39.182637],[-83.040647,39.182011],[-83.016618,39.180933],[-82.975205,39.178841],[-82.972701,39.178722],[-82.956746,39.177963],[-82.840365,39.172012],[-82.785891,39.168769],[-82.790369,39.124367],[-82.794746,39.084079],[-82.795145,39.080401],[-82.79957,39.03563],[-82.797789,39.035506],[-82.798689,39.028414],[-82.799047,39.025606],[-82.801361,39.005312],[-82.806425,38.954905],[-82.80709,38.948073],[-82.852647,38.950189],[-82.86126,38.95059],[-82.863512,38.950694],[-82.881375,38.951512],[-82.892495,38.952046],[-82.899694,38.952388],[-82.934795,38.953883],[-82.941064,38.954139],[-82.955582,38.954714],[-82.970759,38.955274],[-82.973159,38.953843],[-82.974831,38.955387],[-83.043473,38.956937],[-83.04362,38.956939],[-83.044758,38.956956],[-83.121976,38.958049],[-83.129412,38.957909],[-83.162102,38.958858],[-83.171178,38.959092],[-83.177736,38.959267],[-83.212107,38.960148],[-83.214304,38.961527],[-83.214655,38.963355],[-83.210503,38.968456],[-83.21073,38.969856],[-83.2133,38.9721],[-83.215143,38.971514],[-83.217234,38.971758],[-83.216556,38.978186],[-83.215715,38.981156],[-83.214101,38.983721],[-83.213365,38.986061],[-83.214007,38.988393],[-83.213996,38.990251],[-83.215252,38.991922],[-83.22068,38.994045],[-83.22654,38.995482],[-83.227315,38.998004],[-83.23406,38.998819],[-83.232246,39.001394],[-83.2348,39.004318],[-83.236379,39.004861],[-83.23823,39.005897],[-83.237811,39.009856],[-83.238512,39.010003],[-83.242641,39.009604],[-83.244239,39.010902],[-83.24842,39.010037],[-83.255497,39.012895],[-83.257183,39.014943],[-83.259951,39.013444],[-83.261827,39.015224],[-83.268734,39.014453],[-83.270817,39.015791],[-83.275042,39.020339],[-83.278424,39.021698],[-83.280705,39.022082],[-83.282162,39.023929],[-83.285466,39.023988],[-83.288087,39.027748],[-83.288131,39.029845],[-83.291353,39.030455],[-83.294007,39.033342],[-83.295647,39.033836],[-83.297211,39.035668],[-83.298635,39.03567],[-83.301409,39.036963],[-83.303075,39.039053],[-83.306426,39.040725],[-83.30811,39.04026],[-83.30918,39.041477],[-83.310529,39.04322],[-83.308801,39.044694],[-83.309428,39.045993],[-83.312963,39.046736],[-83.31377,39.047828],[-83.314589,39.052195],[-83.325965,39.052822],[-83.385637,39.055197],[-83.382297,39.069151]]]}},{"type":"Feature","id":"39099","properties":{"id":"39099","FIPS":"39099","stateFIPS":"39","name":"Mahoning","state":"OH","sourceId":"census-counties-2024"},"geometry":{"type":"Polygon","coordinates":[[[-81.086712,40.930422],[-81.086601,40.937622],[-81.086568,40.947129],[-81.086312,40.988031],[-81.050722,40.987835],[-81.050158,40.987781],[-81.041275,40.987958],[-81.001695,40.987783],[-81.001797,41.00786],[-81.00192,41.021698],[-81.001859,41.034381],[-81.002417,41.042051],[-81.00259,41.053806],[-81.00236,41.062093],[-81.002375,41.087838],[-81.002405,41.098669],[-81.002402,41.099884],[-81.002404,41.104016],[-81.00229,41.134189],[-80.99417,41.134173],[-80.966247,41.134173],[-80.953892,41.134213],[-80.905972,41.134388],[-80.857206,41.134398],[-80.811163,41.134226],[-80.789472,41.134159],[-80.783716,41.134156],[-80.768742,41.134095],[-80.753549,41.134067],[-80.7385,41.133988],[-80.738494,41.133966],[-80.723722,41.133905],[-80.72358,41.133905],[-80.711149,41.133902],[-80.699053,41.133854],[-80.698454,41.133849],[-80.689121,41.133777],[-80.685592,41.133755],[-80.67711,41.133728],[-80.673411,41.133684],[-80.665491,41.133665],[-80.65937,41.133628],[-80.655741,41.133605],[-80.651649,41.133577],[-80.645351,41.133537],[-80.639357,41.133507],[-80.637756,41.133513],[-80.635468,41.133504],[-80.635204,41.133504],[-80.635074,41.133502],[-80.624347,41.133412],[-80.624244,41.133416],[-80.617398,41.133442],[-80.616309,41.133334],[-80.616185,41.133333],[-80.58747,41.133358],[-80.58739,41.133357],[-80.569098,41.133317],[-80.553578,41.133318],[-80.544652,41.133242],[-80.5191646523219,41.1332183913048],[-80.519012,41.125116],[-80.519012,41.1250929473499],[-80.519012,41.125057],[-80.519056,41.125057],[-80.518992,41.115958],[-80.519192,41.105358],[-80.519125,41.100819],[-80.5191203849025,41.0993979695205],[-80.5190920610097,41.0906767854529],[-80.519092,41.090658],[-80.5190883703689,41.0828688116581],[-80.519088,41.082074],[-80.518999,41.075014],[-80.51896,41.071866],[-80.518928,41.070954],[-80.51896,41.061546],[-80.5189532065752,41.0520436455868],[-80.5189394461268,41.0327961140683],[-80.5189371319784,41.0295591814954],[-80.5189331784223,41.0240291149746],[-80.518927,41.015387],[-80.518989,40.995445],[-80.5189908307949,40.9941098838221],[-80.5190000592316,40.9873800011642],[-80.519039351426,40.95872597579],[-80.5190467067615,40.9533620613047],[-80.5190467099498,40.9533597362051],[-80.519091,40.921061],[-80.5196264947814,40.9114220939351],[-80.519891,40.906661],[-80.5198187447909,40.9024401511485],[-80.51979,40.900761],[-80.5197774232307,40.9003241991296],[-80.544615,40.900257],[-80.575784,40.900091],[-80.618399,40.899851],[-80.632067,40.899782],[-80.649372,40.89991],[-80.650877,40.89984],[-80.679361,40.899928],[-80.688703,40.900037],[-80.69018,40.900016],[-80.697551,40.900096],[-80.698618,40.900119],[-80.70475,40.900186],[-80.707065,40.900204],[-80.71176,40.900241],[-80.729331,40.900367],[-80.739017,40.90043],[-80.745671,40.900472],[-80.759259,40.900594],[-80.760049,40.900603],[-80.765202,40.900641],[-80.777974,40.900728],[-80.783382,40.900761],[-80.785155,40.900798],[-80.786937,40.900698],[-80.807067,40.900861],[-80.811459,40.900866],[-80.819814,40.900909],[-80.821923,40.900935],[-80.821936,40.908276],[-80.821912,40.90951],[-80.821907,40.911336],[-80.821635,40.929775],[-80.84043,40.929724],[-80.85637,40.929963],[-80.875978,40.930052],[-80.890482,40.930068],[-80.891285,40.9302],[-80.895813,40.930187],[-80.895998,40.905368],[-80.896032,40.900995],[-80.914275,40.90108],[-80.943338,40.901302],[-80.944005,40.901308],[-80.952604,40.901377],[-80.958254,40.901392],[-80.961216,40.901403],[-80.974153,40.901451],[-80.974906,40.901455],[-80.994158,40.901535],[-81.018961,40.901504],[-81.024052,40.901481],[-81.031994,40.901469],[-81.037128,40.901479],[-81.048475,40.901508],[-81.049737,40.901508],[-81.067116,40.901554],[-81.077119,40.901585],[-81.086679,40.901609],[-81.086684,40.906793],[-81.086684,40.914879],[-81.086685,40.915086],[-81.086675,40.920073],[-81.086679,40.925995],[-81.086726,40.930126],[-81.086712,40.930422]]]}},{"type":"Feature","id":"26067","properties":{"id":"26067","FIPS":"26067","stateFIPS":"26","name":"Ionia","state":"MI","sourceId":"census-counties-2024"},"geometry":{"type":"Polygon","coordinates":[[[-85.312431,43.071786],[-85.312513,43.118793],[-85.297391,43.11891],[-85.283065,43.119106],[-85.26292,43.119307],[-85.257611,43.119338],[-85.256482,43.119344],[-85.255034,43.119353],[-85.253789,43.11936],[-85.224248,43.119651],[-85.213413,43.119666],[-85.1936,43.119534],[-85.18313,43.119545],[-85.148228,43.119747],[-85.14691,43.119757],[-85.145862,43.119769],[-85.144389,43.119822],[-85.13986,43.119779],[-85.134993,43.119846],[-85.115094,43.120045],[-85.075033,43.120213],[-85.064695,43.120157],[-85.054399,43.120142],[-85.053265,43.120134],[-85.051032,43.120119],[-84.985531,43.119788],[-84.965616,43.119675],[-84.955716,43.119608],[-84.836889,43.118851],[-84.836922,43.10523],[-84.837051,43.083365],[-84.837106,43.076062],[-84.837181,43.068367],[-84.83762,43.032641],[-84.837467,43.028877],[-84.837594,43.009381],[-84.837423,43.001484],[-84.837573,42.994664],[-84.837528,42.989021],[-84.837628,42.943751],[-84.837416,42.900606],[-84.837273,42.878662],[-84.837265,42.871632],[-84.837253,42.864587],[-84.837206,42.857185],[-84.837077,42.821108],[-84.837121,42.81754],[-84.837093,42.799533],[-84.837075,42.795713],[-84.837074,42.777775],[-84.837084,42.774395],[-84.837085,42.770479],[-84.876356,42.770504],[-84.886425,42.770504],[-84.889888,42.770504],[-84.891505,42.770504],[-84.906241,42.770473],[-84.916167,42.770471],[-84.935226,42.770457],[-84.95583,42.77046],[-85.074245,42.770784],[-85.125329,42.770399],[-85.12592,42.770345],[-85.140736,42.770289],[-85.15325,42.770284],[-85.153775,42.770176],[-85.192838,42.769758],[-85.271268,42.769743],[-85.291117,42.769834],[-85.306115,42.769875],[-85.307449,42.76988],[-85.309626,42.769878],[-85.309692,42.773158],[-85.309773,42.777152],[-85.309791,42.778187],[-85.309937,42.783662],[-85.309856,42.784768],[-85.309747,42.786028],[-85.310028,42.787899],[-85.310116,42.790642],[-85.310348,42.801555],[-85.310253,42.809395],[-85.310206,42.813347],[-85.311154,42.842312],[-85.311257,42.849571],[-85.311388,42.856955],[-85.3116,42.877323],[-85.311611,42.877631],[-85.31165,42.900445],[-85.311754,42.914907],[-85.311745,42.917648],[-85.311761,42.92031],[-85.311786,42.934341],[-85.311787,42.934752],[-85.311784,42.937729],[-85.311933,42.943988],[-85.311924,42.965937],[-85.312081,42.98352],[-85.311945,42.985857],[-85.312123,43.008384],[-85.312393,43.02973],[-85.312432,43.044299],[-85.312422,43.054092],[-85.312526,43.069775],[-85.312431,43.071786]]]}},{"type":"Feature","id":"26025","properties":{"id":"26025","FIPS":"26025","stateFIPS":"26","name":"Calhoun","state":"MI","sourceId":"census-counties-2024"},"geometry":{"type":"Polygon","coordinates":[[[-85.298879,42.419849],[-85.277945,42.419978],[-85.261098,42.420143],[-85.249699,42.420174],[-85.248658,42.420181],[-85.211668,42.420548],[-85.193715,42.420618],[-85.189938,42.420598],[-85.181758,42.42067],[-85.155094,42.420835],[-85.133129,42.420937],[-85.128358,42.420941],[-85.12642,42.42097],[-85.081119,42.42135],[-85.071609,42.421428],[-85.064855,42.421508],[-85.053455,42.421643],[-85.005954,42.421948],[-84.992777,42.422006],[-84.98626,42.422011],[-84.978635,42.422065],[-84.954019,42.422116],[-84.946897,42.422182],[-84.944903,42.422053],[-84.904974,42.422075],[-84.888168,42.422021],[-84.835922,42.421801],[-84.829087,42.421783],[-84.797026,42.421634],[-84.794721,42.421627],[-84.791619,42.421619],[-84.787599,42.421607],[-84.767503,42.421553],[-84.757467,42.421555],[-84.718493,42.42152],[-84.718602,42.334535],[-84.718601,42.334476],[-84.718248,42.316392],[-84.718222,42.315601],[-84.718187,42.313998],[-84.717747,42.290683],[-84.717211,42.263883],[-84.717048,42.253944],[-84.716949,42.246918],[-84.715072,42.217335],[-84.714673,42.211025],[-84.713508,42.193691],[-84.713416,42.191869],[-84.71325,42.188188],[-84.713033,42.184606],[-84.711996,42.167176],[-84.711715,42.163014],[-84.711493,42.159339],[-84.711481,42.159146],[-84.711129,42.150451],[-84.710727,42.127726],[-84.710143,42.09937],[-84.710002,42.092901],[-84.709556,42.070366],[-84.772681,42.071486],[-84.796096,42.071918],[-84.807355,42.072114],[-84.826491,42.072468],[-84.856383,42.072485],[-84.884636,42.072468],[-84.899243,42.072502],[-84.909542,42.07245],[-84.924007,42.072493],[-84.942231,42.072571],[-84.961878,42.072682],[-85.050652,42.072868],[-85.050773,42.072867],[-85.060387,42.072855],[-85.080139,42.072784],[-85.119033,42.072606],[-85.128873,42.072535],[-85.130323,42.072533],[-85.130844,42.072532],[-85.135489,42.072526],[-85.139574,42.072543],[-85.148404,42.072501],[-85.156581,42.07249],[-85.15818,42.072487],[-85.16796,42.07253],[-85.176815,42.072539],[-85.196266,42.072414],[-85.255246,42.071985],[-85.293626,42.071553],[-85.293888,42.086092],[-85.29491,42.136983],[-85.295351,42.15825],[-85.296173,42.201874],[-85.296996,42.246071],[-85.297145,42.260487],[-85.297223,42.271728],[-85.297227,42.27272],[-85.297235,42.273136],[-85.297776,42.332815],[-85.297083,42.332832],[-85.297885,42.340156],[-85.297982,42.347325],[-85.298016,42.350727],[-85.298022,42.351714],[-85.29826,42.360633],[-85.298258,42.364322],[-85.298489,42.376503],[-85.29955,42.419455],[-85.298879,42.419849]]]}},{"type":"Feature","id":"26015","properties":{"id":"26015","FIPS":"26015","stateFIPS":"26","name":"Barry","state":"MI","sourceId":"census-counties-2024"},"geometry":{"type":"Polygon","coordinates":[[[-85.545564,42.768139],[-85.506478,42.768547],[-85.480538,42.768743],[-85.479314,42.768755],[-85.477012,42.768775],[-85.458215,42.769054],[-85.453023,42.768925],[-85.43757,42.769],[-85.43467,42.769011],[-85.432354,42.769022],[-85.427371,42.769048],[-85.40132,42.769206],[-85.40063,42.769265],[-85.384946,42.769303],[-85.358825,42.769528],[-85.325978,42.769727],[-85.309626,42.769878],[-85.307449,42.76988],[-85.306115,42.769875],[-85.291117,42.769834],[-85.271268,42.769743],[-85.192838,42.769758],[-85.153775,42.770176],[-85.15325,42.770284],[-85.140736,42.770289],[-85.12592,42.770345],[-85.125329,42.770399],[-85.074245,42.770784],[-85.074457,42.755888],[-85.074641,42.742891],[-85.074586,42.741444],[-85.075582,42.683589],[-85.075566,42.679404],[-85.075376,42.639713],[-85.075126,42.610733],[-85.075023,42.600839],[-85.075043,42.596279],[-85.074883,42.581876],[-85.074177,42.529013],[-85.074081,42.525971],[-85.074052,42.523703],[-85.073998,42.520037],[-85.073813,42.509173],[-85.073153,42.479518],[-85.071609,42.421428],[-85.081119,42.42135],[-85.12642,42.42097],[-85.128358,42.420941],[-85.133129,42.420937],[-85.155094,42.420835],[-85.181758,42.42067],[-85.189938,42.420598],[-85.193715,42.420618],[-85.211668,42.420548],[-85.248658,42.420181],[-85.249699,42.420174],[-85.261098,42.420143],[-85.277945,42.419978],[-85.298879,42.419849],[-85.308409,42.419832],[-85.338369,42.419728],[-85.415477,42.42016],[-85.418099,42.420194],[-85.425166,42.420197],[-85.454913,42.420743],[-85.525328,42.421508],[-85.525658,42.421509],[-85.52942,42.421517],[-85.532498,42.421522],[-85.543191,42.421433],[-85.54344,42.428353],[-85.543433,42.436173],[-85.543435,42.46529],[-85.543391,42.473658],[-85.543294,42.479811],[-85.543134,42.508836],[-85.543107,42.521458],[-85.543103,42.523318],[-85.543024,42.530583],[-85.543026,42.530737],[-85.543036,42.534177],[-85.543021,42.536477],[-85.543178,42.566475],[-85.543239,42.590905],[-85.543437,42.591674],[-85.543513,42.594812],[-85.54386,42.609355],[-85.544159,42.630868],[-85.544384,42.645402],[-85.544488,42.652785],[-85.544754,42.667163],[-85.545107,42.681428],[-85.54529,42.717795],[-85.545498,42.739523],[-85.545539,42.746739],[-85.545524,42.764938],[-85.545564,42.768139]]]}},{"type":"Feature","id":"26075","properties":{"id":"26075","FIPS":"26075","stateFIPS":"26","name":"Jackson","state":"MI","sourceId":"census-counties-2024"},"geometry":{"type":"Polygon","coordinates":[[[-84.718602,42.334535],[-84.718493,42.42152],[-84.708224,42.421558],[-84.64967,42.421789],[-84.648654,42.421797],[-84.644704,42.421808],[-84.624972,42.421816],[-84.610215,42.421888],[-84.600403,42.421984],[-84.591019,42.421951],[-84.580445,42.421953],[-84.540956,42.422051],[-84.538963,42.422046],[-84.521808,42.422048],[-84.506895,42.422066],[-84.50444,42.422087],[-84.482268,42.422111],[-84.462743,42.422079],[-84.433509,42.42205],[-84.413679,42.422047],[-84.408479,42.422049],[-84.364783,42.422147],[-84.364805,42.424694],[-84.355817,42.424663],[-84.334022,42.424715],[-84.327287,42.424711],[-84.319673,42.424735],[-84.297815,42.424628],[-84.29726,42.424656],[-84.258292,42.424745],[-84.250413,42.424765],[-84.248316,42.42476],[-84.225133,42.424858],[-84.214202,42.424863],[-84.206177,42.424867],[-84.200244,42.424867],[-84.140713,42.424611],[-84.131136,42.424567],[-84.131204,42.411014],[-84.131408,42.397525],[-84.131376,42.397317],[-84.13136,42.394506],[-84.131553,42.337111],[-84.131305,42.30669],[-84.131269,42.296814],[-84.131261,42.296572],[-84.131046,42.272476],[-84.131007,42.270182],[-84.130922,42.262211],[-84.130771,42.250035],[-84.131091,42.242566],[-84.131397,42.228389],[-84.132455,42.205875],[-84.132715,42.198596],[-84.132988,42.191344],[-84.13365,42.177766],[-84.134065,42.169251],[-84.134079,42.160182],[-84.133609,42.136521],[-84.133001,42.118596],[-84.132536,42.099972],[-84.131963,42.071577],[-84.170693,42.073372],[-84.179835,42.073791],[-84.190431,42.073822],[-84.20948,42.073598],[-84.223374,42.073454],[-84.247627,42.073266],[-84.267084,42.073291],[-84.312055,42.073351],[-84.315561,42.073359],[-84.3203,42.073392],[-84.321153,42.073378],[-84.335041,42.073421],[-84.335844,42.073425],[-84.363297,42.073456],[-84.363563,42.073454],[-84.368202,42.073437],[-84.372649,42.073419],[-84.411966,42.073139],[-84.420459,42.073069],[-84.435984,42.07303],[-84.445521,42.073],[-84.450197,42.072973],[-84.455606,42.072945],[-84.477935,42.072935],[-84.492651,42.072648],[-84.510967,42.072448],[-84.51669,42.072404],[-84.527279,42.07228],[-84.546048,42.072103],[-84.555194,42.072019],[-84.560181,42.071969],[-84.575025,42.071824],[-84.583881,42.071784],[-84.592936,42.07176],[-84.641764,42.071102],[-84.651131,42.070989],[-84.67559,42.070754],[-84.691055,42.070551],[-84.709556,42.070366],[-84.710002,42.092901],[-84.710143,42.09937],[-84.710727,42.127726],[-84.711129,42.150451],[-84.711481,42.159146],[-84.711493,42.159339],[-84.711715,42.163014],[-84.711996,42.167176],[-84.713033,42.184606],[-84.71325,42.188188],[-84.713416,42.191869],[-84.713508,42.193691],[-84.714673,42.211025],[-84.715072,42.217335],[-84.716949,42.246918],[-84.717048,42.253944],[-84.717211,42.263883],[-84.717747,42.290683],[-84.718187,42.313998],[-84.718222,42.315601],[-84.718248,42.316392],[-84.718601,42.334476],[-84.718602,42.334535]]]}},{"type":"Feature","id":"39001","properties":{"id":"39001","FIPS":"39001","stateFIPS":"39","name":"Adams","state":"OH","sourceId":"census-counties-2024"},"geometry":{"type":"Polygon","coordinates":[[[-83.7053141053281,38.6397614373579],[-83.702973,38.684271],[-83.699098,38.730004],[-83.696194,38.761722],[-83.695551,38.768614],[-83.694864,38.776002],[-83.693958,38.785719],[-83.693043,38.795762],[-83.691741,38.80941],[-83.691393,38.812926],[-83.691069,38.816394],[-83.689024,38.83825],[-83.686963,38.860307],[-83.686288,38.867528],[-83.683044,38.906197],[-83.681744,38.921212],[-83.67963,38.947422],[-83.679427,38.949675],[-83.677647,38.96961],[-83.675159,38.999217],[-83.674861,38.999653],[-83.673018,39.02043],[-83.658964,39.020034],[-83.625091,39.019073],[-83.611592,39.01889],[-83.596947,39.021707],[-83.586279,39.023613],[-83.55679,39.028673],[-83.51548,39.035523],[-83.511393,39.036379],[-83.502043,39.037771],[-83.498321,39.038213],[-83.484371,39.040377],[-83.483577,39.040499],[-83.474897,39.041785],[-83.443386,39.046489],[-83.441754,39.046769],[-83.385637,39.055197],[-83.325965,39.052822],[-83.314589,39.052195],[-83.31377,39.047828],[-83.312963,39.046736],[-83.309428,39.045993],[-83.308801,39.044694],[-83.310529,39.04322],[-83.30918,39.041477],[-83.30811,39.04026],[-83.306426,39.040725],[-83.303075,39.039053],[-83.301409,39.036963],[-83.298635,39.03567],[-83.297211,39.035668],[-83.295647,39.033836],[-83.294007,39.033342],[-83.291353,39.030455],[-83.288131,39.029845],[-83.288087,39.027748],[-83.285466,39.023988],[-83.282162,39.023929],[-83.280705,39.022082],[-83.278424,39.021698],[-83.275042,39.020339],[-83.270817,39.015791],[-83.269205,38.930047],[-83.268912,38.907753],[-83.268856,38.903578],[-83.268578,38.882521],[-83.268434,38.849646],[-83.268399,38.839201],[-83.268235,38.79189],[-83.268262,38.79128],[-83.268077,38.755888],[-83.268207,38.742787],[-83.268186,38.709889],[-83.268233,38.620223],[-83.268245,38.618529],[-83.2670668881558,38.6181775965671],[-83.26851,38.615104],[-83.286514,38.599241],[-83.2867152235238,38.5991337260506],[-83.288885,38.597977],[-83.294193,38.596588],[-83.301951,38.598178],[-83.3054043740387,38.5997317540735],[-83.307832,38.600824],[-83.311448,38.603314],[-83.317542,38.609242],[-83.3176528449207,38.6094546601397],[-83.319101,38.612233],[-83.320099,38.616043],[-83.320531,38.622713],[-83.322383,38.630615],[-83.327636,38.637489],[-83.340004,38.645674],[-83.356445,38.654009],[-83.366661,38.658537],[-83.3759244688216,38.6613580294015],[-83.376302,38.661473],[-83.384755,38.663171],[-83.3943597561252,38.6643425521326],[-83.412039,38.666499],[-83.420194,38.668428],[-83.4374815344877,38.669226083606],[-83.440404,38.669361],[-83.446989,38.670143],[-83.4566943863917,38.6738280771696],[-83.457055,38.673965],[-83.459809,38.673617],[-83.468059,38.67547],[-83.472157,38.678123],[-83.47642,38.682261],[-83.486477,38.690099],[-83.493342,38.694187],[-83.504365,38.699256],[-83.512571,38.701716],[-83.520953,38.703045],[-83.533339,38.702105],[-83.549298,38.698787],[-83.56187,38.695371],[-83.569098,38.692842],[-83.5750023722239,38.6917675865918],[-83.575121,38.691746],[-83.5880059177524,38.6894722812637],[-83.5911840781091,38.6889114517041],[-83.591912,38.688783],[-83.595889,38.687088],[-83.601572,38.683938],[-83.60491,38.684848],[-83.609095,38.685013],[-83.614136,38.68397],[-83.6204648190644,38.6817015049451],[-83.6265364693615,38.6795251891847],[-83.626922,38.679387],[-83.629281,38.676273],[-83.634212,38.671371],[-83.63696,38.666023],[-83.640478,38.648277],[-83.644181,38.637833],[-83.6451247920466,38.6364649596839],[-83.648301,38.631861],[-83.653039,38.629366],[-83.657142,38.62791],[-83.664143,38.626754],[-83.671443,38.627381],[-83.686037,38.631867],[-83.704006,38.639724],[-83.7053141053281,38.6397614373579]]]}},{"type":"Feature","id":"39081","properties":{"id":"39081","FIPS":"39081","stateFIPS":"39","name":"Jefferson","state":"OH","sourceId":"census-counties-2024"},"geometry":{"type":"Polygon","coordinates":[[[-80.941129,40.443829],[-80.940779,40.447451],[-80.940676,40.455362],[-80.940512,40.458667],[-80.940153,40.468349],[-80.924705,40.467977],[-80.924192,40.472166],[-80.924337,40.47624],[-80.923884,40.47889],[-80.92377,40.48371],[-80.923578,40.489807],[-80.922377,40.523134],[-80.921099,40.552911],[-80.92092,40.556315],[-80.880657,40.555674],[-80.863567,40.555411],[-80.863219,40.564951],[-80.862125,40.595574],[-80.861994,40.599404],[-80.830547,40.598528],[-80.822859,40.598385],[-80.81791,40.598305],[-80.810537,40.598149],[-80.747736,40.596959],[-80.747112,40.596991],[-80.74732,40.583327],[-80.73876,40.583199],[-80.719799,40.583103],[-80.708046,40.582975],[-80.670317,40.582529],[-80.667957,40.582496],[-80.667781,40.578096],[-80.666917,40.573664],[-80.662708,40.570176],[-80.655316,40.565184],[-80.652436,40.562544],[-80.64138,40.548417],[-80.6408472606038,40.5477915962752],[-80.633107,40.538705],[-80.630483,40.537921],[-80.627507,40.535793],[-80.6260204364162,40.5315124132948],[-80.623289329261,40.5236481408842],[-80.622195,40.520497],[-80.621470416945,40.5159462649598],[-80.620883,40.512257],[-80.618003,40.502049],[-80.6135568408794,40.4958144361264],[-80.609058,40.489506],[-80.60245,40.484226],[-80.5997942180974,40.482872007998],[-80.599194,40.482566],[-80.5980391006271,40.4802874147507],[-80.5964428085996,40.4771379737235],[-80.595494,40.475266],[-80.594794,40.471366],[-80.596094,40.463366],[-80.5964834700073,40.4624808408925],[-80.598294,40.458366],[-80.5986695172156,40.4578367306119],[-80.6028794069666,40.4519031390746],[-80.6028924180247,40.4518848007549],[-80.604395,40.449767],[-80.604895,40.446667],[-80.611195,40.437767],[-80.6114681704896,40.4370468232546],[-80.612295,40.434867],[-80.612995,40.429367],[-80.612295,40.418567],[-80.6125319470831,40.4121101919866],[-80.6126588688745,40.4086515731697],[-80.612695,40.407667],[-80.6118851899509,40.404247802015],[-80.611795,40.403867],[-80.612195,40.402667],[-80.615195,40.399867],[-80.628096,40.395867],[-80.6296993745958,40.3950066526559],[-80.632196,40.393667],[-80.633596,40.390467],[-80.6317432884084,40.3858361473768],[-80.631596,40.385468],[-80.63074,40.3849],[-80.619196,40.381768],[-80.614396,40.378768],[-80.6116803751023,40.3765728554326],[-80.6116764964061,40.3765697201326],[-80.609695,40.374968],[-80.6096877372654,40.3749493243968],[-80.607595,40.369568],[-80.608695,40.361968],[-80.6092254019393,40.3608049128708],[-80.610255589472,40.3585458753919],[-80.611796,40.355168],[-80.612796,40.347668],[-80.610796,40.340868],[-80.6076122950621,40.3356300579056],[-80.602895,40.327869],[-80.6028946825271,40.3278681137216],[-80.600495,40.321169],[-80.599895,40.317669],[-80.6004073102762,40.3158588370241],[-80.6019312871642,40.3104741186866],[-80.602895,40.307069],[-80.606596,40.303869],[-80.6073918613342,40.3027279457979],[-80.61096068019,40.2976112055107],[-80.614896,40.291969],[-80.6150135465397,40.2915544937809],[-80.616796,40.285269],[-80.6164960818822,40.278771273979],[-80.616196,40.27227],[-80.6188276252255,40.2662446729761],[-80.619297,40.26517],[-80.622497,40.26177],[-80.6227947536613,40.2616170548278],[-80.637098,40.25427],[-80.637198,40.25507],[-80.644598,40.25127],[-80.6471727889306,40.2491071772983],[-80.652098,40.24497],[-80.6531979608641,40.2432030750417],[-80.6531998861081,40.243199982421],[-80.6615358809184,40.229809435755],[-80.661543,40.229798],[-80.664299,40.21917],[-80.6645832119675,40.2173369749158],[-80.666299,40.206271],[-80.6681,40.199671],[-80.6726,40.192371],[-80.6764935647059,40.1890336588235],[-80.679061435063,40.1868326270888],[-80.6796,40.186371],[-80.6818121778124,40.1855662376397],[-80.682008,40.185495],[-80.683705,40.184215],[-80.686137,40.181607],[-80.6875433419407,40.1795670616009],[-80.6914214134304,40.1739418102182],[-80.6999360025716,40.161591160039],[-80.7029242071106,40.1572566856078],[-80.708403,40.157444],[-80.709388,40.157571],[-80.710177,40.157534],[-80.765853,40.159847],[-80.766269,40.155111],[-80.775429,40.155423],[-80.785422,40.155847],[-80.800469,40.156566],[-80.804625,40.156374],[-80.849572,40.158401],[-80.862355,40.158837],[-80.882892,40.159495],[-80.881898,40.178178],[-80.881595,40.183308],[-80.880461,40.203999],[-80.879975,40.213001],[-80.879968,40.213139],[-80.879916,40.214164],[-80.880232,40.215047],[-80.879878,40.21549],[-80.879808,40.216926],[-80.878245,40.247677],[-80.876621,40.275596],[-80.875632,40.291779],[-80.875452,40.295929],[-80.874868,40.309486],[-80.873725,40.328963],[-80.873711,40.329186],[-80.872797,40.350107],[-80.872194,40.360739],[-80.872129,40.365698],[-80.872266,40.373721],[-80.871553,40.379458],[-80.867201,40.379378],[-80.867057,40.381714],[-80.866546,40.392586],[-80.866113,40.407738],[-80.866026,40.408445],[-80.865504,40.422929],[-80.871488,40.423281],[-80.877739,40.423264],[-80.889837,40.423592],[-80.889934,40.423349],[-80.941911,40.4247],[-80.941129,40.443829]]]}},{"type":"Feature","id":"26073","properties":{"id":"26073","FIPS":"26073","stateFIPS":"26","name":"Isabella","state":"MI","sourceId":"census-counties-2024"},"geometry":{"type":"Polygon","coordinates":[[[-85.088811,43.813676],[-85.008888,43.813971],[-84.969706,43.813772],[-84.969073,43.813768],[-84.88711,43.814034],[-84.875016,43.813817],[-84.873334,43.814197],[-84.866685,43.814198],[-84.849532,43.814314],[-84.84369,43.814342],[-84.828335,43.814449],[-84.808398,43.814557],[-84.78346,43.814646],[-84.771602,43.814709],[-84.768358,43.814728],[-84.760667,43.814692],[-84.753453,43.814838],[-84.753349,43.814841],[-84.752405,43.814842],[-84.751693,43.81482],[-84.728443,43.814995],[-84.707157,43.815053],[-84.606037,43.815365],[-84.606296,43.78575],[-84.606944,43.727957],[-84.607604,43.677035],[-84.60796,43.640734],[-84.6081,43.625965],[-84.607909,43.614624],[-84.60786,43.611555],[-84.607828,43.597219],[-84.607825,43.597046],[-84.607796,43.553628],[-84.607692,43.52395],[-84.607655,43.514925],[-84.607609,43.505783],[-84.60754,43.466006],[-84.6583,43.466057],[-84.662364,43.466054],[-84.667261,43.46605],[-84.673695,43.466072],[-84.682283,43.46608],[-84.68716,43.466112],[-84.718118,43.466184],[-84.726798,43.466236],[-84.736895,43.466235],[-84.742504,43.466238],[-84.746672,43.466234],[-84.766636,43.466288],[-84.786682,43.466274],[-84.796665,43.466263],[-84.802274,43.466257],[-84.829909,43.466222],[-84.836323,43.466225],[-84.845962,43.466158],[-84.905771,43.466184],[-84.944773,43.466242],[-84.965497,43.466135],[-84.965747,43.466224],[-85.005188,43.466052],[-85.084996,43.46619],[-85.085672,43.552476],[-85.085782,43.566919],[-85.085892,43.577897],[-85.086011,43.595778],[-85.086411,43.637576],[-85.086551,43.639527],[-85.087287,43.726536],[-85.087978,43.755553],[-85.088293,43.760264],[-85.088811,43.813676]]]}},{"type":"Feature","id":"26125","properties":{"id":"26125","FIPS":"26125","stateFIPS":"26","name":"Oakland","state":"MI","sourceId":"census-counties-2024"},"geometry":{"type":"Polygon","coordinates":[[[-83.689384,42.871263],[-83.67056,42.871594],[-83.669826,42.871607],[-83.649939,42.871965],[-83.630422,42.87232],[-83.598002,42.872886],[-83.594453,42.872947],[-83.58131,42.87313],[-83.57105,42.873277],[-83.56196,42.873645],[-83.550951,42.874094],[-83.532327,42.87452],[-83.523904,42.874665],[-83.51259,42.874886],[-83.473613,42.875776],[-83.472013,42.875747],[-83.458729,42.876056],[-83.454895,42.876133],[-83.453297,42.876307],[-83.453364,42.880432],[-83.448457,42.880526],[-83.446539,42.880501],[-83.405807,42.881322],[-83.372988,42.882037],[-83.356447,42.882387],[-83.336678,42.882788],[-83.305489,42.883391],[-83.261321,42.884531],[-83.236709,42.88516],[-83.221913,42.885543],[-83.221744,42.885545],[-83.202847,42.886026],[-83.181203,42.886617],[-83.1437,42.887896],[-83.138511,42.888025],[-83.132496,42.888155],[-83.102891,42.888647],[-83.102229,42.87321],[-83.102092,42.869439],[-83.102043,42.865603],[-83.101755,42.858715],[-83.101426,42.851566],[-83.100531,42.829654],[-83.099432,42.80055],[-83.098363,42.777889],[-83.098,42.770547],[-83.097629,42.763296],[-83.096835,42.743102],[-83.096669,42.74154],[-83.095441,42.712499],[-83.095039,42.70407],[-83.094793,42.696985],[-83.094156,42.6825],[-83.093791,42.674745],[-83.093962,42.673709],[-83.093706,42.67361],[-83.093492,42.671311],[-83.093458,42.66782],[-83.09314,42.660336],[-83.092833,42.653335],[-83.092491,42.646016],[-83.092151,42.638772],[-83.091795,42.631611],[-83.091789,42.63149],[-83.091449,42.624208],[-83.091039,42.614622],[-83.091026,42.614307],[-83.090687,42.60747],[-83.090185,42.597876],[-83.0899,42.593009],[-83.089677,42.586832],[-83.08961,42.585061],[-83.089366,42.57845],[-83.089068,42.571081],[-83.08905,42.570721],[-83.088786,42.56411],[-83.088776,42.563843],[-83.088618,42.56036],[-83.088157,42.549379],[-83.087637,42.543337],[-83.087406,42.540709],[-83.087276,42.539324],[-83.086882,42.534792],[-83.086464,42.525258],[-83.086246,42.520018],[-83.085946,42.512614],[-83.085924,42.512106],[-83.085625,42.505205],[-83.085482,42.501613],[-83.085356,42.498046],[-83.085122,42.49076],[-83.084846,42.484132],[-83.084836,42.483849],[-83.084523,42.476345],[-83.084369,42.469044],[-83.084172,42.465448],[-83.083958,42.461825],[-83.083699,42.455071],[-83.083696,42.455016],[-83.083499,42.449139],[-83.083393,42.447153],[-83.088295,42.447048],[-83.090247,42.446994],[-83.0947,42.446865],[-83.094929,42.446862],[-83.097421,42.44682],[-83.102875,42.44714],[-83.109626,42.446959],[-83.112342,42.446809],[-83.11263,42.446799],[-83.117492,42.446719],[-83.124708,42.446578],[-83.136553,42.446345],[-83.14206,42.446229],[-83.147211,42.446115],[-83.150944,42.446031],[-83.151986,42.446007],[-83.161516,42.445794],[-83.171265,42.445545],[-83.181005,42.445343],[-83.187057,42.44522],[-83.190798,42.445147],[-83.200522,42.444839],[-83.203382,42.444751],[-83.203632,42.444746],[-83.204896,42.444716],[-83.210254,42.444568],[-83.216746,42.444414],[-83.219631,42.444349],[-83.219806,42.444346],[-83.225608,42.444219],[-83.226042,42.44421],[-83.239423,42.443918],[-83.250371,42.443628],[-83.258867,42.443403],[-83.268509,42.443156],[-83.278263,42.442868],[-83.278517,42.442864],[-83.287803,42.442683],[-83.297426,42.442488],[-83.312072,42.442121],[-83.316825,42.442033],[-83.320551,42.441944],[-83.330184,42.441725],[-83.336456,42.441575],[-83.346035,42.441339],[-83.346305,42.441333],[-83.355901,42.441086],[-83.365563,42.440842],[-83.365711,42.440838],[-83.367896,42.440774],[-83.375469,42.440557],[-83.385307,42.440276],[-83.39477,42.440028],[-83.399629,42.43991],[-83.414357,42.439523],[-83.423917,42.439263],[-83.431866,42.439006],[-83.433672,42.438942],[-83.433734,42.43894],[-83.453068,42.438308],[-83.453704,42.43829],[-83.46021,42.438103],[-83.464412,42.437978],[-83.473887,42.437654],[-83.473957,42.437652],[-83.483248,42.437415],[-83.493009,42.437098],[-83.497209,42.436961],[-83.512502,42.436482],[-83.551907,42.435166],[-83.566706,42.43467],[-83.571328,42.434513],[-83.59031,42.433857],[-83.62974,42.432438],[-83.659045,42.431359],[-83.664808,42.431179],[-83.66533,42.439551],[-83.665561,42.443129],[-83.665724,42.445659],[-83.666089,42.45044],[-83.666089,42.451309],[-83.666194,42.452875],[-83.666694,42.460615],[-83.667209,42.467171],[-83.667677,42.474408],[-83.667685,42.474668],[-83.667675,42.475284],[-83.66963,42.502961],[-83.669621,42.503392],[-83.670751,42.517277],[-83.670849,42.51863],[-83.670904,42.519609],[-83.671567,42.533021],[-83.671868,42.533601],[-83.672903,42.547901],[-83.674115,42.562762],[-83.67408,42.562836],[-83.675502,42.580848],[-83.677047,42.605075],[-83.677115,42.606255],[-83.679105,42.63542],[-83.681003,42.664576],[-83.68278,42.69558],[-83.685139,42.744746],[-83.686493,42.783263],[-83.686678,42.789025],[-83.686724,42.790435],[-83.686818,42.793351],[-83.686954,42.797908],[-83.687022,42.79828],[-83.687374,42.812434],[-83.687476,42.819585],[-83.688597,42.842008],[-83.689384,42.871263]]]}},{"type":"Feature","id":"26047","properties":{"id":"26047","FIPS":"26047","stateFIPS":"26","name":"Emmet","state":"MI","sourceId":"census-counties-2024"},"geometry":{"type":"MultiPolygon","coordinates":[[[[-85.03905,45.764318],[-85.037115,45.765426],[-85.035033,45.764475],[-85.027628,45.764583],[-85.026999,45.766109],[-85.019584,45.764219],[-85.019512,45.762975],[-85.021295,45.762627],[-85.023873,45.760744],[-85.025493,45.762843],[-85.03403,45.760978],[-85.035418,45.762753],[-85.036717039207,45.7628445686378],[-85.038993,45.763005],[-85.03905,45.764318]]],[[[-85.074442,45.76589],[-85.070845,45.766012],[-85.069079,45.766712],[-85.066463,45.76624],[-85.0652931896322,45.7664663314697],[-85.064654,45.76659],[-85.061384,45.765419],[-85.05866,45.764598],[-85.055848,45.764887],[-85.055172,45.7644],[-85.056611,45.763564],[-85.059902,45.76183],[-85.067553,45.762013],[-85.069101,45.762971],[-85.07309,45.762362],[-85.074943,45.764583],[-85.074442,45.76589]]],[[[-85.118637,45.575175],[-85.116914,45.579649],[-85.111909,45.585829],[-85.1117373884638,45.585962413407],[-85.1077435368451,45.5890672941368],[-85.093525,45.600121],[-85.091276,45.604195],[-85.091433,45.605929],[-85.088761,45.608927],[-85.084803,45.611686],[-85.079528,45.617083],[-85.0760055226345,45.6231386905255],[-85.075686,45.623688],[-85.07491,45.629242],[-85.071025,45.632213],[-85.070333,45.633952],[-85.068914,45.635276],[-85.066783,45.6357],[-85.064384,45.637291],[-85.063265,45.638555],[-85.061488,45.639505],[-85.058732,45.639733],[-85.054425,45.639855],[-85.050773,45.640949],[-85.0480657504214,45.6422708517532],[-85.044979,45.643778],[-85.043418,45.645397],[-85.042308,45.645483],[-85.040944,45.645103],[-85.038108,45.645819],[-85.03287,45.648064],[-85.030829,45.648137],[-85.02807,45.649277],[-85.026291,45.648892],[-85.019385,45.650577],[-85.017954,45.651299],[-85.015341,45.651564],[-85.007026,45.65636],[-85.001154,45.661225],[-84.999737,45.664904],[-84.9980827211158,45.6672295240651],[-84.996336,45.669685],[-84.99491,45.672457],[-84.994083,45.675645],[-84.994458,45.677627],[-84.992958,45.679983],[-84.987847,45.682997],[-84.98573,45.681555],[-84.98281,45.681163],[-84.980769,45.681388],[-84.975768,45.683174],[-84.97095,45.686334],[-84.96831,45.689057],[-84.965885,45.694043],[-84.961613,45.698065],[-84.958888,45.698144],[-84.956643,45.699946],[-84.954343,45.701817],[-84.953041,45.704718],[-84.951003,45.707421],[-84.946709,45.708512],[-84.944631,45.70904],[-84.943756,45.71029],[-84.942694,45.714085],[-84.9426521062117,45.7143435167238],[-84.941962,45.718602],[-84.940526,45.721832],[-84.9404420237773,45.7253899925782],[-84.940442,45.725391],[-84.942125,45.72846],[-84.950883,45.737292],[-84.957946,45.743385],[-84.960956,45.745082],[-84.965501,45.745539],[-84.968702,45.745457],[-84.969792,45.744978],[-84.972762,45.749826],[-84.976878,45.75264],[-84.980432,45.752816],[-84.984041,45.752029],[-84.999606,45.755335],[-85.002708,45.754115],[-85.010321,45.756161],[-85.010942,45.757184],[-85.013705,45.758089],[-85.0141,45.759545],[-85.009419,45.759309],[-85.008347,45.761669],[-84.99752,45.758404],[-84.994801,45.758243],[-84.981729,45.758443],[-84.979812,45.757695],[-84.97186,45.758482],[-84.966186,45.757879],[-84.960668,45.758525],[-84.948907,45.758797],[-84.943211,45.7586],[-84.938312,45.759892],[-84.924516,45.756778],[-84.9144178839116,45.7519370841701],[-84.913876719545,45.7516776564585],[-84.910398,45.75001],[-84.908303,45.747425],[-84.905596,45.746362],[-84.897306,45.74715],[-84.891666,45.749668],[-84.8887208970436,45.7522525817324],[-84.887606,45.753231],[-84.8874994629529,45.7533782090851],[-84.886257,45.755095],[-84.882756,45.756525],[-84.878717,45.756238],[-84.878344803493,45.7561111849682],[-84.8673458369208,45.7523636100469],[-84.858818,45.749458],[-84.853254972008,45.7487561600596],[-84.851177,45.748494],[-84.847453,45.746433],[-84.840981,45.744751],[-84.837245,45.744788],[-84.832283,45.746638],[-84.828335,45.749786],[-84.827094,45.751951],[-84.825425,45.752725],[-84.82243,45.752512],[-84.820455,45.751325],[-84.818498,45.750751],[-84.81621,45.748488],[-84.813785,45.748015],[-84.811163,45.745696],[-84.807907,45.744918],[-84.801194,45.746309],[-84.796055,45.747956],[-84.793798538395,45.7492857359239],[-84.792634,45.749972],[-84.791573,45.751453],[-84.78852,45.752069],[-84.781583,45.760135],[-84.778933,45.766115],[-84.779102,45.768987],[-84.780794,45.77119],[-84.783275,45.771583],[-84.7847648534941,45.7714487981554],[-84.7866111898172,45.7712824853324],[-84.786772,45.771268],[-84.787455,45.772068],[-84.786996,45.774849],[-84.787631,45.776085],[-84.79228,45.778747],[-84.79302,45.780448],[-84.791643,45.782038],[-84.778709,45.787787],[-84.7740170919342,45.7889820788714],[-84.772765,45.789301],[-84.7695367103002,45.7884430642407],[-84.7648127548759,45.7871876470817],[-84.762229,45.786501],[-84.751571,45.782733],[-84.743582,45.783599],[-84.739438,45.784924],[-84.736995,45.786604],[-84.732481,45.788211],[-84.7323981506334,45.7882094899038],[-84.732087,45.767246],[-84.732073,45.764501],[-84.731766,45.72382],[-84.731584,45.70904],[-84.731593,45.708461],[-84.731629,45.699518],[-84.731666,45.680464],[-84.731576,45.670882],[-84.731527,45.665303],[-84.730915,45.637123],[-84.730947,45.633176],[-84.730608,45.579301],[-84.730631,45.571231],[-84.730677,45.550985],[-84.730542,45.522106],[-84.730518,45.493202],[-84.730346,45.471686],[-84.730288,45.464356],[-84.729865,45.401098],[-84.729895,45.398143],[-84.730011,45.388855],[-84.730199,45.379894],[-84.730354,45.376159],[-84.731212,45.346767],[-84.732687,45.289382],[-84.83934,45.290434],[-84.843966,45.290481],[-84.854005,45.290641],[-84.911525,45.291085],[-84.913724,45.29129],[-84.95592,45.291586],[-84.964787,45.291601],[-84.966714,45.286411],[-84.967316,45.281499],[-84.966294,45.277016],[-84.964154,45.272406],[-84.964347,45.271674],[-84.966633,45.271045],[-84.972303,45.271274],[-84.975397,45.27185],[-84.976557,45.272176],[-84.984615,45.274307],[-84.986824,45.274621],[-84.989372,45.274723],[-84.99146,45.274597],[-84.992329,45.274481],[-84.998114,45.272751],[-85.000052,45.272169],[-85.00097,45.272137],[-85.003474,45.273043],[-85.006681,45.275624],[-85.010235,45.277639],[-85.012769,45.279659],[-85.01416,45.281456],[-85.017192,45.288313],[-85.018894,45.28957],[-85.017563,45.292142],[-85.015872,45.293434],[-85.015019,45.294999],[-85.015318,45.297006],[-85.016439,45.299101],[-85.020909,45.305724],[-85.022839,45.310089],[-85.026947,45.314352],[-85.033841,45.319074],[-85.036185,45.321214],[-85.036932,45.322809],[-85.038259,45.32745],[-85.039173,45.328795],[-85.04389,45.332369],[-85.045967,45.334655],[-85.057176,45.334787],[-85.076273,45.335666],[-85.096533,45.335743],[-85.096123,45.355316],[-85.096107,45.359419],[-85.096038,45.363518],[-85.096019,45.363933],[-85.0960000607713,45.3665247082506],[-85.095158,45.366523],[-85.0945365360445,45.3664855120277],[-85.090997,45.366272],[-85.089205,45.365624],[-85.085154,45.365903],[-85.08403974881,45.3658671193702],[-85.0729386390266,45.365509646285],[-85.07031,45.365425],[-85.0566862444328,45.3647267034923],[-85.055658,45.364674],[-85.043101,45.361506],[-85.037772,45.362091],[-85.033668,45.364],[-85.024451,45.367984],[-85.017685,45.369013],[-85.012966,45.371091],[-85.010317,45.37085],[-85.009366,45.369848],[-85.000577,45.370363],[-84.998431,45.37004],[-84.993861,45.368151],[-84.990444,45.36853],[-84.987287,45.368817],[-84.9854860917646,45.3694293717688],[-84.984999,45.369595],[-84.981267,45.371846],[-84.978162,45.372425],[-84.972908,45.374245],[-84.969215,45.375686],[-84.9645764835311,45.3766127114008],[-84.9633190825761,45.3768639227112],[-84.962668,45.376994],[-84.9623580910808,45.376818206324],[-84.9622490377833,45.3767563466005],[-84.9613376441839,45.3762393649285],[-84.9607283599454,45.3758937526876],[-84.960586,45.375813],[-84.958447,45.376961],[-84.955565,45.377692],[-84.952836,45.380071],[-84.945989,45.382486],[-84.942687,45.384767],[-84.941273,45.384817],[-84.93711,45.386915],[-84.9354,45.386944],[-84.929937,45.386995],[-84.928276,45.387717],[-84.924569,45.390988],[-84.923017782734,45.3913664194431],[-84.9179504273538,45.3926026007591],[-84.91585,45.393115],[-84.9157559516257,45.39329546926],[-84.914543,45.395623],[-84.912995,45.399239],[-84.912537,45.402828],[-84.912956,45.409776],[-84.9140640256428,45.4134372629256],[-84.914185,45.413837],[-84.916165,45.417639],[-84.9165874260938,45.4179481716403],[-84.9193177550006,45.4199464863255],[-84.922006,45.421914],[-84.925227,45.422896],[-84.927823,45.42279],[-84.930262,45.423095],[-84.938526,45.424518],[-84.943035,45.424578],[-84.950188,45.42603],[-84.955816,45.427586],[-84.964666,45.427453],[-84.9710684810326,45.4273778595913],[-84.972079,45.427366],[-84.9778086433403,45.4292933478741],[-84.979077,45.42972],[-84.985403,45.429462],[-84.990865,45.42812],[-84.991186,45.425246],[-84.9908694262435,45.4250724538695],[-84.9877565891728,45.4233659926819],[-84.983375,45.420964],[-84.9778341895321,45.420282826277],[-84.977193,45.420204],[-84.976717,45.419338],[-84.977542,45.418436],[-84.9799051268873,45.4187009915643],[-84.985131,45.419287],[-84.989163,45.421268],[-84.9903089558831,45.4215144664389],[-84.991697,45.421813],[-84.9931075497463,45.4226880224442],[-84.9946930698304,45.4236715862376],[-85.000015,45.426973],[-85.00373,45.426972],[-85.006437,45.428144],[-85.0122327721155,45.4311441643892],[-85.012982,45.431532],[-85.01578,45.432242],[-85.020739,45.432386],[-85.023617,45.433412],[-85.027449,45.433558],[-85.029552,45.434048],[-85.032055,45.43489],[-85.03695,45.434902],[-85.038286,45.436072],[-85.040936,45.436701],[-85.045581,45.439806],[-85.047328,45.442156],[-85.050018,45.444038],[-85.0507746026909,45.4444773035346],[-85.05519,45.447041],[-85.056671,45.448743],[-85.059231,45.450825],[-85.06247,45.451289],[-85.063715,45.453174],[-85.0646756251959,45.4538536968516],[-85.066666,45.455262],[-85.068537,45.456976],[-85.069573,45.459239],[-85.071717,45.461559],[-85.07429,45.463675],[-85.077892,45.46752],[-85.08097,45.470769],[-85.083877,45.473183],[-85.088386,45.476928],[-85.090353,45.478097],[-85.091773,45.478929],[-85.0919832034837,45.4792127531657],[-85.093725,45.481564],[-85.094386,45.48422],[-85.095744,45.487637],[-85.096311,45.492163],[-85.098246,45.499802],[-85.100701,45.504671],[-85.102025,45.508014],[-85.105669,45.512126],[-85.108848,45.518485],[-85.109252,45.521626],[-85.111092,45.527099],[-85.111796,45.530673],[-85.115479,45.539406],[-85.115863,45.542079],[-85.115557,45.545347],[-85.1159576599533,45.547617873372],[-85.116415,45.55021],[-85.116679559943,45.5508530452203],[-85.117669,45.553258],[-85.11762,45.557209],[-85.117238,45.561804],[-85.119737,45.569026],[-85.118637,45.575175]]]]}},{"type":"Feature","id":"26097","properties":{"id":"26097","FIPS":"26097","stateFIPS":"26","name":"Mackinac","state":"MI","sourceId":"census-counties-2024"},"geometry":{"type":"MultiPolygon","coordinates":[[[[-84.202475,45.969345],[-84.20195,45.970356],[-84.199837,45.970018],[-84.199237,45.969148],[-84.20004,45.968402],[-84.199942,45.96716],[-84.201157,45.966921],[-84.203134,45.968473],[-84.202475,45.969345]]],[[[-84.2155205820842,45.9849707952617],[-84.114186,45.985152],[-84.1141605209354,45.9815564083209],[-84.117005,45.983348],[-84.122425,45.983084],[-84.124801,45.981895],[-84.125562,45.980045],[-84.128604,45.981564],[-84.132312,45.980904],[-84.133548,45.979252],[-84.132164,45.975881],[-84.137327,45.978046],[-84.1422,45.979863],[-84.144576,45.97945],[-84.146715,45.978129],[-84.145379,45.974751],[-84.149562,45.9734],[-84.154559,45.973917],[-84.161335,45.974248],[-84.161587,45.975193],[-84.168003,45.977229],[-84.169971,45.978385],[-84.171216,45.978108],[-84.171421,45.977231],[-84.172407,45.976989],[-84.173856,45.977415],[-84.176488,45.980023],[-84.180282,45.982291],[-84.182537,45.981152],[-84.183656,45.978851],[-84.182177,45.977665],[-84.178796,45.976664],[-84.177787,45.975985],[-84.176987,45.974331],[-84.17393,45.972926],[-84.169116,45.966714],[-84.170323,45.965557],[-84.171934,45.965813],[-84.17806,45.969175],[-84.179159,45.972926],[-84.180159,45.975548],[-84.182999,45.976419],[-84.188684,45.976481],[-84.192915,45.977036],[-84.196323,45.978097],[-84.196874,45.978747],[-84.199174,45.979468],[-84.200662,45.978855],[-84.1989,45.975983],[-84.196847,45.975566],[-84.194021,45.972651],[-84.194853,45.97199],[-84.198412,45.972854],[-84.201648,45.975472],[-84.205185,45.97689],[-84.212077,45.981102],[-84.213979,45.983662],[-84.2155205820842,45.9849707952617]]],[[[-84.4335926141846,45.9260019731567],[-84.432949,45.926734],[-84.4327904234933,45.9266693210483],[-84.431196,45.926019],[-84.427919,45.920662],[-84.427927,45.91893],[-84.4281480569028,45.9187819682969],[-84.428708,45.918407],[-84.4291483389906,45.9185874050427],[-84.42976,45.918838],[-84.432163,45.924216],[-84.433808,45.925757],[-84.4335926141846,45.9260019731567]]],[[[-84.437612,45.981351],[-84.435721,45.981649],[-84.422041,45.974696],[-84.422224,45.973202],[-84.424985,45.973778],[-84.437244,45.980269],[-84.437612,45.981351]]],[[[-84.582692,45.96312],[-84.579193,45.967568],[-84.577412,45.969795],[-84.574955,45.970654],[-84.57269,45.968738],[-84.568041,45.968083],[-84.563933,45.966408],[-84.561909,45.963469],[-84.561829,45.959077],[-84.56239,45.956844],[-84.564633,45.954234],[-84.566636,45.953637],[-84.56795,45.952484],[-84.573143,45.954969],[-84.575833,45.955294],[-84.580852,45.958792],[-84.581578,45.959925],[-84.582692,45.96312]]],[[[-84.59024,45.812801],[-84.58905,45.816372],[-84.586296,45.816238],[-84.584632,45.816983],[-84.583232,45.818865],[-84.579385,45.81985],[-84.573729,45.819442],[-84.566629,45.817285],[-84.561072,45.815323],[-84.550385,45.811016],[-84.542872,45.808893],[-84.538048,45.807855],[-84.535773,45.808114],[-84.533978,45.808861],[-84.532424,45.808941],[-84.524836,45.808061],[-84.518205,45.808954],[-84.514714,45.809759],[-84.513157,45.810674],[-84.509073,45.81112],[-84.506138,45.810915],[-84.502687,45.810323],[-84.497404,45.807828],[-84.494186,45.805837],[-84.47435,45.798685],[-84.46096,45.795872],[-84.445554,45.791445],[-84.438713,45.788137],[-84.433724,45.78671],[-84.428691,45.787458],[-84.424083,45.790178],[-84.421321,45.792701],[-84.420928,45.794346],[-84.420224,45.795025],[-84.420273,45.797091],[-84.420196,45.798728],[-84.420418,45.801327],[-84.421292,45.802965],[-84.421405,45.805723],[-84.423032,45.807364],[-84.425627,45.809333],[-84.427444,45.811333],[-84.423281,45.811646],[-84.420326,45.811317],[-84.41964,45.80841],[-84.418121,45.805866],[-84.415793,45.803108],[-84.412169,45.80019],[-84.409951,45.79641],[-84.408456,45.793041],[-84.407316,45.79236],[-84.406489,45.787964],[-84.404335,45.78525],[-84.399613,45.782828],[-84.396362,45.78288],[-84.393245,45.784072],[-84.391565,45.783896],[-84.385022,45.780829],[-84.373391,45.776352],[-84.370588,45.776066],[-84.360396,45.773693],[-84.356478,45.772295],[-84.355945,45.770691],[-84.357044,45.769175],[-84.358827,45.767967],[-84.359785,45.76639],[-84.362823,45.763924],[-84.364707,45.762464],[-84.365076,45.759892],[-84.366254,45.758338],[-84.368899,45.757597],[-84.370583,45.755953],[-84.370817,45.753082],[-84.369825,45.75091],[-84.369108,45.748993],[-84.371741,45.745517],[-84.373068,45.744532],[-84.375236,45.744795],[-84.378326,45.744795],[-84.380465,45.743966],[-84.381416,45.743053],[-84.380228,45.742058],[-84.379013,45.74065],[-84.381857,45.740517],[-84.38349,45.739435],[-84.3851,45.740814],[-84.386407,45.741312],[-84.387714,45.740316],[-84.389735,45.739985],[-84.391161,45.739404],[-84.390232,45.737531],[-84.391545,45.735787],[-84.393972,45.735523],[-84.395303,45.733865],[-84.395564,45.732275],[-84.394175,45.730434],[-84.393586,45.728073],[-84.395132,45.726693],[-84.399926,45.72531],[-84.405717,45.722259],[-84.409367,45.722947],[-84.411851,45.723528],[-84.414709,45.721795],[-84.416027,45.722217],[-84.417372,45.722296],[-84.419128,45.721382],[-84.419627,45.720094],[-84.428185,45.723677],[-84.429609,45.725932],[-84.433528,45.728217],[-84.436212,45.728765],[-84.438128,45.728326],[-84.440421,45.728418],[-84.443505,45.727576],[-84.445182,45.727266],[-84.449599,45.728067],[-84.451487,45.726475],[-84.461249,45.729494],[-84.46559,45.731351],[-84.470092,45.732229],[-84.474472,45.732655],[-84.477358,45.732051],[-84.481421,45.730052],[-84.49459,45.73422],[-84.500785,45.737227],[-84.504775,45.742597],[-84.507119,45.745092],[-84.508823,45.749095],[-84.50806,45.75141],[-84.508682,45.75401],[-84.511628,45.756206],[-84.518116,45.759411],[-84.52524,45.761691],[-84.524758,45.763427],[-84.526213,45.76602],[-84.530536,45.769657],[-84.539193,45.77771],[-84.539421,45.779665],[-84.53948,45.780836],[-84.544361,45.783547],[-84.547347,45.786039],[-84.548829,45.788719],[-84.549951,45.790073],[-84.553817,45.791702],[-84.55741,45.794223],[-84.560026,45.795039],[-84.562263,45.79651],[-84.58183,45.802512],[-84.588455,45.807449],[-84.589766,45.810456],[-84.59024,45.812801]]],[[[-84.611245,45.834573],[-84.600517,45.833919],[-84.594291,45.830638],[-84.592938,45.827752],[-84.591172,45.826921],[-84.589501,45.826897],[-84.589247,45.826059],[-84.591218,45.824004],[-84.590947,45.822416],[-84.592357,45.821852],[-84.59536,45.822563],[-84.598113,45.822665],[-84.607343,45.825624],[-84.60857,45.826726],[-84.608131,45.828426],[-84.61194,45.833944],[-84.611245,45.834573]]],[[[-84.64162,45.972901],[-84.639247,45.974371],[-84.638793,45.975999],[-84.639863,45.978345],[-84.637901,45.979064],[-84.635822,45.980875],[-84.629695,45.97946],[-84.625853,45.976839],[-84.623124,45.975987],[-84.617414,45.97297],[-84.615951,45.971172],[-84.612893,45.970231],[-84.611102,45.969145],[-84.608783,45.967471],[-84.609398,45.966963],[-84.611966,45.967162],[-84.61067,45.965543],[-84.614956,45.961461],[-84.6157611853294,45.9609005650196],[-84.619417,45.958356],[-84.625428,45.956887],[-84.631575,45.95535],[-84.636989,45.957107],[-84.640179,45.958369],[-84.640327,45.960993],[-84.637284,45.962911],[-84.636145,45.965244],[-84.637146,45.966905],[-84.637613,45.96862],[-84.63926,45.970596],[-84.64162,45.972901]]],[[[-84.651512,45.86277],[-84.650543,45.86427],[-84.649104,45.865366],[-84.649055,45.867376],[-84.649166,45.870186],[-84.645561,45.874668],[-84.645897,45.878386],[-84.646419,45.881447],[-84.64681,45.883571],[-84.646221,45.885216],[-84.644974,45.885376],[-84.641806,45.885467],[-84.637887,45.883944],[-84.635018,45.883125],[-84.629116,45.88222],[-84.627352,45.880324],[-84.625051,45.879023],[-84.622522,45.877518],[-84.614504,45.867504],[-84.610825,45.863294],[-84.60883,45.862062],[-84.602142,45.852062],[-84.603171,45.850186],[-84.606659,45.848548],[-84.610064,45.848613],[-84.612441,45.849358],[-84.615412,45.849855],[-84.617194,45.848696],[-84.617551,45.847372],[-84.618145,45.84613],[-84.619789,45.845548],[-84.623902,45.846886],[-84.627636,45.849211],[-84.630381,45.8504],[-84.635545,45.851269],[-84.639695,45.852618],[-84.645414,45.856277],[-84.647474,45.856868],[-84.650917,45.859798],[-84.651512,45.86277]]],[[[-84.751396,45.836245],[-84.7512942374485,45.8363288902754],[-84.751117,45.836475],[-84.75026,45.836407],[-84.749124,45.835825],[-84.747662,45.836067],[-84.746549,45.836358],[-84.745923,45.837053],[-84.746062,45.837586],[-84.745297,45.837845],[-84.745482,45.838895],[-84.74539,45.839331],[-84.744787,45.838766],[-84.744531,45.838071],[-84.744254,45.837152],[-84.744091,45.836633],[-84.744601,45.836229],[-84.74504,45.836284],[-84.7459,45.835857],[-84.7468993624094,45.835757063762],[-84.7469000097793,45.8357569739077],[-84.747129,45.835146],[-84.747523,45.834694],[-84.748057,45.834387],[-84.748727,45.834695],[-84.749402,45.834775],[-84.750167,45.834565],[-84.751049,45.83471],[-84.751373,45.835631],[-84.751396,45.836245]]],[[[-84.880387,45.86532],[-84.878324,45.867287],[-84.873844,45.866712],[-84.869234,45.864429],[-84.868288,45.861527],[-84.865765,45.861003],[-84.863134,45.86106],[-84.861969,45.860214],[-84.861903,45.856643],[-84.864827,45.854034],[-84.868987,45.854951],[-84.875719,45.858228],[-84.879985,45.861215],[-84.880387,45.86532]]],[[[-85.204774,46.044412],[-85.201954,46.044859],[-85.199544,46.044222],[-85.201427,46.043086],[-85.202501,46.04368],[-85.204798,46.044015],[-85.204774,46.044412]]],[[[-85.864594,46.101216],[-85.865116,46.158439],[-85.865215,46.187439],[-85.865025,46.244631],[-85.613466,46.244991],[-85.601499,46.245187],[-85.572214,46.245367],[-85.363175,46.245513],[-85.361909,46.245496],[-85.237839,46.24543],[-85.113329,46.245722],[-85.112513,46.158263],[-84.957128,46.158583],[-84.925934,46.158402],[-84.789305,46.157977],[-84.779808,46.15796],[-84.737686,46.157793],[-84.676141,46.157624],[-84.613646,46.15789],[-84.613428,46.157891],[-84.582454,46.157996],[-84.488254,46.158288],[-84.42564,46.158091],[-84.363503,46.157984],[-84.36309,46.071574],[-84.238884,46.071457],[-84.239241,46.027356],[-84.239332,45.984914],[-84.221917602596,45.9849462605372],[-84.222654,45.982753],[-84.223129,45.980854],[-84.22099,45.978294],[-84.22004,45.976477],[-84.220548,45.974693],[-84.218171,45.973042],[-84.214051,45.970911],[-84.214287,45.969955],[-84.215495,45.969896],[-84.219597,45.972133],[-84.222093,45.973207],[-84.222687,45.974941],[-84.222179,45.976973],[-84.223605,45.978046],[-84.227527,45.979202],[-84.230616,45.980359],[-84.232161,45.980276],[-84.232749,45.979036],[-84.232756,45.976725],[-84.23537,45.977303],[-84.240124,45.978211],[-84.244402,45.97978],[-84.246541,45.982175],[-84.248324,45.98234],[-84.253315,45.981928],[-84.258187,45.982671],[-84.261871,45.984735],[-84.262703,45.987295],[-84.26508,45.989359],[-84.267219,45.990763],[-84.269239,45.989937],[-84.269402,45.988536],[-84.271141,45.989442],[-84.273518,45.988203],[-84.273161,45.986222],[-84.270071,45.982753],[-84.262822,45.970943],[-84.258781,45.967144],[-84.25997,45.96574],[-84.25997,45.959461],[-84.257839,45.958],[-84.258425,45.957231],[-84.261754,45.956084],[-84.263548,45.955302],[-84.26556,45.955331],[-84.271111,45.958332],[-84.274917,45.958892],[-84.276702,45.959354],[-84.279829,45.958743],[-84.282008,45.957418],[-84.281582,45.956016],[-84.282711,45.955164],[-84.294419,45.953815],[-84.297468,45.955084],[-84.300375,45.957478],[-84.30192,45.959213],[-84.306555,45.961857],[-84.30917,45.963179],[-84.310833,45.963179],[-84.310833,45.961527],[-84.310833,45.96004],[-84.314398,45.960866],[-84.316656,45.960866],[-84.317846,45.960454],[-84.318201,45.958635],[-84.319494,45.956335],[-84.322523,45.955657],[-84.324813,45.956316],[-84.327114,45.957065],[-84.328243,45.958759],[-84.330501,45.958676],[-84.330264,45.957272],[-84.330021,45.956247],[-84.331374,45.955399],[-84.333245,45.955113],[-84.336562,45.956611],[-84.338701,45.95752],[-84.340127,45.957189],[-84.340246,45.95595],[-84.343455,45.95562],[-84.345594,45.955785],[-84.349872,45.958098],[-84.353081,45.958842],[-84.3557383044402,45.958600868825],[-84.355814,45.958594],[-84.35629,45.957355],[-84.350823,45.95281],[-84.35011,45.951406],[-84.347139,45.949423],[-84.345832,45.947935],[-84.345219,45.945346],[-84.347388,45.943619],[-84.349084,45.942743],[-84.351807,45.942125],[-84.353272,45.941663],[-84.355112,45.939753],[-84.357444,45.939839],[-84.36068,45.940996],[-84.362554,45.940515],[-84.368811,45.940501],[-84.374708,45.94208],[-84.376669,45.941542],[-84.380295,45.943638],[-84.383046,45.948132],[-84.385198,45.949556],[-84.391039,45.949259],[-84.39406,45.9461],[-84.3905,45.942408],[-84.379814,45.93468],[-84.380105,45.933615],[-84.381589,45.933604],[-84.3869129105924,45.9368351193373],[-84.388104,45.937558],[-84.3925762347342,45.9396976673558],[-84.400438,45.943459],[-84.411493,45.950248],[-84.417121,45.953783],[-84.4229266633788,45.955889937699],[-84.428898,45.958057],[-84.432125,45.958589],[-84.434995,45.961087],[-84.435944,45.963021],[-84.433892,45.96322],[-84.430564,45.96099],[-84.423596,45.957973],[-84.420311,45.95778],[-84.415104,45.965996],[-84.414996,45.968315],[-84.417334,45.970326],[-84.41729,45.974363],[-84.414105,45.97662],[-84.412489,45.979175],[-84.415617,45.981796],[-84.418208,45.985067],[-84.425293,45.989063],[-84.429328,45.991861],[-84.429548,45.992726],[-84.428895,45.993143],[-84.423909,45.992373],[-84.417492,45.989401],[-84.411788,45.985767],[-84.4091,45.982115],[-84.403396,45.981785],[-84.400069,45.98253],[-84.396457,45.984859],[-84.393445,45.984156],[-84.392059,45.985444],[-84.395335,45.98686],[-84.400498,45.990969],[-84.410243,45.994024],[-84.422721,46.002032],[-84.426167,46.002362],[-84.430802,46.004509],[-84.434605,46.004426],[-84.43817,46.00682],[-84.441141,46.007233],[-84.444944,46.006985],[-84.447321,46.005499],[-84.447321,46.003105],[-84.448153,46.002197],[-84.453619,46.003683],[-84.457898,46.005499],[-84.46075,46.005994],[-84.465028,46.005499],[-84.46788,46.002527],[-84.469069,46.000629],[-84.468831,45.998482],[-84.466896,45.996018],[-84.465147,45.99485],[-84.461582,45.993777],[-84.462176,45.993033],[-84.465266,45.993033],[-84.465503,45.99163],[-84.46479,45.989813],[-84.463483,45.98874],[-84.460499,45.988024],[-84.460274,45.987584],[-84.461938,45.987419],[-84.464196,45.987501],[-84.465028,45.986428],[-84.463483,45.985024],[-84.459205,45.981886],[-84.461299,45.980883],[-84.46277,45.978583],[-84.464315,45.976601],[-84.463008,45.973958],[-84.46384,45.972389],[-84.461492,45.969601],[-84.463128,45.968925],[-84.468366,45.970472],[-84.469628,45.971467],[-84.472022,45.971552],[-84.473801,45.974402],[-84.476198,45.975668],[-84.476728,45.976519],[-84.479745,45.976828],[-84.481527,45.977579],[-84.480444,45.978746],[-84.480841,45.980141],[-84.482625,45.98143],[-84.483062,45.982242],[-84.482442,45.985441],[-84.484009,45.98825],[-84.482973,45.989731],[-84.482735,45.992373],[-84.484161,45.993777],[-84.486182,45.994354],[-84.4883917488503,45.9953242530397],[-84.488439,45.995345],[-84.490697,45.994932],[-84.492718,45.995923],[-84.494976,45.995923],[-84.495451,45.994685],[-84.50175,45.997657],[-84.503889,45.997739],[-84.50579,45.997987],[-84.506503,45.996749],[-84.508642,45.996501],[-84.509118,45.994437],[-84.507335,45.99229],[-84.507201,45.991169],[-84.510544,45.991465],[-84.513515,45.992703],[-84.515535,45.992208],[-84.516367,45.990722],[-84.514584,45.988988],[-84.514123,45.987242],[-84.513484,45.984357],[-84.511624,45.983991],[-84.509745,45.982723],[-84.510966,45.981662],[-84.51329,45.981177],[-84.514511,45.978411],[-84.516569,45.977096],[-84.516141,45.975927],[-84.513669,45.97419],[-84.513628,45.972968],[-84.514071,45.971292],[-84.516164,45.970104],[-84.520004,45.969785],[-84.52278,45.968413],[-84.525052,45.968578],[-84.527088,45.968331],[-84.532392,45.969448],[-84.532664,45.971535],[-84.534422,45.972762],[-84.5349,45.97891],[-84.533628,45.981441],[-84.532105,45.982999],[-84.530522,45.987888],[-84.530444,45.991385],[-84.531739,45.992997],[-84.533362,45.993469],[-84.533623,45.994523],[-84.5332,45.995429],[-84.532258,45.997253],[-84.533426,46.00572],[-84.535161,46.008879],[-84.538471,46.010617],[-84.541962,46.011337],[-84.539608,46.014398],[-84.540995,46.019501],[-84.544405,46.02286],[-84.554011,46.026499],[-84.555458,46.028311],[-84.5605575954746,46.0308193744846],[-84.5631020329533,46.0320709251382],[-84.563891,46.032459],[-84.569577,46.032421],[-84.574115,46.031616],[-84.575006,46.029446],[-84.576783,46.029938],[-84.579327,46.031186],[-84.581763,46.03049],[-84.582057,46.028499],[-84.581698,46.025042],[-84.582037,46.022013],[-84.584804,46.023216],[-84.586592,46.026584],[-84.588299,46.027117],[-84.59375,46.027224],[-84.599337,46.028086],[-84.601516,46.028001],[-84.602645,46.029349],[-84.604546,46.029597],[-84.606091,46.028937],[-84.606795,46.027226],[-84.609063,46.026418],[-84.611914,46.027204],[-84.6129526151557,46.0289832000191],[-84.6129577474812,46.028991991951],[-84.613186,46.029383],[-84.615167,46.032065],[-84.614825,46.033588],[-84.615775,46.03575],[-84.62156,46.038286],[-84.626139,46.03814],[-84.632774,46.039866],[-84.647609,46.049704],[-84.656567,46.052654],[-84.66671,46.050486],[-84.675835,46.046009],[-84.687322,46.03488],[-84.690467,46.027947],[-84.689992,46.024481],[-84.6925,46.016968],[-84.690401,46.015786],[-84.690989,46.01425],[-84.688541,46.009909],[-84.685873,46.007454],[-84.683938,46.005417],[-84.685484,46.003111],[-84.684458,45.999558],[-84.6867,45.997686],[-84.687649,45.995593],[-84.686755,45.993498],[-84.687096,45.992434],[-84.690348,45.989239],[-84.692944,45.988774],[-84.694013,45.985606],[-84.690775,45.98154],[-84.686269,45.979144],[-84.684368,45.977499],[-84.685254,45.973454],[-84.687712,45.97126],[-84.696053,45.971076],[-84.70354,45.972637],[-84.707818,45.973132],[-84.711959,45.97154],[-84.711883,45.969396],[-84.710178,45.967078],[-84.715008,45.967523],[-84.716836,45.966439],[-84.719859,45.967391],[-84.723039,45.967279],[-84.726674,45.965078],[-84.730179,45.961198],[-84.738849,45.945792],[-84.740105,45.941839],[-84.735827,45.93812],[-84.733973,45.935343],[-84.7337184445947,45.934135485265],[-84.733189,45.931624],[-84.7319753259948,45.9311116679087],[-84.731192,45.930781],[-84.72958,45.931591],[-84.724793,45.928601],[-84.722204,45.928872],[-84.717221,45.924931],[-84.715267,45.92031],[-84.714144,45.919902],[-84.713598,45.91672],[-84.714521,45.916402],[-84.71658,45.917227],[-84.72025,45.917149],[-84.725135,45.919596],[-84.729092,45.918644],[-84.7320208911413,45.9175374313227],[-84.733049,45.917149],[-84.736566,45.912833],[-84.736956,45.90991],[-84.734709,45.907633],[-84.736028,45.906239],[-84.736077,45.904268],[-84.733522,45.903663],[-84.734977,45.90058],[-84.734472,45.897246],[-84.7343319322099,45.897183482091],[-84.730018,45.895258],[-84.72632,45.89207],[-84.72611,45.889906],[-84.724976,45.887273],[-84.723337,45.880896],[-84.7222744195299,45.8787090779244],[-84.7214106631917,45.8769313605117],[-84.720395,45.874841],[-84.72216,45.874431],[-84.723967,45.874987],[-84.7295822691422,45.8737418019424],[-84.72964,45.873729],[-84.730648,45.871564],[-84.7303048722632,45.8707314314612],[-84.7300010246143,45.8699941725166],[-84.729921,45.8698],[-84.7242622476319,45.8679568930988],[-84.7227314790286,45.8674583078995],[-84.721177,45.866952],[-84.714633,45.861762],[-84.7090260998073,45.8605418031226],[-84.708471,45.860421],[-84.706001,45.858972],[-84.7057383506371,45.8582248359739],[-84.7055265089006,45.8576222054439],[-84.705518,45.857598],[-84.7023456117874,45.8538342169415],[-84.7019942127221,45.8534173102579],[-84.701527,45.852863],[-84.702141,45.850725],[-84.7054669332975,45.8492556664542],[-84.7059564319474,45.8490394153383],[-84.706229,45.848919],[-84.709904,45.848953],[-84.715757,45.848758],[-84.7170704619944,45.8486246446809],[-84.720987,45.848227],[-84.7235981333016,45.8470480856939],[-84.723729,45.846989],[-84.730279,45.847096],[-84.741551,45.848121],[-84.745503,45.847456],[-84.74871,45.845575],[-84.750851,45.843068],[-84.750538,45.841083],[-84.752417,45.839738],[-84.757647,45.840764],[-84.757596,45.842887],[-84.775077,45.849358],[-84.776531,45.850917],[-84.7827023826075,45.853872663405],[-84.7829281096813,45.8539807709871],[-84.792763,45.858691],[-84.796872,45.861686],[-84.797863,45.863923],[-84.798575,45.866536],[-84.799976,45.868286],[-84.803498,45.870436],[-84.808782,45.870636],[-84.811287,45.868931],[-84.814706,45.86892],[-84.81638,45.868158],[-84.82123,45.868217],[-84.831396,45.872038],[-84.834234,45.875202],[-84.8383055025695,45.8812641003336],[-84.838472,45.881512],[-84.837624,45.889054],[-84.838968,45.892595],[-84.841031,45.893452],[-84.840753,45.89495],[-84.838066,45.895771],[-84.839374,45.89759],[-84.842243,45.898194],[-84.845224,45.898448],[-84.8507404373913,45.8996406463055],[-84.852916,45.900111],[-84.858677,45.902203],[-84.861597,45.904274],[-84.861941,45.906092],[-84.864711,45.907342],[-84.868572,45.907332],[-84.870634,45.907919],[-84.871192,45.908831],[-84.87258,45.909493],[-84.8737467315223,45.9092938527965],[-84.874818,45.909111],[-84.875337,45.90966],[-84.874081,45.910573],[-84.873838,45.91192],[-84.874421,45.912705],[-84.875739,45.912972],[-84.878171,45.913613],[-84.879835,45.915847],[-84.880373,45.918346],[-84.883701,45.921735],[-84.888217,45.924463],[-84.891901,45.925373],[-84.895466,45.925207],[-84.8989,45.922987],[-84.902913,45.923673],[-84.905747,45.922889],[-84.908224,45.923086],[-84.911363,45.924795],[-84.913584,45.925868],[-84.917484,45.93067],[-84.921995,45.937433],[-84.931102,45.949062],[-84.937134,45.955949],[-84.9423,45.9613],[-84.973556,45.986134],[-84.9925108846569,45.9987508194667],[-85.003597,46.00613],[-85.0102078579543,46.0090839906032],[-85.01399,46.010774],[-85.021404,46.01298],[-85.02537,46.013086],[-85.030588,46.014824],[-85.03477,46.015348],[-85.042833495714,46.018370866247],[-85.043306,46.018548],[-85.046505,46.020448],[-85.054834,46.022805],[-85.057876,46.02299],[-85.065328,46.024288],[-85.0656005075774,46.0242908591605],[-85.070856,46.024346],[-85.075248,46.024933],[-85.081623,46.027172],[-85.086848,46.028575],[-85.093909,46.027726],[-85.097775,46.029753],[-85.100181,46.029671],[-85.101522,46.03115],[-85.104801,46.03347],[-85.1129723909673,46.0377394072131],[-85.113986,46.038269],[-85.118878,46.039967],[-85.130433,46.046076],[-85.140835,46.049601],[-85.152027,46.050725],[-85.156392,46.049256],[-85.158847,46.049334],[-85.162329,46.047773],[-85.165828,46.047754],[-85.167676,46.049467],[-85.168203,46.052117],[-85.168433,46.055561],[-85.175736,46.060422],[-85.180299,46.061708],[-85.189283,46.06062],[-85.193134,46.055573],[-85.188713,46.053495],[-85.19063,46.047622],[-85.195665,46.045619],[-85.196892,46.046529],[-85.194154,46.049086],[-85.194322,46.050309],[-85.197868,46.053704],[-85.200835,46.052307],[-85.205658,46.053625],[-85.207681,46.053598],[-85.209094,46.053969],[-85.208025,46.055294],[-85.210698,46.05752],[-85.214951,46.055766],[-85.217572,46.056778],[-85.218717,46.059481],[-85.223185,46.060939],[-85.227423,46.060912],[-85.230782,46.060125],[-85.2324,46.058678],[-85.234542,46.058765],[-85.2371928114828,46.0597924789544],[-85.239578,46.060717],[-85.244372,46.06111],[-85.245812,46.062793],[-85.249414,46.064194],[-85.254847,46.064948],[-85.25907,46.062815],[-85.260778,46.062858],[-85.26441,46.065012],[-85.275681,46.069364],[-85.280651,46.07036],[-85.281781,46.072975],[-85.284899,46.074163],[-85.294149,46.073285],[-85.296684,46.074163],[-85.295143,46.07597],[-85.296282,46.077598],[-85.300966,46.079948],[-85.303536,46.080889],[-85.305893,46.080232],[-85.309225,46.081017],[-85.3094741227423,46.0817918343708],[-85.309742,46.082625],[-85.311476,46.084456],[-85.316264,46.086608],[-85.325522,46.090245],[-85.335911,46.092595],[-85.3424140394345,46.0931976796106],[-85.345169,46.093453],[-85.3560270887682,46.0921091333322],[-85.356214,46.092086],[-85.36229,46.090058],[-85.366622,46.086778],[-85.3654632136792,46.0834404325956],[-85.365211,46.082714],[-85.3655724702374,46.0827497259677],[-85.368044,46.082994],[-85.369704,46.082078],[-85.370386,46.079814],[-85.372693,46.080391],[-85.375741,46.078491],[-85.37804,46.074921],[-85.380281,46.075876],[-85.380622,46.077767],[-85.380182,46.079778],[-85.381394,46.082044],[-85.383198,46.083991],[-85.38762,46.085657],[-85.389882,46.087128],[-85.3899290792438,46.0873264053848],[-85.3907373191815,46.0907325594077],[-85.390792,46.090963],[-85.390893,46.093607],[-85.393832,46.095465],[-85.399174,46.097618],[-85.403241,46.098823],[-85.406572,46.098657],[-85.407691,46.097814],[-85.409258,46.098758],[-85.409349,46.100198],[-85.412064,46.101437],[-85.418717,46.102246],[-85.426916,46.101964],[-85.43172,46.09999],[-85.43247,46.098935],[-85.43179,46.097707],[-85.434322,46.097536],[-85.437064,46.097702],[-85.4393950356754,46.0967878777518],[-85.4394335246544,46.0967727841896],[-85.441932,46.095793],[-85.442293,46.093941],[-85.440191,46.092593],[-85.439869,46.091591],[-85.440438,46.091078],[-85.442617,46.09117],[-85.446068,46.090727],[-85.447219,46.089663],[-85.447171,46.08873],[-85.446228,46.087624],[-85.444087,46.086848],[-85.4451,46.086024],[-85.445141,46.085452],[-85.44699,46.085164],[-85.448521,46.08507],[-85.453078,46.086677],[-85.453653,46.088183],[-85.455486,46.088295],[-85.457387,46.089847],[-85.457958,46.090473],[-85.461566,46.091414],[-85.4657253649969,46.0919699151409],[-85.4657264289783,46.0919699060033],[-85.467086,46.091672],[-85.467446,46.090793],[-85.468846,46.091387],[-85.4689090852472,46.0917689682091],[-85.469065,46.092713],[-85.480603,46.096379],[-85.5001,46.09694],[-85.5003376608887,46.0969187233214],[-85.50621,46.096393],[-85.512696,46.094727],[-85.521424114646,46.0913140455463],[-85.52157,46.091257],[-85.540858,46.079581],[-85.54859,46.073535],[-85.550498,46.070991],[-85.554213,46.068789],[-85.55538,46.0672],[-85.562204,46.063049],[-85.565235,46.060667],[-85.568735,46.055757],[-85.574266,46.046875],[-85.5774,46.044812],[-85.580914,46.043548],[-85.587116,46.041343],[-85.592381,46.037875],[-85.597542,46.033164],[-85.60744,46.022472],[-85.612054,46.017089],[-85.6134359265401,46.0148871220871],[-85.617609,46.008238],[-85.617759,46.005586],[-85.621161,46.004286],[-85.624578,46.002927],[-85.6251395211354,46.0025054087304],[-85.627383,46.000821],[-85.628862,45.998962],[-85.629575,45.997146],[-85.6300958129669,45.9954729362628],[-85.630526,45.994091],[-85.633021,45.993183],[-85.634804,45.991779],[-85.635754,45.989963],[-85.639201,45.989468],[-85.642647,45.988146],[-85.646587,45.985573],[-85.651224,45.980472],[-85.654991,45.973981],[-85.653542,45.969287],[-85.654875,45.96691],[-85.658876,45.965802],[-85.663966,45.967013],[-85.674175,45.967258],[-85.675682,45.966157],[-85.679217,45.967026],[-85.686114,45.965635],[-85.688548,45.963433],[-85.688954,45.961404],[-85.696141,45.959202],[-85.698285,45.961346],[-85.703678,45.961113],[-85.710802,45.963594],[-85.715051,45.963945],[-85.719068,45.963451],[-85.719936,45.964417],[-85.72862,45.965986],[-85.734641,45.965061],[-85.736262,45.963733],[-85.738288,45.964216],[-85.740546,45.963049],[-85.741684,45.964403],[-85.743618,45.965173],[-85.759188,45.969004],[-85.766424,45.969487],[-85.775861,45.973672],[-85.790035,45.977804],[-85.810115,45.980222],[-85.81696,45.979985],[-85.825819,45.976292],[-85.82733,45.97382],[-85.826973,45.97261],[-85.828444,45.971895],[-85.830799,45.972947],[-85.832255,45.972907],[-85.833154,45.972044],[-85.833226,45.96999],[-85.832816,45.967845],[-85.838639,45.967143],[-85.840244,45.96516],[-85.841855,45.96506],[-85.852066,45.968242],[-85.8654007827799,45.9683956852428],[-85.864594,46.101216]]]]}},{"type":"Feature","id":"26035","properties":{"id":"26035","FIPS":"26035","stateFIPS":"26","name":"Clare","state":"MI","sourceId":"census-counties-2024"},"geometry":{"type":"Polygon","coordinates":[[[-85.088519,43.842157],[-85.087828,43.857077],[-85.088117,43.882497],[-85.088276,43.886297],[-85.088242,43.9008],[-85.08827,43.907319],[-85.08825,43.915233],[-85.087912,43.98402],[-85.087877,43.986801],[-85.087871,43.987243],[-85.087846,43.989697],[-85.087632,43.991339],[-85.087602,44.07366],[-85.08742,44.088047],[-85.087403,44.164242],[-85.073622,44.164008],[-85.057952,44.163705],[-84.972504,44.162475],[-84.967927,44.162409],[-84.952179,44.162091],[-84.921776,44.161763],[-84.878936,44.161412],[-84.877207,44.161643],[-84.867516,44.161402],[-84.851705,44.161375],[-84.848282,44.161367],[-84.844866,44.161443],[-84.796683,44.160992],[-84.78714,44.160898],[-84.728755,44.160859],[-84.68531,44.160758],[-84.684618,44.160664],[-84.610069,44.16055],[-84.6087,44.160484],[-84.608104,44.160482],[-84.607241,44.134592],[-84.607121,44.130575],[-84.606917,44.075916],[-84.606737,44.057607],[-84.606542,44.017582],[-84.606427,44.003183],[-84.606192,43.988782],[-84.606303,43.944809],[-84.606338,43.930451],[-84.606451,43.929489],[-84.606468,43.901848],[-84.606037,43.815365],[-84.707157,43.815053],[-84.728443,43.814995],[-84.751693,43.81482],[-84.752405,43.814842],[-84.753349,43.814841],[-84.753453,43.814838],[-84.760667,43.814692],[-84.768358,43.814728],[-84.771602,43.814709],[-84.78346,43.814646],[-84.808398,43.814557],[-84.828335,43.814449],[-84.84369,43.814342],[-84.849532,43.814314],[-84.866685,43.814198],[-84.873334,43.814197],[-84.875016,43.813817],[-84.88711,43.814034],[-84.969073,43.813768],[-84.969706,43.813772],[-85.008888,43.813971],[-85.088811,43.813676],[-85.088519,43.842157]]]}},{"type":"Feature","id":"39143","properties":{"id":"39143","FIPS":"39143","stateFIPS":"39","name":"Sandusky","state":"OH","sourceId":"census-counties-2024"},"geometry":{"type":"Polygon","coordinates":[[[-83.419582,41.26215],[-83.419262,41.272423],[-83.418899,41.283077],[-83.418114,41.311983],[-83.41811,41.312113],[-83.417291,41.341281],[-83.417139,41.348282],[-83.416858,41.361724],[-83.416062,41.399074],[-83.41606,41.39919],[-83.415944,41.406405],[-83.415797,41.413682],[-83.415476,41.42624],[-83.415437,41.428029],[-83.415202,41.449227],[-83.414626,41.500228],[-83.380224,41.50057],[-83.377819,41.500586],[-83.374161,41.500635],[-83.358367,41.500912],[-83.338991,41.501189],[-83.33863,41.486639],[-83.338196,41.457508],[-83.318853,41.457699],[-83.299538,41.457721],[-83.288809,41.457832],[-83.284216,41.45791],[-83.283987,41.457908],[-83.282623,41.45792],[-83.2739,41.457958],[-83.273501,41.457959],[-83.240504,41.45812],[-83.230668,41.458158],[-83.220947,41.458189],[-83.19264,41.458367],[-83.182583,41.458397],[-83.18256,41.457837],[-83.120806,41.457467],[-83.120691,41.457485],[-83.067459,41.457169],[-83.051762,41.45734],[-83.0386386190228,41.457539061065],[-83.0385642262988,41.4575162403378],[-83.037592,41.457218],[-83.037289,41.455213],[-83.04061,41.453435],[-83.041216,41.45119],[-83.039541,41.450656],[-83.036047,41.451778],[-83.0326895777658,41.4538705652012],[-83.03266,41.453889],[-83.0326176807073,41.4538990277026],[-83.031242,41.454225],[-83.025714,41.453238],[-83.025087,41.451921],[-83.0240519254564,41.4510509019185],[-83.023393,41.450497],[-83.02297,41.449781],[-83.024936,41.448976],[-83.024897,41.447944],[-83.024116,41.447374],[-83.015759,41.445359],[-83.014361,41.444855],[-83.012992,41.44312],[-83.013269,41.44263],[-83.011506,41.441667],[-83.011179,41.441177],[-83.011358,41.436483],[-83.01063,41.433325],[-83.01063,41.429262],[-83.009432,41.428481],[-83.001617,41.42816],[-83.000619,41.428588],[-82.999426,41.430739],[-82.999471,41.432275],[-83.002153,41.433082],[-83.003332,41.43422],[-83.003181,41.437234],[-83.002565,41.438164],[-83.000702,41.438377],[-82.996019,41.441626],[-82.994599,41.444222],[-82.993378,41.445062],[-82.988811,41.445416],[-82.986368,41.446715],[-82.985922,41.447896],[-82.986867,41.448861],[-82.986893,41.449885],[-82.986473,41.451303],[-82.9766763066421,41.4535981060231],[-82.976617,41.453612],[-82.975163,41.451366],[-82.9751404948128,41.451353],[-82.971325,41.449149],[-82.967702,41.440956],[-82.967324,41.439208],[-82.965403,41.438877],[-82.964489,41.436894],[-82.960583,41.434013],[-82.957086,41.425486],[-82.9530591128316,41.4233695096814],[-82.950345,41.421943],[-82.941966,41.419061],[-82.940391,41.418919],[-82.938753,41.42036],[-82.930184,41.420006],[-82.929806,41.41925],[-82.92527,41.418423],[-82.922813,41.418849],[-82.920797,41.420124],[-82.920198,41.421447],[-82.9191423859902,41.4218749145574],[-82.9172325634737,41.4226490998651],[-82.91558,41.423319],[-82.910079,41.424892],[-82.9080352824805,41.4261555915107],[-82.906042,41.427388],[-82.905916,41.428122],[-82.9019299036973,41.4304742402657],[-82.897641,41.43048],[-82.886578,41.430481],[-82.84858,41.430517],[-82.847706,41.430495],[-82.845653,41.386642],[-82.8446,41.362779],[-82.843721,41.342788],[-82.843657,41.341083],[-82.843226,41.332561],[-82.841846,41.299018],[-82.841729,41.295435],[-82.841475,41.290023],[-82.841444,41.289325],[-82.841406,41.288575],[-82.841272,41.285652],[-82.840825,41.274985],[-82.840775,41.273669],[-82.840663,41.270427],[-82.840484,41.265124],[-82.840131,41.257004],[-82.840087,41.255337],[-82.859343,41.255492],[-82.87219,41.255579],[-82.950718,41.255996],[-82.955996,41.256029],[-82.975244,41.256021],[-83.012326,41.255911],[-83.033158,41.256437],[-83.042769,41.256591],[-83.062113,41.256822],[-83.064005,41.256841],[-83.072761,41.25688],[-83.082757,41.256826],[-83.092023,41.256786],[-83.0927,41.256789],[-83.101681,41.256709],[-83.112238,41.256643],[-83.131606,41.256396],[-83.16761,41.255454],[-83.187755,41.254913],[-83.20699,41.253743],[-83.216421,41.253252],[-83.263838,41.253307],[-83.283317,41.253582],[-83.30293,41.254211],[-83.312887,41.254568],[-83.312964,41.254571],[-83.32316,41.254889],[-83.419843,41.254003],[-83.419582,41.26215]]]}},{"type":"Feature","id":"26083","properties":{"id":"26083","FIPS":"26083","stateFIPS":"26","name":"Keweenaw","state":"MI","sourceId":"census-counties-2024"},"geometry":{"type":"MultiPolygon","coordinates":[[[[-87.650661,47.417469],[-87.6464,47.417459],[-87.639621,47.418171],[-87.637884,47.420449],[-87.634587,47.421441],[-87.632823,47.42149],[-87.629565,47.422381],[-87.626097,47.424189],[-87.62569,47.425851],[-87.623673,47.426283],[-87.620881,47.424145],[-87.616915,47.423019],[-87.610042,47.423552],[-87.602351,47.422758],[-87.597286,47.421762],[-87.595138,47.418816],[-87.586757,47.419877],[-87.586224,47.418336],[-87.595257,47.416484],[-87.600317,47.410799],[-87.600342,47.407711],[-87.606352,47.407904],[-87.610235,47.407587],[-87.617531,47.407711],[-87.619788,47.408335],[-87.623076,47.411219],[-87.62631,47.414059],[-87.629898,47.415272],[-87.632734,47.415816],[-87.639737,47.415206],[-87.643241,47.416397],[-87.647035,47.416024],[-87.652303,47.41621],[-87.650661,47.417469]]],[[[-88.366154,48.226247],[-88.361034,48.231039],[-88.357853,48.232897],[-88.352504,48.235476],[-88.346454,48.236899],[-88.340858,48.2388],[-88.338284,48.238371],[-88.336342,48.237138],[-88.34011,48.235604],[-88.344864,48.233361],[-88.349893,48.23152],[-88.353569,48.229611],[-88.3578,48.227927],[-88.361133,48.225841],[-88.36506,48.223823],[-88.367788,48.222952],[-88.366154,48.226247]]],[[[-88.50078,47.293503],[-88.4987560984499,47.2952555492791],[-88.4871158886732,47.3053351113268],[-88.4789510948547,47.312405219811],[-88.477733,47.31346],[-88.4711025891571,47.3264418486817],[-88.470484,47.327653],[-88.459262,47.339903],[-88.455133,47.342633],[-88.448756,47.3471],[-88.445558,47.348992],[-88.436587,47.3564],[-88.4308479652005,47.3622703042147],[-88.429417,47.363734],[-88.427643,47.366291],[-88.424472,47.368852],[-88.420141,47.37098],[-88.416297,47.370941],[-88.411999,47.372313],[-88.395715,47.380762],[-88.39322,47.382791],[-88.387372,47.384341],[-88.381617,47.385867],[-88.377822,47.387985],[-88.372745,47.391935],[-88.366581,47.393029],[-88.364149,47.392475],[-88.359242,47.392915],[-88.354837,47.393682],[-88.349706,47.3952],[-88.344011,47.396633],[-88.339844,47.398145],[-88.32229,47.40402],[-88.310364776755,47.4089275711299],[-88.303849,47.411609],[-88.3028841772301,47.4122537532543],[-88.2991906233318,47.4147220106068],[-88.295276,47.417338],[-88.290514,47.419931],[-88.284987,47.422226],[-88.279438,47.423439],[-88.272222,47.424155],[-88.262588,47.424935],[-88.252993,47.426671],[-88.245671,47.428038],[-88.239161,47.429969],[-88.238090854557,47.4304370687366],[-88.227446,47.435093],[-88.2257974084578,47.4362792842265],[-88.218424,47.441585],[-88.216977,47.445493],[-88.21677,47.448108],[-88.217389,47.448671],[-88.21815,47.448779],[-88.219105,47.448598],[-88.219383,47.449011],[-88.218153,47.449521],[-88.217137,47.449712],[-88.215764,47.450153],[-88.213671,47.449925],[-88.212704,47.450065],[-88.200355,47.452085],[-88.199736,47.45185],[-88.199858,47.451346],[-88.199317,47.451169],[-88.198524,47.451176],[-88.197055,47.451515],[-88.195775,47.452348],[-88.195394,47.453409],[-88.195984,47.453798],[-88.195981,47.454156],[-88.195348,47.454266],[-88.19388,47.454352],[-88.19232,47.455042],[-88.18182,47.457657],[-88.17819,47.45794],[-88.176216,47.457103],[-88.167253,47.458659],[-88.160445,47.460157],[-88.159305,47.46015],[-88.158261,47.458847],[-88.160551,47.45826],[-88.160751,47.457358],[-88.160306,47.455945],[-88.159283,47.455179],[-88.157794,47.455224],[-88.154103,47.455765],[-88.152435,47.455975],[-88.151791,47.455254],[-88.150723,47.455314],[-88.1487,47.456246],[-88.146608,47.456643],[-88.144165,47.456923],[-88.143875,47.457163],[-88.143564,47.457419],[-88.142786,47.457539],[-88.141719,47.457479],[-88.140874,47.457809],[-88.14083,47.458591],[-88.141163,47.459373],[-88.141697,47.459824],[-88.142586,47.459914],[-88.143097,47.460139],[-88.143964,47.460245],[-88.144898,47.460064],[-88.14581,47.460335],[-88.1475,47.460034],[-88.148367,47.459192],[-88.149234,47.458666],[-88.150145,47.459253],[-88.150571,47.460093],[-88.147702,47.461228],[-88.144269,47.461853],[-88.142273,47.461649],[-88.141369,47.462249],[-88.139651,47.462693],[-88.137042,47.462994],[-88.135453,47.462637],[-88.132372,47.463457],[-88.1306893941421,47.4636532247777],[-88.128479,47.463911],[-88.12746,47.463532],[-88.125854,47.463476],[-88.124813,47.464081],[-88.117199,47.464843],[-88.114781,47.464728],[-88.109517,47.465259],[-88.105655,47.466322],[-88.1047753019503,47.4664357071008],[-88.100487,47.46699],[-88.0953719994064,47.4673280917237],[-88.094859,47.467362],[-88.090435,47.46808],[-88.084333,47.4681],[-88.078642,47.467505],[-88.074535,47.467693],[-88.070649,47.468795],[-88.06728,47.468584],[-88.065855,47.467945],[-88.049326,47.469785],[-88.048226,47.470008],[-88.048077,47.474973],[-88.040291,47.475999],[-88.0097037495099,47.4777044123234],[-87.9822269555532,47.4792363990914],[-87.978934,47.47942],[-87.975847,47.480187],[-87.965582,47.47946],[-87.9643451109811,47.4794353625612],[-87.9537505227084,47.4792243302727],[-87.9519919383476,47.4791893012491],[-87.951776,47.479185],[-87.94423,47.479804],[-87.938305,47.479753],[-87.929269,47.478737],[-87.9200338358027,47.4781550948936],[-87.902416,47.477045],[-87.9014968633634,47.476588999107],[-87.898036,47.474872],[-87.896445139984,47.4748156394284],[-87.888439,47.474532],[-87.883082,47.475589],[-87.878459,47.475338],[-87.878911,47.474518],[-87.881627,47.474448],[-87.883716,47.474271],[-87.885596,47.47353],[-87.889199,47.473636],[-87.896772,47.473918],[-87.900533,47.473141],[-87.902256,47.472153],[-87.898026,47.4718],[-87.892385,47.471164],[-87.879172,47.467846],[-87.875568,47.467634],[-87.873009,47.467846],[-87.87092,47.468058],[-87.870137,47.469117],[-87.867682,47.469364],[-87.865645,47.469011],[-87.865854,47.468481],[-87.865436,47.467952],[-87.863869,47.46774],[-87.861833,47.468305],[-87.860737,47.468819],[-87.85567,47.468658],[-87.852954,47.468128],[-87.851909,47.468058],[-87.848776,47.469329],[-87.847522,47.469364],[-87.847366,47.470176],[-87.848097,47.471623],[-87.84982,47.472859],[-87.851596,47.473494],[-87.85473,47.47353],[-87.856297,47.472541],[-87.859012,47.472965],[-87.860832,47.474273],[-87.858702,47.475557],[-87.856297,47.476162],[-87.850718,47.475571],[-87.847181,47.473836],[-87.8369395966781,47.4732131730369],[-87.816958,47.471998],[-87.809867,47.472584],[-87.809228,47.473917],[-87.801184,47.473301],[-87.80085,47.471619],[-87.794772,47.471486],[-87.756739,47.460717],[-87.730804,47.449112],[-87.719215,47.442976],[-87.715942,47.439816],[-87.713027,47.426416],[-87.715617,47.426565],[-87.716831,47.421799],[-87.715464,47.418447],[-87.715184,47.414694],[-87.711827,47.41147],[-87.710471,47.4062],[-87.712421,47.4014],[-87.721274,47.401032],[-87.732166,47.402601],[-87.742417,47.405823],[-87.747307,47.40404],[-87.75138,47.405066],[-87.759057,47.403013],[-87.765019,47.398652],[-87.764692,47.396071],[-87.76738,47.393963],[-87.773264,47.392314],[-87.779104,47.392278],[-87.789085,47.393814],[-87.800294,47.392148],[-87.815371,47.38479],[-87.827115,47.38616],[-87.828801,47.387105],[-87.828087,47.388205],[-87.83063,47.389954],[-87.832563,47.389792],[-87.834822,47.390478],[-87.83507,47.389758],[-87.838469,47.390019],[-87.841861,47.391699],[-87.843329,47.393424],[-87.848252,47.394864],[-87.8567,47.395387],[-87.861942,47.394858],[-87.86641,47.393832],[-87.870151,47.394737],[-87.875841,47.394655],[-87.882245,47.395588],[-87.88686,47.39477],[-87.887851,47.39406],[-87.896528,47.391695],[-87.904176,47.393156],[-87.910165,47.392994],[-87.941613,47.390073],[-87.957058,47.38726],[-87.962109,47.380847],[-87.965063,47.37443],[-87.965598,47.368645],[-87.962567,47.362543],[-87.954796,47.356809],[-87.947397,47.355461],[-87.946974,47.35311],[-87.943205,47.351234],[-87.938787,47.346777],[-87.93825,47.342299],[-87.94336,47.335899],[-87.946352,47.334254],[-87.958386,47.334435],[-87.968604,47.332582],[-87.974789,47.329369],[-87.980536,47.325705],[-87.985279,47.323266],[-87.989133,47.322633],[-88.00402,47.313728],[-88.009381,47.311244],[-88.016478,47.306275],[-88.027151,47.303739],[-88.034105,47.301884],[-88.036804,47.300242],[-88.040358,47.299991],[-88.044236,47.30029],[-88.054849,47.29824],[-88.06009,47.295796],[-88.071476,47.286768],[-88.075821,47.281848],[-88.082624,47.275218],[-88.085977,47.2725],[-88.089094,47.270459],[-88.092039,47.266285],[-88.096851,47.261351],[-88.101549,47.259365],[-88.103014,47.259675],[-88.105224,47.258995],[-88.10726,47.259186],[-88.1073843221265,47.2591816530725],[-88.108833,47.259131],[-88.117456,47.255174],[-88.122439,47.25097],[-88.12736,47.245059],[-88.130538,47.242033],[-88.131943,47.239554],[-88.132813,47.237713],[-88.137053,47.235056],[-88.140886,47.23355],[-88.144102,47.231859],[-88.14905,47.229995],[-88.153448,47.227493],[-88.15725,47.225959],[-88.166355,47.215534],[-88.171868,47.212884],[-88.174482,47.211915],[-88.177334,47.211996],[-88.179711,47.212964],[-88.194218,47.209242],[-88.198369,47.208928],[-88.199538,47.209735],[-88.204864,47.210019],[-88.208992,47.209905],[-88.212361,47.209423],[-88.216358,47.206928],[-88.220015,47.202563],[-88.223699,47.201395],[-88.226990173848,47.1999305272193],[-88.298436,47.199782],[-88.298441,47.214175],[-88.299049,47.257056],[-88.298992,47.286097],[-88.320807,47.28621],[-88.384474,47.285921],[-88.391179,47.28597],[-88.406863,47.286136],[-88.410397,47.286152],[-88.411213,47.286181],[-88.5119978820947,47.2859613204572],[-88.50078,47.293503]]],[[[-88.73276,48.101354],[-88.728919,48.102418],[-88.724142,48.10415],[-88.723219,48.10415],[-88.721538,48.104801],[-88.719686,48.105452],[-88.718273,48.106195],[-88.711446,48.10918],[-88.709092,48.109966],[-88.706484,48.111139],[-88.705494,48.111175],[-88.706414,48.110479],[-88.707708,48.109776],[-88.710065,48.108637],[-88.717704,48.105435],[-88.719679,48.104746],[-88.721218,48.103944],[-88.722449,48.10378],[-88.72365,48.103307],[-88.725096,48.102793],[-88.725958,48.10232],[-88.727589,48.101991],[-88.728974,48.10158],[-88.731621,48.101025],[-88.734053,48.100655],[-88.73276,48.101354]]],[[[-88.818355,47.928058],[-88.816461,47.928927],[-88.812898,47.930728],[-88.806559,47.932565],[-88.8062376650464,47.9327074703316],[-88.803663,47.933849],[-88.798982,47.935706],[-88.795995,47.936745],[-88.792192,47.937979],[-88.785691,47.939845],[-88.783174,47.940772],[-88.78231,47.940723],[-88.78357,47.939976],[-88.787387,47.938577],[-88.790248,47.937549],[-88.79409,47.936232],[-88.797465,47.934969],[-88.79945,47.934321],[-88.802766,47.933171],[-88.805683,47.932209],[-88.806246083943,47.9320223662022],[-88.80816,47.931388],[-88.811979,47.93002],[-88.81469,47.929105],[-88.816793,47.928381],[-88.817635,47.928009],[-88.818355,47.928058]]],[[[-88.851677,47.913],[-88.850862,47.913481],[-88.850642,47.913923],[-88.849772,47.914266],[-88.84903,47.914296],[-88.848576,47.91459],[-88.848139,47.914622],[-88.847053,47.91485],[-88.846453,47.914883],[-88.84569,47.915168],[-88.845059,47.915241],[-88.846129,47.913058],[-88.847231,47.912645],[-88.848147,47.91246],[-88.849144,47.912112],[-88.850473,47.911678],[-88.851267,47.911493],[-88.851677,47.913]]],[[[-89.2628,47.869864],[-89.261442,47.87156],[-89.258165,47.873231],[-89.255202,47.876102],[-89.251926,47.876982],[-89.245746,47.878018],[-89.239923,47.877938],[-89.235407,47.877699],[-89.233862,47.878895],[-89.226732,47.879692],[-89.224117,47.88025],[-89.221859,47.882242],[-89.219364,47.883916],[-89.222929,47.884793],[-89.22281,47.885988],[-89.215323,47.888379],[-89.216987,47.892204],[-89.219839,47.892363],[-89.224474,47.89308],[-89.226851,47.891407],[-89.228871,47.889335],[-89.232911,47.88806],[-89.238735,47.886705],[-89.240636,47.885749],[-89.243013,47.885271],[-89.246103,47.886944],[-89.247127,47.888503],[-89.243035,47.89048],[-89.233985,47.893166],[-89.232181,47.894818],[-89.229068,47.895738],[-89.226327,47.895438],[-89.222572,47.900411],[-89.222507,47.905806],[-89.221332,47.908069],[-89.220716,47.910989],[-89.214499,47.913895],[-89.203153,47.917788],[-89.200868,47.919964],[-89.202574,47.921027],[-89.201711,47.922619],[-89.191896,47.92802],[-89.188252,47.92863],[-89.179154,47.93503],[-89.095207,47.967922],[-89.044331,47.984709],[-89.035446,47.987592],[-89.027873,47.990086],[-89.018303,47.992525],[-89.007922,47.996724],[-89.001638,47.997648],[-88.994163,48.00229],[-88.984215,48.005521],[-88.968785,48.009383],[-88.957885,48.012971],[-88.953396,48.013278],[-88.95069,48.014308],[-88.949723,48.016697],[-88.94472,48.016936],[-88.941249,48.019121],[-88.929857,48.02203],[-88.927629,48.020636],[-88.923856,48.020762],[-88.912595,48.024008],[-88.90933,48.024056],[-88.905274,48.025377],[-88.895069,48.029059],[-88.896327,48.031801],[-88.893701,48.03477],[-88.835806,48.057101],[-88.844305,48.049343],[-88.845375,48.048152],[-88.849653,48.045689],[-88.849178,48.0441],[-88.841334,48.046404],[-88.835392,48.04696],[-88.830044,48.048549],[-88.826241,48.0499],[-88.823508,48.050456],[-88.82232,48.051886],[-88.823865,48.052442],[-88.824815,48.053157],[-88.82327,48.054507],[-88.816084,48.057006],[-88.815181,48.058218],[-88.812255,48.058221],[-88.814431,48.056489],[-88.813644,48.055381],[-88.811305,48.055647],[-88.810461,48.055247],[-88.8066378153874,48.0572710389125],[-88.805157,48.058055],[-88.800504,48.058823],[-88.793076,48.061934],[-88.787556,48.063035],[-88.777713,48.067928],[-88.778824,48.069598],[-88.773932,48.073412],[-88.772065,48.078906],[-88.764256,48.085189],[-88.744458,48.092769],[-88.726891,48.098733],[-88.707758,48.105162],[-88.695353,48.110549],[-88.684434,48.115785],[-88.675628,48.120444],[-88.674192,48.127165],[-88.666521,48.135626],[-88.656915,48.139225],[-88.632712,48.148584],[-88.614026,48.154797],[-88.590433,48.160485],[-88.578413,48.16237],[-88.547033,48.174891],[-88.524753,48.165291],[-88.501088,48.168181],[-88.491961,48.175466],[-88.482039,48.179915],[-88.459735,48.183807],[-88.447236,48.182916],[-88.438687,48.186329],[-88.422601,48.190975],[-88.418244,48.18037],[-88.419875,48.170731],[-88.427373,48.166764],[-88.446192,48.155212],[-88.45962,48.148155],[-88.468252,48.143571],[-88.484814,48.135943],[-88.511902,48.121699],[-88.566938,48.093719],[-88.576712,48.084999],[-88.576831,48.08305],[-88.578395,48.078003],[-88.575869,48.075166],[-88.573744,48.074772],[-88.573238,48.073135],[-88.574434,48.071749],[-88.573924,48.068861],[-88.573959,48.064845],[-88.574672,48.062862],[-88.579784,48.058669],[-88.585889,48.054268],[-88.602483,48.045476],[-88.620928,48.036192],[-88.628799,48.033021],[-88.636987,48.029445],[-88.639601,48.02656],[-88.670073,48.011446],[-88.694059,48.002776],[-88.718555,47.995134],[-88.727823,47.993102],[-88.739911,47.990824],[-88.753112,47.986878],[-88.752414,47.984634],[-88.757165,47.9833],[-88.761706,47.98364],[-88.765871,47.984477],[-88.768784,47.982972],[-88.772472,47.980701],[-88.77868,47.979733],[-88.791959,47.978938],[-88.8060814384819,47.9731841099041],[-88.809162,47.971929],[-88.819358,47.968902],[-88.821806,47.967771],[-88.831862,47.964928],[-88.834389,47.964234],[-88.852923,47.965322],[-88.866377,47.961826],[-88.87068,47.960008],[-88.872601,47.958226],[-88.878487,47.956468],[-88.881924,47.955301],[-88.881314,47.953527],[-88.884522,47.952345],[-88.889872,47.951792],[-88.891806,47.953904],[-88.89506,47.954225],[-88.899184,47.9533],[-88.918029,47.945605],[-88.924641,47.943257],[-88.923573,47.937976],[-88.924486,47.936707],[-88.932388,47.933976],[-88.939306,47.932114],[-88.946874,47.930371],[-88.948086,47.929189],[-88.955672,47.926235],[-88.957383,47.925057],[-88.962664,47.923512],[-88.965417,47.921427],[-88.97258,47.919421],[-88.979112,47.917194],[-88.986058,47.914886],[-88.98774,47.913706],[-88.997761,47.910412],[-89.003075,47.908537],[-89.003907,47.907103],[-89.003669,47.903996],[-89.002956,47.902323],[-89.001768,47.901208],[-88.998546,47.901316],[-88.997414,47.900673],[-88.998559,47.899933],[-89.000579,47.899534],[-89.005095,47.898658],[-89.004858,47.896427],[-89.003788,47.892682],[-89.000936,47.89061],[-88.994637,47.891566],[-88.986715,47.89315],[-88.977378,47.895221],[-88.971471,47.895068],[-88.968792,47.893253],[-88.963352,47.893266],[-88.957465,47.894435],[-88.957678,47.89308],[-88.955718,47.891225],[-88.95347,47.890504],[-88.950429,47.89053],[-88.940359,47.893408],[-88.899698,47.902445],[-88.898986,47.900685],[-88.904335,47.898717],[-88.904915,47.897715],[-88.907891,47.896662],[-88.907524,47.895253],[-88.911665,47.891344],[-88.929783,47.886093],[-88.936415,47.885887],[-88.937926,47.885181],[-88.936916,47.884174],[-88.94382,47.882557],[-88.951425,47.879206],[-88.957785,47.878189],[-88.960196,47.877044],[-88.966112,47.876148],[-88.976576,47.873538],[-88.981875,47.871291],[-88.991169,47.868586],[-88.997132,47.866463],[-89.002409,47.865515],[-89.005341,47.864564],[-89.009832,47.863479],[-89.011957,47.863328],[-89.014404,47.862636],[-89.017225,47.860239],[-89.022736,47.858532],[-89.026318,47.858073],[-89.035627,47.856041],[-89.039552,47.856208],[-89.044463,47.85575],[-89.056412,47.852598],[-89.06045,47.851276],[-89.061363,47.849859],[-89.06258,47.849252],[-89.066026,47.848744],[-89.072577,47.847494],[-89.077213,47.845899],[-89.080283,47.845337],[-89.084998,47.843786],[-89.086794,47.84219],[-89.107991,47.835705],[-89.116613,47.832261],[-89.11893,47.829855],[-89.119164,47.827729],[-89.124134,47.828616],[-89.131599,47.828176],[-89.137267,47.827455],[-89.139258,47.82712],[-89.142379,47.827842],[-89.14653,47.827544],[-89.150067,47.826118],[-89.155774,47.825039],[-89.157738,47.824015],[-89.162048,47.823564],[-89.166049,47.824484],[-89.169544,47.824922],[-89.174874,47.828903],[-89.179766,47.831027],[-89.184425,47.831285],[-89.19017,47.831603],[-89.192681,47.83343],[-89.192207,47.84106],[-89.195855,47.845522],[-89.198386,47.8482],[-89.201812,47.850243],[-89.208439,47.851524],[-89.215802,47.850874],[-89.234533,47.851718],[-89.235552,47.853774],[-89.234535,47.855373],[-89.22885,47.858283],[-89.225306,47.861516],[-89.223642,47.864386],[-89.221622,47.86606],[-89.222691,47.868293],[-89.220552,47.869967],[-89.214016,47.874192],[-89.209025,47.876503],[-89.204271,47.879771],[-89.201775,47.881844],[-89.20023,47.883358],[-89.200944,47.884952],[-89.203796,47.886307],[-89.206767,47.886227],[-89.210451,47.885749],[-89.215085,47.882481],[-89.219839,47.879771],[-89.225543,47.876902],[-89.227801,47.876105],[-89.232793,47.875467],[-89.234338,47.874192],[-89.238259,47.872996],[-89.246774,47.871016],[-89.250936,47.870377],[-89.253723,47.869754],[-89.25638,47.868464],[-89.2582,47.868664],[-89.260511,47.868553],[-89.261923,47.868877],[-89.2628,47.869864]]]]}},{"type":"Feature","id":"26159","properties":{"id":"26159","FIPS":"26159","stateFIPS":"26","name":"Van Buren","state":"MI","sourceId":"census-counties-2024"},"geometry":{"type":"Polygon","coordinates":[[[-86.3642653961658,42.243143689832],[-86.355945,42.254215],[-86.328276,42.298022],[-86.310524938439,42.3308271034757],[-86.308748,42.334111],[-86.3033551040657,42.3453326943378],[-86.297168,42.358207],[-86.2954052138049,42.3645426736637],[-86.2932992682636,42.3721117048602],[-86.293083,42.372889],[-86.2891739204445,42.3827008575896],[-86.2890465337676,42.3830206003615],[-86.284448,42.394563],[-86.283928,42.398071],[-86.284969,42.401814],[-86.2836932736784,42.4033688206891],[-86.280878,42.4068],[-86.276878,42.413317],[-86.2759427006723,42.4151078623026],[-86.2737626735126,42.4192820644461],[-86.261539,42.419313],[-86.260189,42.419315],[-86.259553,42.41931],[-86.256033,42.419307],[-86.226465,42.419407],[-86.2255,42.419401],[-86.168259,42.418983],[-86.129175,42.4191],[-86.110553,42.419023],[-86.101553,42.418952],[-86.089876,42.41889],[-86.048228,42.418931],[-86.011619,42.418906],[-85.994649,42.418957],[-85.973054,42.419074],[-85.95772,42.419152],[-85.957154,42.418994],[-85.956471,42.419165],[-85.922846,42.419314],[-85.912513,42.419405],[-85.899245,42.419696],[-85.894982,42.419812],[-85.891,42.419858],[-85.879614,42.419998],[-85.86279,42.420169],[-85.809744,42.420525],[-85.80952,42.420526],[-85.77811,42.420658],[-85.764697,42.420715],[-85.764433,42.419736],[-85.764658,42.381598],[-85.765506,42.331714],[-85.765686,42.31356],[-85.76577,42.302456],[-85.765893,42.295334],[-85.765909,42.289248],[-85.765964,42.275363],[-85.766066,42.244693],[-85.765827,42.229741],[-85.765646,42.222934],[-85.765428,42.215457],[-85.765243,42.20055],[-85.765322,42.197513],[-85.764605,42.157254],[-85.764004,42.131044],[-85.76368,42.112841],[-85.763585,42.106853],[-85.763413,42.098262],[-85.762943,42.069327],[-85.825929,42.06928],[-85.840668,42.069339],[-85.850071,42.069324],[-85.857449,42.069338],[-85.860061,42.069341],[-85.877116,42.069445],[-85.886853,42.069458],[-85.905666,42.069502],[-85.916026,42.069515],[-85.920471,42.069536],[-85.929993,42.069571],[-85.9342,42.069584],[-85.935441,42.069588],[-85.991929,42.070071],[-86.011343,42.070178],[-86.040485,42.070256],[-86.060075,42.070377],[-86.08902,42.070648],[-86.107885,42.070802],[-86.152799,42.071043],[-86.208567,42.07137],[-86.22294,42.071484],[-86.222827,42.121112],[-86.22284,42.129324],[-86.222846,42.135753],[-86.222866,42.144138],[-86.222907,42.157114],[-86.222945,42.166571],[-86.223,42.180907],[-86.22313,42.196096],[-86.223239,42.211221],[-86.223563,42.243379],[-86.233302,42.243425],[-86.249656,42.243504],[-86.252724,42.243499],[-86.262458,42.243526],[-86.271339,42.243532],[-86.28176,42.243541],[-86.301465,42.243475],[-86.340336,42.242986],[-86.356018,42.243186],[-86.35792,42.243202],[-86.359504,42.243217],[-86.3642653961658,42.243143689832]]]}},{"type":"Feature","id":"26149","properties":{"id":"26149","FIPS":"26149","stateFIPS":"26","name":"St. Joseph","state":"MI","sourceId":"census-counties-2024"},"geometry":{"type":"Polygon","coordinates":[[[-85.791141,41.761042],[-85.789631,41.761106],[-85.786318,41.759475],[-85.784601,41.759737],[-85.784321,41.760891],[-85.785888,41.7634],[-85.790169,41.765341],[-85.790256,41.766386],[-85.78785,41.767681],[-85.787199,41.77129],[-85.785879,41.773309],[-85.786668,41.775774],[-85.785875,41.77729],[-85.776687,41.780722],[-85.773377,41.782874],[-85.769185,41.784892],[-85.766874,41.790575],[-85.765257,41.792376],[-85.762527,41.793396],[-85.763595,41.795674],[-85.762859,41.797102],[-85.760186,41.798814],[-85.760186,41.799111],[-85.760186,41.809062],[-85.760169,41.816268],[-85.760168,41.816423],[-85.760182,41.830632],[-85.760391,41.863099],[-85.760167,41.881333],[-85.760181,41.884822],[-85.760117,41.896615],[-85.76023,41.904396],[-85.760389,41.918007],[-85.760394,41.918378],[-85.760698,41.940079],[-85.760725,41.943648],[-85.761002,41.96282],[-85.761215,41.983495],[-85.761964,42.019052],[-85.762227,42.034511],[-85.762493,42.0487],[-85.76266,42.05569],[-85.76282,42.062451],[-85.762943,42.069327],[-85.651182,42.070272],[-85.645332,42.070326],[-85.604611,42.070244],[-85.602257,42.070241],[-85.597544,42.070235],[-85.529149,42.070703],[-85.479712,42.070962],[-85.430674,42.071217],[-85.411192,42.071264],[-85.405907,42.071328],[-85.404685,42.071332],[-85.391211,42.071384],[-85.371643,42.071429],[-85.359512,42.071433],[-85.313133,42.071487],[-85.308234,42.071503],[-85.303418,42.071532],[-85.293626,42.071553],[-85.293593,42.061412],[-85.293047,42.009042],[-85.292974,41.99228],[-85.292928,41.98482],[-85.292955,41.970536],[-85.29265,41.948365],[-85.292539,41.926703],[-85.292348,41.904936],[-85.29236,41.897547],[-85.292355,41.890643],[-85.292236,41.868941],[-85.29223,41.866486],[-85.292126,41.82723],[-85.292122,41.818147],[-85.292069,41.81081],[-85.2921778813506,41.7599628308601],[-85.298365,41.760028],[-85.30814,41.760097],[-85.318129,41.759983],[-85.330623,41.759982],[-85.350174,41.759908],[-85.3550240461209,41.7599024731682],[-85.3683090197532,41.7598873343813],[-85.379133,41.759875],[-85.4087487299644,41.7597716324171],[-85.4087499734979,41.7597716280768],[-85.4206128350453,41.759730223211],[-85.425605762802,41.7597127964289],[-85.427553,41.759706],[-85.432471,41.759684],[-85.4411498960452,41.7596494873337],[-85.4866388056442,41.7594685952535],[-85.515959,41.759352],[-85.5160019781612,41.7593550189721],[-85.518251,41.759513],[-85.5184490094094,41.7595120376375],[-85.5257560125818,41.7594765242454],[-85.607548,41.759079],[-85.608312,41.759193],[-85.6222413856281,41.759052692814],[-85.622608,41.759049],[-85.624987,41.759093],[-85.632714,41.759164],[-85.647683,41.759125],[-85.650738,41.759103],[-85.6597500080009,41.7591008018301],[-85.662640587666,41.7591000967725],[-85.6772410130581,41.7590965355001],[-85.682571,41.7590952354328],[-85.7185450091373,41.7590864608087],[-85.724534,41.759085],[-85.7281523954672,41.7590858527918],[-85.7379229867651,41.7590881555472],[-85.749992,41.759091],[-85.750469,41.75909],[-85.7740328731805,41.7591446658841],[-85.775039,41.759147],[-85.7909257329698,41.7590535715287],[-85.7913348421892,41.7590511655936],[-85.791141,41.761042]]]}},{"type":"Feature","id":"26153","properties":{"id":"26153","FIPS":"26153","stateFIPS":"26","name":"Schoolcraft","state":"MI","sourceId":"census-counties-2024"},"geometry":{"type":"Polygon","coordinates":[[[-86.61527,46.245785],[-86.615397,46.333263],[-86.465847,46.332522],[-86.45001,46.332412],[-86.442209,46.332403],[-86.364989,46.331927],[-86.365062,46.346576],[-86.364953,46.505852],[-86.240148,46.505262],[-85.864932,46.504758],[-85.864568,46.331702],[-85.864767,46.270779],[-85.865025,46.244631],[-85.865215,46.187439],[-85.865116,46.158439],[-85.864594,46.101216],[-85.8654007827799,45.9683956852428],[-85.868812,45.968435],[-85.870705,45.969849],[-85.872168,45.96979],[-85.875023,45.968307],[-85.882175,45.968989],[-85.894391,45.966949],[-85.899492,45.962594],[-85.9091,45.959074],[-85.91957,45.952104],[-85.923264,45.947592],[-85.92214,45.944574],[-85.922774,45.943565],[-85.923941,45.943076],[-85.926213,45.938093],[-85.925505,45.936481],[-85.9260114201272,45.9321517013734],[-85.926017,45.932104],[-85.92381,45.93028],[-85.919675,45.929029],[-85.917108,45.928404],[-85.916027,45.927085],[-85.915394,45.924102],[-85.914562,45.92278],[-85.91231,45.92243],[-85.911027,45.922794],[-85.9106218935484,45.922425],[-85.910006,45.921864],[-85.910759,45.920368],[-85.913769,45.919439],[-85.916561,45.920672],[-85.920771,45.92068],[-85.9235614815525,45.9224927196652],[-85.927024,45.924742],[-85.9296555345396,45.9258991585601],[-85.9302032216429,45.9261399917356],[-85.934515,45.928036],[-85.9345915529989,45.9280427234959],[-85.937259,45.928277],[-85.943969,45.929525],[-85.950583,45.933868],[-85.954063,45.936629],[-85.956922,45.938118],[-85.9917217506748,45.948778773284],[-85.998868,45.950968],[-86.0005041892984,45.9513637442563],[-86.01744,45.95546],[-86.050956,45.962205],[-86.062159,45.964277],[-86.072067,45.965313],[-86.085201,45.966118],[-86.091969,45.964981],[-86.094753,45.966704],[-86.097532,45.966391],[-86.106831,45.965804],[-86.11081,45.964847],[-86.1165571741065,45.96480239937],[-86.123567,45.964748],[-86.1274773786344,45.9634458574611],[-86.130495,45.962441],[-86.133154,45.962216],[-86.134275,45.960803],[-86.136553,45.9603],[-86.135942,45.957514],[-86.137787,45.956652],[-86.142947,45.956753],[-86.145714,45.957372],[-86.147132,45.955672],[-86.149448,45.954962],[-86.150576,45.953736],[-86.152004,45.953741],[-86.153396,45.954346],[-86.159415,45.953765],[-86.163055,45.954078],[-86.166558,45.956471],[-86.169433,45.956843],[-86.17463,45.958055],[-86.179391,45.957169],[-86.182002,45.958081],[-86.184172,45.959833],[-86.190664,45.960285],[-86.192168,45.961762],[-86.1963928013966,45.9631129870533],[-86.196618,45.963185],[-86.203679,45.963392],[-86.208255,45.962978],[-86.214702,45.961364],[-86.220546,45.958883],[-86.2209941368666,45.9575822583664],[-86.2213023234908,45.9566877299244],[-86.221603,45.955815],[-86.224777,45.953797],[-86.224947,45.952567],[-86.225923,45.95088],[-86.2285061865735,45.9489778128834],[-86.22906,45.94857],[-86.230164,45.947361],[-86.233613,45.945802],[-86.236491,45.945611],[-86.239214,45.94724],[-86.240345,45.948072],[-86.243248,45.948024],[-86.2459252080125,45.948421783466],[-86.246667,45.948532],[-86.248777,45.949279],[-86.251477,45.948596],[-86.252336,45.949504],[-86.261697,45.947796],[-86.265148,45.945975],[-86.268988,45.945585],[-86.271675706422,45.9447786880734],[-86.275768,45.943551],[-86.278007,45.942057],[-86.2780561270474,45.94202232422],[-86.27936,45.941102],[-86.281717,45.938608],[-86.28163,45.936668],[-86.278729,45.934851],[-86.277525,45.933302],[-86.282866,45.928491],[-86.2857,45.926049],[-86.289028,45.924707],[-86.289833,45.925911],[-86.292243,45.926089],[-86.297794,45.92472],[-86.306224,45.921501],[-86.315981,45.915247],[-86.324232,45.90608],[-86.3250925349858,45.9030968624615],[-86.32537,45.902135],[-86.323542,45.900734],[-86.32251,45.897251],[-86.3227732969214,45.8969582818883],[-86.326564,45.892744],[-86.327236,45.887949],[-86.325118,45.887011],[-86.327818,45.882821],[-86.32824,45.880097],[-86.330528,45.878242],[-86.332559,45.874508],[-86.334844,45.869262],[-86.335158,45.866213],[-86.334733,45.8638],[-86.332081,45.860923],[-86.329161,45.859925],[-86.327946,45.858177],[-86.327108,45.855065],[-86.328693,45.854117],[-86.330471,45.853301],[-86.332625,45.851813],[-86.335385,45.849968],[-86.338357,45.848951],[-86.340354,45.846947],[-86.339566,45.845532],[-86.340491,45.843774],[-86.340291,45.842285],[-86.342564,45.839396],[-86.344885,45.83821],[-86.347928,45.835945],[-86.349134,45.83416],[-86.349432,45.832252],[-86.348669,45.83109],[-86.347832,45.82793],[-86.346279,45.825844],[-86.346589,45.823056],[-86.345727,45.821311],[-86.347554,45.819454],[-86.351008,45.816733],[-86.352844,45.814052],[-86.353137,45.812739],[-86.353332,45.810676],[-86.355062,45.805355],[-86.353272,45.80235],[-86.351146,45.801702],[-86.34912,45.799812],[-86.346402,45.799004],[-86.346792,45.798406],[-86.346903,45.797298],[-86.348938,45.797844],[-86.351409,45.798221],[-86.353213,45.797033],[-86.355448,45.794863],[-86.35611,45.79266],[-86.354678,45.791513],[-86.355962,45.791308],[-86.360465,45.792527],[-86.362287,45.790867],[-86.363539,45.789317],[-86.366273,45.791554],[-86.368649,45.790809],[-86.369918,45.789254],[-86.370551,45.788074],[-86.372096,45.787577],[-86.373165,45.790394],[-86.37471,45.791306],[-86.376255,45.79172],[-86.378157,45.790643],[-86.387783,45.795035],[-86.390516,45.795946],[-86.392655,45.795117],[-86.393683,45.793365],[-86.392536,45.791554],[-86.39341,45.789526],[-86.395809,45.78974],[-86.397944,45.791147],[-86.399664,45.794785],[-86.401656,45.795412],[-86.408858,45.795228],[-86.415971,45.793793],[-86.4232420505005,45.7904714836485],[-86.424828,45.789747],[-86.425977,45.787542],[-86.428395,45.786373],[-86.429395,45.781862],[-86.427628,45.778985],[-86.425577,45.777873],[-86.425687,45.77627],[-86.429627,45.774888],[-86.432166,45.768205],[-86.435159,45.76778],[-86.436632,45.761697],[-86.440205,45.76137],[-86.442448,45.764057],[-86.446088,45.765454],[-86.449705,45.764536],[-86.450669,45.76039],[-86.453663,45.757792],[-86.457735,45.757121],[-86.4598664235975,45.7578991800022],[-86.459114,45.896363],[-86.49025,45.896337],[-86.489966,45.954624],[-86.489341,46.07103],[-86.490139,46.071034],[-86.489894,46.127238],[-86.490142,46.158178],[-86.615601,46.158691],[-86.61527,46.245785]]]}},{"type":"Feature","id":"26009","properties":{"id":"26009","FIPS":"26009","stateFIPS":"26","name":"Antrim","state":"MI","sourceId":"census-counties-2024"},"geometry":{"type":"Polygon","coordinates":[[[-85.43806,44.865138],[-85.4352,44.868216],[-85.429363,44.87656],[-85.428103,44.879284],[-85.425804,44.881646],[-85.4257207906391,44.8818822964466],[-85.4243384162537,44.8858079383661],[-85.423969,44.886857],[-85.423961,44.890255],[-85.424189,44.891265],[-85.4238615835095,44.8935757548745],[-85.423685,44.894822],[-85.4231308533998,44.8953584960048],[-85.420985,44.897436],[-85.417918,44.898653],[-85.4153298728274,44.8995599926023],[-85.414471124059,44.8998609356117],[-85.4131964839121,44.9003076250929],[-85.413184,44.900312],[-85.414023,44.902368],[-85.409596,44.905136],[-85.408439,44.906613],[-85.408633,44.907961],[-85.406916,44.909522],[-85.40597,44.910538],[-85.406173,44.911773],[-85.406312,44.913801],[-85.404128,44.916607],[-85.403952,44.919263],[-85.402273,44.921684],[-85.399874,44.92414],[-85.3958,44.931018],[-85.394697108737,44.9364103282426],[-85.3945759190097,44.9370028569999],[-85.39403,44.939672],[-85.39168,44.943282],[-85.39017,44.946372],[-85.389256,44.948057],[-85.389263,44.950202],[-85.390922,44.953439],[-85.390392,44.956823],[-85.387618,44.962549],[-85.38482,44.965561],[-85.3844779057599,44.9667288595566],[-85.383102,44.971426],[-85.381982,44.977746],[-85.383538,44.980526],[-85.383081,44.985071],[-85.383419,44.987242],[-85.384519,44.988811],[-85.384115,44.989615],[-85.3831274811341,44.9907982179216],[-85.382364,44.991713],[-85.3808,44.994349],[-85.380369,44.996279],[-85.378286,44.998587],[-85.37588,45.00329],[-85.375995,45.007429],[-85.3787302103263,45.012571445776],[-85.380365,45.015645],[-85.381654,45.018407],[-85.3816007498122,45.019904043938],[-85.381557,45.021134],[-85.380785,45.023376],[-85.380772,45.02567],[-85.381293,45.028956],[-85.381476,45.030721],[-85.381358,45.032978],[-85.379607,45.036396],[-85.379289,45.039979],[-85.380317,45.045789],[-85.376849,45.055727],[-85.3710140821967,45.0627340715443],[-85.368949,45.065214],[-85.36657,45.068355],[-85.366019,45.071475],[-85.367202,45.073799],[-85.36985,45.074884],[-85.370154,45.076185],[-85.367128,45.082695],[-85.366344,45.087828],[-85.366772,45.089555],[-85.366011,45.092305],[-85.366857,45.093212],[-85.366974,45.093836],[-85.365524,45.09642],[-85.364515,45.10219],[-85.364699,45.103322],[-85.36536,45.104343],[-85.364026,45.106916],[-85.3636887056548,45.1098786525696],[-85.36349,45.111624],[-85.365326,45.115513],[-85.366908,45.116938],[-85.3697134128614,45.1215466448614],[-85.372571,45.126241],[-85.3731226328656,45.1282489640098],[-85.3734650141166,45.1294952444122],[-85.3736036116832,45.1299997446749],[-85.3754054835763,45.1365586249322],[-85.376902,45.142006],[-85.377937,45.143767],[-85.380279,45.144661],[-85.380965,45.145559],[-85.379926,45.149395],[-85.378866,45.151602],[-85.378994,45.153947],[-85.379109,45.156048],[-85.378691,45.157902],[-85.378852,45.159987],[-85.379577,45.161086],[-85.378522,45.164081],[-85.378793,45.166429],[-85.378752,45.169846],[-85.379733,45.172238],[-85.37981,45.17643],[-85.380464,45.180876],[-85.382332,45.181915],[-85.383222,45.18345],[-85.384065,45.185793],[-85.383786,45.187227],[-85.384087,45.188384],[-85.385566,45.189453],[-85.386726,45.189497],[-85.38814,45.191531],[-85.387095,45.193371],[-85.3863992864587,45.1973014331536],[-85.386396,45.19732],[-85.387453,45.198909],[-85.3872347604499,45.2007530975185],[-85.387044,45.202365],[-85.386806,45.205464],[-85.388661,45.207572],[-85.3886942098005,45.2077658295999],[-85.374135,45.207586],[-85.324064,45.206907],[-85.313284,45.206732],[-85.303725,45.206505],[-85.298854,45.20648],[-85.283133,45.206227],[-85.263125,45.20611],[-85.222707,45.20556],[-85.223028,45.165099],[-85.223078,45.160662],[-85.223681,45.117861],[-85.208837,45.11793],[-85.206285,45.117836],[-85.202507,45.117845],[-85.199139,45.117795],[-85.190179,45.117938],[-85.12946,45.118131],[-85.100011,45.118071],[-85.099224,45.118071],[-85.020869,45.117942],[-85.019562,45.117945],[-85.014634,45.117935],[-84.978695,45.118437],[-84.948402,45.11776],[-84.918116,45.117216],[-84.897044,45.116863],[-84.887888,45.116759],[-84.857452,45.116707],[-84.857319,45.029757],[-84.849524,45.029633],[-84.849767,45.026651],[-84.849729,44.991515],[-84.849788,44.991219],[-84.849715,44.98866],[-84.849795,44.974141],[-84.849328,44.945047],[-84.848063,44.915892],[-84.848228,44.901365],[-84.847309,44.858037],[-84.968874,44.858945],[-84.972559,44.858959],[-85.011092,44.858844],[-85.051289,44.858907],[-85.091354,44.858695],[-85.105113,44.858756],[-85.113169,44.858674],[-85.1527,44.858914],[-85.173464,44.85901],[-85.175742,44.859151],[-85.211092,44.859225],[-85.231416,44.859341],[-85.246316,44.85937],[-85.251929,44.859386],[-85.282532,44.859545],[-85.291716,44.859608],[-85.304087,44.856176],[-85.306993,44.855059],[-85.312914,44.853564],[-85.316256,44.85321],[-85.32087,44.852163],[-85.323492,44.85194],[-85.327595,44.85076],[-85.327588,44.850413],[-85.326975,44.848029],[-85.324393,44.847161],[-85.323135,44.846014],[-85.320375,44.835704],[-85.319913,44.832997],[-85.320962,44.830572],[-85.321147,44.828028],[-85.32015,44.826003],[-85.316548,44.823514],[-85.316631,44.821284],[-85.318091,44.819475],[-85.323124,44.819279],[-85.325362,44.818199],[-85.330306,44.815192],[-85.332836,44.812372],[-85.339748,44.818043],[-85.341125,44.820689],[-85.342767,44.825061],[-85.344094,44.826939],[-85.345283,44.827543],[-85.348542,44.827811],[-85.35466,44.826627],[-85.358395,44.825565],[-85.363639,44.825199],[-85.369304,44.825762],[-85.37195,44.826723],[-85.374555,44.828816],[-85.37506,44.829325],[-85.376751,44.834447],[-85.381983,44.859568],[-85.421807,44.859721],[-85.428657,44.859761],[-85.44311,44.859818],[-85.43806,44.865138]]]}},{"type":"Feature","id":"39135","properties":{"id":"39135","FIPS":"39135","stateFIPS":"39","name":"Preble","state":"OH","sourceId":"census-counties-2024"},"geometry":{"type":"Polygon","coordinates":[[[-84.8151219671,39.5729483476845],[-84.8151160645821,39.5737456916319],[-84.8149537074524,39.5956777683499],[-84.8148035333193,39.6159641001834],[-84.8147378884017,39.6248317696894],[-84.814711,39.628464],[-84.814695250256,39.637765098847],[-84.814684,39.644409],[-84.8146469454219,39.653767],[-84.8146387163885,39.6558452126991],[-84.814587,39.668906],[-84.814611,39.680236],[-84.814385,39.724013],[-84.8143808402518,39.7266199184851],[-84.814353808369,39.7435608273092],[-84.814288,39.784803],[-84.814221,39.79339],[-84.814225,39.801668],[-84.81414,39.81136],[-84.814187,39.813687],[-84.8141722128065,39.8141588186245],[-84.814169675708,39.8142397704505],[-84.813842,39.824695],[-84.8138676998716,39.8286546839191],[-84.8138795435849,39.830479493081],[-84.813896,39.833015],[-84.8138852182962,39.8336159757449],[-84.813715,39.843104],[-84.813689,39.843219],[-84.813603,39.850197],[-84.81349,39.853648],[-84.813089,39.875073],[-84.812849,39.890096],[-84.8128233976328,39.891608413007],[-84.812644,39.902206],[-84.812411,39.916916],[-84.779181,39.916826],[-84.767409,39.916801],[-84.761267,39.916793],[-84.733241,39.916772],[-84.723185,39.916536],[-84.704293,39.916528],[-84.673567,39.916602],[-84.671614,39.916611],[-84.661354,39.916671],[-84.652529,39.916656],[-84.613383,39.916596],[-84.60945,39.916836],[-84.596249,39.916743],[-84.52954,39.917775],[-84.525622,39.91784],[-84.513955,39.918009],[-84.513498,39.91802],[-84.505486,39.918135],[-84.485367,39.918491],[-84.485653,39.918132],[-84.485299,39.910791],[-84.48537,39.905297],[-84.485162,39.897716],[-84.484215,39.85991],[-84.483761,39.839283],[-84.48359,39.830398],[-84.483308,39.817663],[-84.483137,39.809343],[-84.482704,39.788283],[-84.481885,39.7448],[-84.481411,39.722809],[-84.480567,39.677342],[-84.480458,39.670963],[-84.480304,39.663561],[-84.480088,39.662282],[-84.479961,39.661484],[-84.480149,39.65705],[-84.479726,39.621916],[-84.479713,39.620969],[-84.479569,39.612195],[-84.479416,39.604091],[-84.479213,39.591024],[-84.47908,39.573844],[-84.478927,39.56879],[-84.498016,39.568283],[-84.510223,39.568195],[-84.515281,39.568122],[-84.524849,39.568069],[-84.553743,39.567779],[-84.591531,39.567532],[-84.632061,39.567353],[-84.643361,39.567364],[-84.645998,39.567364],[-84.650372,39.567365],[-84.69661,39.567487],[-84.703037,39.567467],[-84.714062,39.567454],[-84.721641,39.567565],[-84.73983,39.567241],[-84.74636,39.566955],[-84.75785,39.566806],[-84.763092,39.566604],[-84.770004,39.567623],[-84.785967,39.567664],[-84.808178,39.56771],[-84.8149405460834,39.5677117935465],[-84.815156,39.568351],[-84.8151219671,39.5729483476845]]]}},{"type":"Feature","id":"39015","properties":{"id":"39015","FIPS":"39015","stateFIPS":"39","name":"Brown","state":"OH","sourceId":"census-counties-2024"},"geometry":{"type":"Polygon","coordinates":[[[-84.052447,38.772229],[-84.048004,38.806555],[-84.042709,38.847407],[-84.040718,38.862792],[-84.038867,38.876948],[-84.037802,38.884771],[-84.037221,38.889644],[-84.036627,38.89514],[-84.03599,38.901024],[-84.035734,38.903362],[-84.035347,38.906697],[-84.034144,38.916272],[-84.032758,38.927333],[-84.031706,38.935703],[-84.026211,38.978923],[-84.0256,38.984417],[-84.025441,38.985821],[-84.021322,39.013527],[-84.01862,39.033718],[-84.017016,39.044824],[-84.014699,39.061282],[-84.013522,39.069624],[-84.012544,39.076609],[-84.010468,39.091404],[-84.00714,39.117675],[-84.005108,39.130269],[-84.00493,39.131592],[-84.004463,39.135475],[-84.003919,39.14001],[-84.003842,39.140647],[-84.003163,39.146288],[-84.002912,39.148361],[-83.999779,39.17414],[-83.99776,39.191092],[-83.997536,39.192893],[-83.99572,39.207401],[-83.991905,39.238077],[-83.991862,39.238427],[-83.990696,39.247824],[-83.989921,39.254096],[-83.950133,39.251882],[-83.949196,39.25188],[-83.945978,39.251702],[-83.943775,39.25158],[-83.893235,39.248826],[-83.884211,39.248337],[-83.865679,39.247333],[-83.865935,39.230582],[-83.865902,39.230087],[-83.86612,39.227226],[-83.866685,39.195301],[-83.866995,39.179125],[-83.86703,39.175258],[-83.867444,39.142105],[-83.867701,39.13765],[-83.867911,39.125428],[-83.868191,39.118344],[-83.86846,39.104138],[-83.872057,39.02356],[-83.872214,39.021304],[-83.820681,39.020201],[-83.81926,39.020179],[-83.816859,39.020173],[-83.809178,39.020217],[-83.805728,39.020227],[-83.805521,39.020227],[-83.805396,39.020227],[-83.804407,39.020232],[-83.782891,39.020323],[-83.774717,39.020371],[-83.750864,39.020465],[-83.705203,39.021347],[-83.673018,39.02043],[-83.674861,38.999653],[-83.675159,38.999217],[-83.677647,38.96961],[-83.679427,38.949675],[-83.67963,38.947422],[-83.681744,38.921212],[-83.683044,38.906197],[-83.686288,38.867528],[-83.686963,38.860307],[-83.689024,38.83825],[-83.691069,38.816394],[-83.691393,38.812926],[-83.691741,38.80941],[-83.693043,38.795762],[-83.693958,38.785719],[-83.694864,38.776002],[-83.695551,38.768614],[-83.696194,38.761722],[-83.699098,38.730004],[-83.702973,38.684271],[-83.7053141053281,38.6397614373579],[-83.708164,38.639843],[-83.7121718779562,38.641179724035],[-83.713405,38.641591],[-83.716933,38.643657],[-83.7178110163233,38.645078635391],[-83.717915,38.645247],[-83.720779,38.646704],[-83.738207,38.647932],[-83.7495541661408,38.6495604970787],[-83.7498217097683,38.6495988938035],[-83.74992,38.649613],[-83.7587736401926,38.6513731248766],[-83.762445,38.652103],[-83.76509,38.652881],[-83.769347,38.65522],[-83.77216,38.65815],[-83.7732693470806,38.6607987548456],[-83.775761,38.666748],[-83.777141,38.671205],[-83.779961,38.684907],[-83.78362,38.695641],[-83.7837947253569,38.6958334830156],[-83.787113,38.699489],[-83.790676,38.701676],[-83.798549,38.704668],[-83.8058336013663,38.7064919636531],[-83.806317,38.706613],[-83.81388,38.707446],[-83.821854,38.709575],[-83.8227253267636,38.7100359197492],[-83.8257127476902,38.7116162239036],[-83.8332638845197,38.7156106703491],[-83.834015,38.716008],[-83.836696,38.717857],[-83.8391538748146,38.7204132150227],[-83.840595,38.721912],[-83.841689,38.724264],[-83.842506,38.727019],[-83.84274,38.730365],[-83.844676,38.737439],[-83.846207,38.74229],[-83.8474869259069,38.7447657727871],[-83.848734,38.747178],[-83.852085,38.751433],[-83.853814741182,38.752768361189],[-83.859028,38.756793],[-83.86653,38.7602],[-83.873168,38.762418],[-83.887107,38.7656],[-83.9039169444849,38.7681517942292],[-83.903971,38.76816],[-83.912922,38.769763],[-83.915855924909,38.7696960559625],[-83.917217,38.769665],[-83.926986,38.771562],[-83.928591,38.772203],[-83.928454,38.774583],[-83.943978,38.783616],[-83.953546,38.786172],[-83.9590529004392,38.7869501699116],[-83.9604879777931,38.7871529580372],[-83.962123,38.787384],[-83.9751262400056,38.7871658640464],[-83.978814,38.787104],[-83.995447,38.781912],[-83.9964525014975,38.7817463191677],[-84.006104,38.780156],[-84.0203520013064,38.7758880496998],[-84.023113,38.775061],[-84.0285854746931,38.7739116087635],[-84.0358530163388,38.7723851971953],[-84.044486,38.770572],[-84.051642,38.771397],[-84.0526699451033,38.7713755116846],[-84.052447,38.772229]]]}},{"type":"Feature","id":"39105","properties":{"id":"39105","FIPS":"39105","stateFIPS":"39","name":"Meigs","state":"OH","sourceId":"census-counties-2024"},"geometry":{"type":"Polygon","coordinates":[[[-82.322874,39.027674],[-82.321256,39.045265],[-82.318128,39.07933],[-82.317851,39.080341],[-82.314703,39.116582],[-82.313165,39.130772],[-82.310081,39.168068],[-82.306669,39.205494],[-82.268583,39.20376],[-82.192247,39.199719],[-82.178216,39.19899],[-82.15635,39.197851],[-82.079193,39.193802],[-82.055212,39.192784],[-82.049259,39.192282],[-82.017233,39.191167],[-82.004171,39.190607],[-81.988689,39.189532],[-81.984104,39.189745],[-81.960882,39.188744],[-81.937098,39.187797],[-81.925254,39.187323],[-81.857718,39.1846],[-81.843096,39.184007],[-81.841324,39.183937],[-81.840465,39.183904],[-81.7558150545194,39.1805241965567],[-81.756254,39.177276],[-81.754254,39.171476],[-81.744621,39.148413],[-81.743565,39.141933],[-81.744525,39.138829],[-81.744838,39.130898],[-81.744568,39.126816],[-81.742153,39.116777],[-81.742953,39.106578],[-81.743853,39.102378],[-81.745453,39.098078],[-81.7472527006579,39.0953784490132],[-81.747253,39.095378],[-81.752353,39.089878],[-81.7582054823996,39.0858370002479],[-81.760753,39.084078],[-81.764854,39.081978],[-81.775554,39.078378],[-81.781454,39.078078],[-81.785554,39.078578],[-81.790754,39.079778],[-81.798155,39.082878],[-81.803055,39.083878],[-81.807855,39.083978],[-81.810655,39.083278],[-81.812355,39.082078],[-81.813855,39.079278],[-81.814155,39.073478],[-81.813355,39.065878],[-81.8126711272538,39.0633436480582],[-81.811655,39.059578],[-81.808955,39.055178],[-81.803355,39.047678],[-81.800355,39.044978],[-81.793304,39.040353],[-81.786554,39.036579],[-81.7775189923948,39.0297203080953],[-81.772854,39.026179],[-81.767253,39.019979],[-81.764253,39.015279],[-81.764253,39.006579],[-81.765153,39.002579],[-81.767188,39.000115],[-81.771975,38.996845],[-81.774062,38.993682],[-81.775551,38.990107],[-81.776723,38.985142],[-81.776466,38.982048],[-81.775734,38.980737],[-81.779883,38.972773],[-81.78182,38.964935],[-81.780736,38.958975],[-81.7799901088885,38.9577589332117],[-81.778845,38.955892],[-81.77396,38.951645],[-81.769703,38.948707],[-81.767083,38.946329],[-81.7646787383145,38.9434574940029],[-81.76256,38.940927],[-81.762236,38.93988],[-81.761016,38.938003],[-81.758533,38.937162],[-81.757636,38.937147],[-81.756975,38.937152],[-81.756832088136,38.9365412380408],[-81.756131,38.933545],[-81.7577328613089,38.9297659562469],[-81.758506,38.927942],[-81.759995,38.925828],[-81.762659,38.924121],[-81.766227,38.922946],[-81.76976,38.92273],[-81.774106,38.922965],[-81.781248,38.924804],[-81.785647,38.926193],[-81.793372,38.930204],[-81.796376,38.932498],[-81.806137,38.942112],[-81.814235,38.946168],[-81.819692,38.947016],[-81.8209210682762,38.9469208359209],[-81.8213042271501,38.946891168764],[-81.825026,38.946603],[-81.827354,38.945898],[-81.831516,38.943697],[-81.838067,38.937135],[-81.844486,38.928746],[-81.84607,38.913192],[-81.8453611988026,38.9102894684477],[-81.845312,38.910088],[-81.848653,38.901407],[-81.855971,38.892734],[-81.858921,38.89019],[-81.8653365337344,38.8865603280529],[-81.874857,38.881174],[-81.889233,38.874279],[-81.892837,38.873869],[-81.898541,38.874582],[-81.908645,38.87846],[-81.910312,38.879294],[-81.915898,38.88427],[-81.926967,38.891602],[-81.928,38.893492],[-81.928352,38.895371],[-81.926671,38.901311],[-81.919098,38.908615],[-81.917757,38.910604],[-81.9133582980239,38.9143520779594],[-81.911936,38.915564],[-81.908341,38.917403],[-81.90091,38.924338],[-81.899953,38.925405],[-81.89847,38.929603],[-81.8995113487633,38.9335566949754],[-81.900595,38.937671],[-81.9066,38.945262],[-81.9113465133288,38.9526388761832],[-81.912443,38.954343],[-81.9145647947333,38.9588476316189],[-81.918214,38.966595],[-81.926561,38.977508],[-81.933186,38.987659],[-81.9358133845656,38.9896464916195],[-81.936828,38.990414],[-81.941829,38.993295],[-81.9481034788321,38.9950805321858],[-81.949006129934,38.9953374001486],[-81.951447,38.996032],[-81.95926,38.995227],[-81.960832,38.994275],[-81.9641071505716,38.9936517912996],[-81.967769,38.992955],[-81.973871,38.992413],[-81.9741719749154,38.992435337982],[-81.977455,38.992679],[-81.979371,38.993193],[-81.981158,38.994351],[-81.982032,38.995697],[-81.9825404863235,39.0000780735222],[-81.982761,39.001978],[-81.983761,39.005478],[-81.9840227519759,39.0059935720738],[-81.9861010637729,39.0100872165224],[-81.987061,39.011978],[-81.9874078972596,39.0124943122003],[-81.991361,39.018378],[-81.9939064372523,39.021276970204],[-81.994961,39.022478],[-82.0005716852638,39.0266283699212],[-82.002261,39.027878],[-82.0043314995195,39.0287158610284],[-82.00599,39.029387],[-82.010707,39.029818],[-82.0218807444415,39.0294032848963],[-82.022562,39.029378],[-82.0245191153846,39.0289865769231],[-82.028062,39.028278],[-82.031678,39.027003],[-82.037749,39.023865],[-82.039963,39.020678],[-82.042062,39.016778],[-82.042146,39.014642],[-82.0426970916312,39.0135217875675],[-82.0426999708649,39.0135159349048],[-82.043063,39.012778],[-82.0434036130355,39.0115989548769],[-82.0444301804922,39.0080454521422],[-82.045663,39.003778],[-82.049163,38.997278],[-82.051563,38.994378],[-82.05594763948,38.9917597595106],[-82.058764,38.990078],[-82.068864,38.984878],[-82.079364,38.981078],[-82.0860498197158,38.9775631375579],[-82.089065,38.975978],[-82.091565,38.973778],[-82.093165,38.97098],[-82.094865,38.964578],[-82.0987875853958,38.9584532613995],[-82.0988733706356,38.9583193160251],[-82.098665,38.963424],[-82.096633,38.989109],[-82.096589,38.991214],[-82.095465,39.002778],[-82.209398,39.008063],[-82.211046,39.008119],[-82.238146,39.009376],[-82.274072,39.010576],[-82.309949,39.012734],[-82.313221,39.012746],[-82.320477,39.013152],[-82.323894,39.013154],[-82.322874,39.027674]]]}},{"type":"Feature","id":"39111","properties":{"id":"39111","FIPS":"39111","stateFIPS":"39","name":"Monroe","state":"OH","sourceId":"census-counties-2024"},"geometry":{"type":"Polygon","coordinates":[[[-81.318244,39.738579],[-81.317871,39.750574],[-81.317044,39.772179],[-81.316779,39.779103],[-81.316567,39.784328],[-81.315661,39.806983],[-81.314897,39.827914],[-81.314372,39.84538],[-81.313591,39.869471],[-81.237316,39.867828],[-81.222318,39.867538],[-81.17523,39.866355],[-81.150927,39.865775],[-81.127126,39.865039],[-81.12713,39.864007],[-81.10595,39.86325],[-81.093439,39.862868],[-81.074342,39.862229],[-81.073571,39.862205],[-81.064909,39.861898],[-81.064066,39.861867],[-81.058287,39.861646],[-81.017087,39.859875],[-81.017147,39.858182],[-80.999456,39.857586],[-80.961331,39.855822],[-80.954161,39.855463],[-80.904446,39.852976],[-80.89616,39.852563],[-80.882471,39.851956],[-80.829111,39.850159],[-80.822705,39.850014],[-80.821279,39.849982],[-80.824276,39.847159],[-80.826124,39.844238],[-80.826964,39.841656],[-80.826228,39.835802],[-80.82303,39.827484],[-80.82248,39.824971],[-80.822181,39.811708],[-80.8232519550403,39.8076300736342],[-80.8244628391605,39.8030193326657],[-80.824969,39.801092],[-80.826079,39.798584],[-80.835311,39.79069],[-80.8469196701721,39.7842057685771],[-80.863048,39.775197],[-80.866329,39.771738],[-80.869092,39.766364],[-80.869933,39.763555],[-80.8698676465839,39.7633749355386],[-80.867596,39.757116],[-80.8667336220332,39.755639220717],[-80.865339,39.753251],[-80.854717,39.742592],[-80.852738,39.74104],[-80.8504793557715,39.7399431286942],[-80.846091,39.737812],[-80.836597,39.723925],[-80.834563,39.721582],[-80.8334627700662,39.7208123504414],[-80.831551,39.719475],[-80.8314285415726,39.7191109742372],[-80.829723,39.714041],[-80.829764,39.711839],[-80.8300116272451,39.7111122193244],[-80.831871,39.705655],[-80.833882,39.703497],[-80.839112,39.701033],[-80.844721,39.69944],[-80.852,39.69856],[-80.854599,39.697473],[-80.8582007602424,39.6955261572675],[-80.861718,39.693625],[-80.863698,39.691724],[-80.8643941644927,39.689992674921],[-80.865805,39.686484],[-80.86633,39.683167],[-80.86667,39.678487],[-80.8658870830821,39.6672358761455],[-80.865575,39.662751],[-80.866647,39.652616],[-80.8676262698036,39.6508405885018],[-80.869802,39.646896],[-80.8705576654365,39.6437680597876],[-80.870771,39.642885],[-80.870473,39.641764],[-80.8708039629349,39.6400692519548],[-80.87102,39.638963],[-80.8718121226678,39.6370742755578],[-80.8722664696468,39.6359909379899],[-80.876002,39.627084],[-80.88036,39.620706],[-80.892208,39.616756],[-80.8963671709322,39.6167569659013],[-80.896514,39.616757],[-80.906247,39.618431],[-80.9160699777766,39.6186659292144],[-80.91762,39.618703],[-80.9199584652058,39.6183312235708],[-80.925841,39.617396],[-80.933292,39.614812],[-80.936906,39.612616],[-80.943782,39.606926],[-80.948280827963,39.6040905602555],[-80.970436,39.590127],[-80.9732171857765,39.5878927221703],[-80.9780399208381,39.5840183567404],[-80.978664,39.583517],[-80.987732,39.577262],[-80.993695,39.571253],[-80.9937654547917,39.5712046628914],[-80.996804,39.56912],[-81.00866,39.562798],[-81.0119311381643,39.5606771427154],[-81.020055,39.55541],[-81.0239,39.552313],[-81.026662,39.548547],[-81.0286642868806,39.5466423438741],[-81.030169,39.545211],[-81.038706017301,39.5400475328739],[-81.036791,39.572118],[-81.062296,39.57307],[-81.141591,39.57583],[-81.160251,39.576363],[-81.201583,39.577598],[-81.215887,39.578074],[-81.241301,39.578846],[-81.246808,39.579037],[-81.246797,39.576594],[-81.262735,39.5768],[-81.265347,39.57681],[-81.264261,39.605344],[-81.283075,39.605796],[-81.280731,39.678783],[-81.280577,39.692206],[-81.281233,39.692195],[-81.280588,39.707112],[-81.280649,39.707112],[-81.280832,39.707113],[-81.280894,39.707114],[-81.319125,39.70736],[-81.318244,39.738579]]]}},{"type":"Feature","id":"39029","properties":{"id":"39029","FIPS":"39029","stateFIPS":"39","name":"Columbiana","state":"OH","sourceId":"census-counties-2024"},"geometry":{"type":"Polygon","coordinates":[[[-81.087391,40.729443],[-81.087278,40.731517],[-81.087235,40.738898],[-81.087258,40.738992],[-81.087208,40.740263],[-81.087137,40.747054],[-81.087081,40.749516],[-81.087082,40.749863],[-81.087093,40.751321],[-81.086757,40.813936],[-81.086868,40.814906],[-81.086794,40.850123],[-81.086758,40.872537],[-81.086734,40.886299],[-81.086723,40.887004],[-81.086686,40.898858],[-81.086679,40.901609],[-81.077119,40.901585],[-81.067116,40.901554],[-81.049737,40.901508],[-81.048475,40.901508],[-81.037128,40.901479],[-81.031994,40.901469],[-81.024052,40.901481],[-81.018961,40.901504],[-80.994158,40.901535],[-80.974906,40.901455],[-80.974153,40.901451],[-80.961216,40.901403],[-80.958254,40.901392],[-80.952604,40.901377],[-80.944005,40.901308],[-80.943338,40.901302],[-80.914275,40.90108],[-80.896032,40.900995],[-80.895998,40.905368],[-80.895813,40.930187],[-80.891285,40.9302],[-80.890482,40.930068],[-80.875978,40.930052],[-80.85637,40.929963],[-80.84043,40.929724],[-80.821635,40.929775],[-80.821907,40.911336],[-80.821912,40.90951],[-80.821936,40.908276],[-80.821923,40.900935],[-80.819814,40.900909],[-80.811459,40.900866],[-80.807067,40.900861],[-80.786937,40.900698],[-80.785155,40.900798],[-80.783382,40.900761],[-80.777974,40.900728],[-80.765202,40.900641],[-80.760049,40.900603],[-80.759259,40.900594],[-80.745671,40.900472],[-80.739017,40.90043],[-80.729331,40.900367],[-80.71176,40.900241],[-80.707065,40.900204],[-80.70475,40.900186],[-80.698618,40.900119],[-80.697551,40.900096],[-80.69018,40.900016],[-80.688703,40.900037],[-80.679361,40.899928],[-80.650877,40.89984],[-80.649372,40.89991],[-80.632067,40.899782],[-80.618399,40.899851],[-80.575784,40.900091],[-80.544615,40.900257],[-80.5197774232307,40.9003241991296],[-80.519764,40.899858],[-80.519002,40.877543],[-80.5190191701796,40.8513393981028],[-80.5190199803735,40.8501029521531],[-80.51902,40.850073],[-80.519081,40.849157],[-80.5190556105642,40.835482078702],[-80.5190136264935,40.8128691752178],[-80.518992,40.801221],[-80.519058,40.792298],[-80.5190579734581,40.7922371925325],[-80.5190567542539,40.7894439957424],[-80.5190542954886,40.7838109643684],[-80.5190503631613,40.7748020024604],[-80.5190324404058,40.7337409696899],[-80.5190289838498,40.725822],[-80.5190252437282,40.717253381264],[-80.5190127188908,40.6885589787347],[-80.5190063759395,40.674027277351],[-80.5190040805793,40.6687686072408],[-80.5189976728611,40.6540885247747],[-80.5189956034644,40.6493475369242],[-80.5189928518136,40.6430435050571],[-80.518991,40.638801],[-80.521917,40.636992],[-80.52566,40.636068],[-80.530093,40.636255],[-80.532737,40.63559],[-80.539541,40.632122],[-80.545892,40.629702],[-80.551126,40.628847],[-80.5529530262932,40.6278630261771],[-80.56072,40.62368],[-80.563419473156,40.6213566332163],[-80.56784,40.617552],[-80.571936,40.615456],[-80.5751550315233,40.614629781909],[-80.576736,40.614224],[-80.579856,40.614304],[-80.5805278407164,40.6145202982026],[-80.583633,40.61552],[-80.5890930362318,40.6200458095001],[-80.5891182341399,40.6200666959791],[-80.592049,40.622496],[-80.594065,40.623664],[-80.598764,40.625263],[-80.603876,40.625064],[-80.6101983248557,40.6233079724465],[-80.616002,40.621696],[-80.627171,40.619936],[-80.6325023396092,40.6170855440647],[-80.634355,40.616095],[-80.6371248891581,40.613440339113],[-80.639379,40.61128],[-80.6395880965203,40.6109942147845],[-80.642806945676,40.606594813503],[-80.6444545687516,40.6043429046002],[-80.644963,40.603648],[-80.651716,40.597744],[-80.653972,40.59648],[-80.655188,40.596544],[-80.6570650823556,40.5952858254927],[-80.662564,40.5916],[-80.665892,40.587728],[-80.667957,40.582496],[-80.670317,40.582529],[-80.708046,40.582975],[-80.719799,40.583103],[-80.73876,40.583199],[-80.74732,40.583327],[-80.747112,40.596991],[-80.747736,40.596959],[-80.810537,40.598149],[-80.81791,40.598305],[-80.822859,40.598385],[-80.830547,40.598528],[-80.861994,40.599404],[-80.861432,40.619627],[-80.861365,40.621979],[-80.861362,40.62204],[-80.861344,40.622755],[-80.861458,40.625062],[-80.860822,40.64257],[-80.865757,40.642647],[-80.918125,40.643464],[-80.917357,40.670281],[-80.917491,40.672706],[-80.917172,40.726934],[-80.974818,40.727003],[-80.994297,40.727029],[-81.00208,40.727142],[-81.037232,40.727377],[-81.043399,40.727427],[-81.084681,40.727984],[-81.087289,40.727816],[-81.087391,40.729443]]]}},{"type":"Feature","id":"39093","properties":{"id":"39093","FIPS":"39093","stateFIPS":"39","name":"Lorain","state":"OH","sourceId":"census-counties-2024"},"geometry":{"type":"Polygon","coordinates":[[[-82.3480701864688,41.4283140090786],[-82.344002,41.42966],[-82.3396870674353,41.4299771628959],[-82.3358204175899,41.430261375417],[-82.332057,41.430538],[-82.322969,41.43035],[-82.3207452470161,41.4302148277838],[-82.3104834332666,41.4295910570159],[-82.2972141583462,41.4287844758394],[-82.2931331456552,41.4285364089302],[-82.29158,41.428442],[-82.2834882732142,41.4292826624945],[-82.279180972213,41.4297301549149],[-82.2697964007671,41.430705133118],[-82.268479,41.430842],[-82.254653,41.434312],[-82.252317,41.435519],[-82.2519350878017,41.4358909859553],[-82.2511777846122,41.436628606151],[-82.250778,41.437018],[-82.244406,41.438828],[-82.2426737916969,41.4396331883122],[-82.2421641945626,41.4398700660917],[-82.236842,41.442344],[-82.2334869048844,41.4440266156773],[-82.2264409119472,41.4475602556398],[-82.225588,41.447988],[-82.2255703086931,41.447998288533],[-82.2254920393345,41.4480438067577],[-82.21676,41.453122],[-82.216452,41.454305],[-82.212973,41.455155],[-82.1997861822808,41.4614711609113],[-82.1902491600082,41.466039159694],[-82.189667,41.466318],[-82.1893891332301,41.4682314794523],[-82.189148,41.469892],[-82.1889917332924,41.4699958081786],[-82.187316,41.471109],[-82.186072,41.470203],[-82.180818,41.472637],[-82.177811,41.471524],[-82.1769089552498,41.4717392843158],[-82.175209,41.472145],[-82.1749856231763,41.472441875982],[-82.173735,41.474104],[-82.171453,41.473036],[-82.1688244600726,41.4737159424909],[-82.1633053148185,41.475143617731],[-82.1531871792025,41.4777609454202],[-82.15212,41.478037],[-82.133798,41.484339],[-82.1330440340223,41.4845605244503],[-82.1307006124116,41.4852490504574],[-82.1301250462521,41.4854181588534],[-82.1300684935126,41.4854347747418],[-82.1274030123684,41.4862179257893],[-82.119544,41.488527],[-82.1131823251655,41.490100659164],[-82.1034344235235,41.4925119541686],[-82.0946240642306,41.4946913334988],[-82.0943945263295,41.4947481132669],[-82.093922,41.494865],[-82.0906177271303,41.4956754512105],[-82.0857958781352,41.4968581239221],[-82.0752343403824,41.4994485912938],[-82.066566833123,41.5015745028112],[-82.0648728186398,41.50199],[-82.0632345715452,41.5023918189155],[-82.06155,41.502805],[-82.0467454630872,41.5065635866564],[-82.044865,41.507041],[-82.0358707080147,41.5096955107416],[-82.0288735562846,41.5117605998513],[-82.027134,41.512274],[-82.0185000440015,41.5138901446025],[-82.017817,41.514018],[-82.012398,41.515513],[-82.007644,41.514765],[-82.005553,41.514979],[-82.0029089794046,41.5145303581657],[-82.0005292938838,41.5141265691487],[-81.998422,41.513769],[-81.997068379851,41.5140818571322],[-81.99519,41.514516],[-81.993564,41.513929],[-81.993716,41.51295],[-81.992053,41.512452],[-81.990959,41.512988],[-81.986753051934,41.5114687272563],[-81.9838145816831,41.5104072929043],[-81.981779,41.509672],[-81.969746,41.505715],[-81.9683268768858,41.5049540930577],[-81.968466,41.504087],[-81.969177,41.492684],[-81.969465,41.478017],[-81.969662,41.45805],[-81.969763,41.44189],[-81.969863,41.431253],[-81.969963,41.418913],[-81.969963,41.416927],[-81.970263,41.411045],[-81.970164,41.405747],[-81.970464,41.389837],[-81.970464,41.388453],[-81.970464,41.386748],[-81.970463,41.384747],[-81.970863,41.375413],[-81.970965,41.369107],[-81.971262,41.351268],[-81.954393,41.351162],[-81.937316,41.350993],[-81.935427,41.350976],[-81.922266,41.350874],[-81.91766,41.350854],[-81.912403,41.350832],[-81.905156,41.350802],[-81.903558,41.350795],[-81.87696,41.350685],[-81.877295,41.330625],[-81.877457,41.322054],[-81.877462,41.320103],[-81.877636,41.312445],[-81.87801,41.283013],[-81.878053,41.275044],[-81.897853,41.274916],[-81.906227,41.275392],[-81.914568,41.275471],[-81.920441,41.27538],[-81.922323,41.275013],[-81.927005,41.274818],[-81.972485,41.274829],[-81.972721,41.261384],[-81.972896,41.260188],[-81.973308,41.237731],[-81.974235,41.208924],[-81.9738,41.207232],[-81.973895,41.199831],[-81.999863,41.199885],[-82.072465,41.19985],[-82.073352,41.168122],[-82.074266,41.136456],[-82.122771,41.136739],[-82.169875,41.137097],[-82.171355,41.069855],[-82.171492,41.063537],[-82.258275,41.06473],[-82.270367,41.065089],[-82.28994,41.065531],[-82.304185,41.065643],[-82.326822,41.065768],[-82.336496,41.065761],[-82.337969,41.115816],[-82.340297,41.129456],[-82.340616,41.137899],[-82.34109,41.173834],[-82.341285,41.187947],[-82.340627,41.197226],[-82.34038,41.200741],[-82.340345,41.206458],[-82.340324,41.211282],[-82.341663,41.257257],[-82.342177,41.276154],[-82.342337,41.284244],[-82.344274,41.33374],[-82.345048,41.353479],[-82.34519,41.356928],[-82.345195,41.357165],[-82.34568,41.367818],[-82.345813,41.370409],[-82.34627,41.382943],[-82.346914,41.401961],[-82.346919,41.402177],[-82.347372,41.411475],[-82.34731,41.413208],[-82.347483,41.415614],[-82.347705,41.4215],[-82.347913,41.425009],[-82.3480701864688,41.4283140090786]]]}},{"type":"Feature","id":"39155","properties":{"id":"39155","FIPS":"39155","stateFIPS":"39","name":"Trumbull","state":"OH","sourceId":"census-counties-2024"},"geometry":{"type":"Polygon","coordinates":[[[-81.003311,41.462814],[-81.003235,41.479222],[-81.003126,41.501478],[-80.904534,41.501138],[-80.884409,41.501047],[-80.810394,41.500609],[-80.791004,41.500458],[-80.713163,41.499677],[-80.618523,41.498414],[-80.5192241242287,41.4993400013133],[-80.519208784418,41.4891108128749],[-80.519169,41.462581],[-80.5190272641538,41.440735157387],[-80.518993,41.435454],[-80.518993,41.4295343333333],[-80.518993,41.42445],[-80.518993,41.416437],[-80.519025,41.416438],[-80.5191991350577,41.3872703778403],[-80.519249,41.378918],[-80.519217,41.372006],[-80.519249,41.36103],[-80.5192491474838,41.3609988286919],[-80.5192977260483,41.3507315466665],[-80.519345,41.34074],[-80.519345,41.340145],[-80.519293,41.339654],[-80.519293,41.339054],[-80.519311,41.339052],[-80.519281,41.337174],[-80.519281,41.337145],[-80.519281,41.335958],[-80.5192653264908,41.3335452591713],[-80.519265,41.333495],[-80.519129,41.312408],[-80.5190821706089,41.3114435941217],[-80.5190809968425,41.3114194215422],[-80.518794,41.305509],[-80.5189732949116,41.2724823447169],[-80.518996,41.2683],[-80.518993,41.268155],[-80.5189879745032,41.2680042350976],[-80.518893,41.265155],[-80.518693,41.248855],[-80.5187637088757,41.243092580176],[-80.5187681114483,41.2427337925204],[-80.5188905203667,41.2327580777175],[-80.5188905634696,41.2327545650465],[-80.518893,41.232556],[-80.518893,41.2278546754386],[-80.518893,41.219356],[-80.5188892101028,41.2187458265534],[-80.518834451817,41.2099297425353],[-80.51883,41.209213],[-80.5188362072335,41.2084616084571],[-80.5188842290377,41.2026485231759],[-80.5189594962126,41.1935373597424],[-80.5190099866341,41.1874254459827],[-80.519144,41.171203],[-80.5191324007928,41.1609305021418],[-80.519115,41.14552],[-80.519167,41.133343],[-80.5191646523219,41.1332183913048],[-80.544652,41.133242],[-80.553578,41.133318],[-80.569098,41.133317],[-80.58739,41.133357],[-80.58747,41.133358],[-80.616185,41.133333],[-80.616309,41.133334],[-80.617398,41.133442],[-80.624244,41.133416],[-80.624347,41.133412],[-80.635074,41.133502],[-80.635204,41.133504],[-80.635468,41.133504],[-80.637756,41.133513],[-80.639357,41.133507],[-80.645351,41.133537],[-80.651649,41.133577],[-80.655741,41.133605],[-80.65937,41.133628],[-80.665491,41.133665],[-80.673411,41.133684],[-80.67711,41.133728],[-80.685592,41.133755],[-80.689121,41.133777],[-80.698454,41.133849],[-80.699053,41.133854],[-80.711149,41.133902],[-80.72358,41.133905],[-80.723722,41.133905],[-80.738494,41.133966],[-80.7385,41.133988],[-80.753549,41.134067],[-80.768742,41.134095],[-80.783716,41.134156],[-80.789472,41.134159],[-80.811163,41.134226],[-80.857206,41.134398],[-80.905972,41.134388],[-80.953892,41.134213],[-80.966247,41.134173],[-80.99417,41.134173],[-81.00229,41.134189],[-81.002532,41.134187],[-81.002615,41.1683],[-81.002614,41.176301],[-81.002617,41.178819],[-81.002572,41.192746],[-81.002578,41.193773],[-81.002713,41.200985],[-81.002745,41.202693],[-81.002758,41.229527],[-81.002759,41.22968],[-81.002764,41.234892],[-81.00288,41.271842],[-81.00319,41.309897],[-81.003191,41.347859],[-81.0032,41.383725],[-81.003202,41.425466],[-81.003066,41.425928],[-81.00316,41.42599],[-81.003325,41.45881],[-81.003311,41.462814]]]}},{"type":"Feature","id":"26081","properties":{"id":"26081","FIPS":"26081","stateFIPS":"26","name":"Kent","state":"MI","sourceId":"census-counties-2024"},"geometry":{"type":"Polygon","coordinates":[[[-85.790557,43.226941],[-85.790557,43.227096],[-85.790533,43.24153],[-85.790455,43.263265],[-85.790448,43.293003],[-85.775505,43.293077],[-85.771046,43.293111],[-85.765649,43.293151],[-85.760765,43.293193],[-85.752657,43.293228],[-85.752157,43.29323],[-85.740997,43.293311],[-85.740607,43.293304],[-85.731184,43.293292],[-85.72651,43.293304],[-85.726151,43.293304],[-85.721713,43.293309],[-85.712543,43.293309],[-85.681789,43.293767],[-85.673008,43.293832],[-85.66287,43.293914],[-85.661495,43.293927],[-85.65645,43.293754],[-85.651507,43.293946],[-85.646471,43.293974],[-85.641722,43.293994],[-85.613863,43.294145],[-85.611571,43.29416],[-85.592974,43.294166],[-85.582333,43.294211],[-85.571636,43.294252],[-85.562538,43.294271],[-85.551778,43.294288],[-85.531647,43.2943],[-85.506876,43.294196],[-85.492451,43.294299],[-85.471547,43.294241],[-85.463168,43.29429],[-85.461817,43.294303],[-85.458101,43.294318],[-85.44359,43.294316],[-85.432009,43.294322],[-85.422339,43.294306],[-85.362585,43.294405],[-85.323905,43.294296],[-85.312376,43.294205],[-85.312257,43.279013],[-85.31229,43.250113],[-85.31225,43.206438],[-85.31228,43.176763],[-85.312425,43.158656],[-85.312474,43.126058],[-85.312513,43.118793],[-85.312431,43.071786],[-85.312526,43.069775],[-85.312422,43.054092],[-85.312432,43.044299],[-85.312393,43.02973],[-85.312123,43.008384],[-85.311945,42.985857],[-85.312081,42.98352],[-85.311924,42.965937],[-85.311933,42.943988],[-85.311784,42.937729],[-85.311787,42.934752],[-85.311786,42.934341],[-85.311761,42.92031],[-85.311745,42.917648],[-85.311754,42.914907],[-85.31165,42.900445],[-85.311611,42.877631],[-85.3116,42.877323],[-85.311388,42.856955],[-85.311257,42.849571],[-85.311154,42.842312],[-85.310206,42.813347],[-85.310253,42.809395],[-85.310348,42.801555],[-85.310116,42.790642],[-85.310028,42.787899],[-85.309747,42.786028],[-85.309856,42.784768],[-85.309937,42.783662],[-85.309791,42.778187],[-85.309773,42.777152],[-85.309692,42.773158],[-85.309626,42.769878],[-85.325978,42.769727],[-85.358825,42.769528],[-85.384946,42.769303],[-85.40063,42.769265],[-85.40132,42.769206],[-85.427371,42.769048],[-85.432354,42.769022],[-85.43467,42.769011],[-85.43757,42.769],[-85.453023,42.768925],[-85.458215,42.769054],[-85.477012,42.768775],[-85.479314,42.768755],[-85.480538,42.768743],[-85.506478,42.768547],[-85.545564,42.768139],[-85.604991,42.768257],[-85.62479,42.768191],[-85.644291,42.768224],[-85.663296,42.768099],[-85.682989,42.768186],[-85.719615,42.76824],[-85.727213,42.768252],[-85.741511,42.76827],[-85.782498,42.7682],[-85.782805,42.797389],[-85.782832,42.812157],[-85.782736,42.826784],[-85.782472,42.840927],[-85.782179,42.853381],[-85.782106,42.856296],[-85.782276,42.877418],[-85.782267,42.881375],[-85.782118,42.904497],[-85.782177,42.911323],[-85.782181,42.911747],[-85.784342,42.955892],[-85.784756,42.972367],[-85.785013,42.979588],[-85.785276,42.986911],[-85.785771,42.994241],[-85.786252,43.001481],[-85.787139,43.01418],[-85.787144,43.016048],[-85.788136,43.026541],[-85.788503,43.030877],[-85.788333,43.0381],[-85.787992,43.051721],[-85.788173,43.059853],[-85.788661,43.095907],[-85.788774,43.102197],[-85.789224,43.118034],[-85.790222,43.176112],[-85.79037,43.186639],[-85.790662,43.205167],[-85.790557,43.226941]]]}},{"type":"Feature","id":"26155","properties":{"id":"26155","FIPS":"26155","stateFIPS":"26","name":"Shiawassee","state":"MI","sourceId":"census-counties-2024"},"geometry":{"type":"Polygon","coordinates":[[[-84.367891,43.128452],[-84.319946,43.128811],[-84.316699,43.128818],[-84.305231,43.128845],[-84.285381,43.128923],[-84.256083,43.128833],[-84.216582,43.128674],[-84.207452,43.128671],[-84.168443,43.128631],[-84.162934,43.128757],[-84.15364,43.128996],[-84.050388,43.131709],[-84.045671,43.131759],[-84.042695,43.131791],[-84.038391,43.131837],[-84.007742,43.132069],[-83.988065,43.132272],[-83.943991,43.132679],[-83.929079,43.132782],[-83.928846,43.102208],[-83.928757,43.088717],[-83.928721,43.08045],[-83.928417,43.058938],[-83.928322,43.044511],[-83.928406,43.024745],[-83.928495,43.00932],[-83.928566,43.000315],[-83.928607,42.996385],[-83.928619,42.994753],[-83.928629,42.993498],[-83.928627,42.992938],[-83.928675,42.982381],[-83.928724,42.9782],[-83.928735,42.977262],[-83.928769,42.971152],[-83.928869,42.964138],[-83.928837,42.956548],[-83.929911,42.956512],[-83.92906,42.926366],[-83.928825,42.919855],[-83.928546,42.912081],[-83.928103,42.897342],[-83.927255,42.871316],[-83.927164,42.868344],[-83.926692,42.859309],[-83.925855,42.844381],[-83.925782,42.842834],[-83.925645,42.839091],[-83.924315,42.816664],[-83.923249,42.795339],[-83.922516,42.780821],[-83.971746,42.779687],[-84.021091,42.778831],[-84.039517,42.7785],[-84.049134,42.778339],[-84.064766,42.778022],[-84.070114,42.777915],[-84.089115,42.777606],[-84.098307,42.777514],[-84.103664,42.77743],[-84.109741,42.777331],[-84.115538,42.777224],[-84.126153,42.777074],[-84.12845,42.777042],[-84.158189,42.776639],[-84.18705,42.776348],[-84.272493,42.776069],[-84.315558,42.775978],[-84.32148,42.775929],[-84.329053,42.775915],[-84.346329,42.775832],[-84.350884,42.77581],[-84.357712,42.7758],[-84.361795,42.775783],[-84.363659,42.775778],[-84.36374,42.783021],[-84.363785,42.790432],[-84.363794,42.791999],[-84.36384,42.796267],[-84.363997,42.813376],[-84.364106,42.825644],[-84.364319,42.842497],[-84.364375,42.857103],[-84.364394,42.861824],[-84.364547,42.880162],[-84.364756,42.89053],[-84.364794,42.89307],[-84.364803,42.893627],[-84.364872,42.897694],[-84.365076,42.910124],[-84.365127,42.912309],[-84.365275,42.924103],[-84.365413,42.929078],[-84.365711,42.943569],[-84.365712,42.95512],[-84.366471,42.990769],[-84.366492,42.99252],[-84.366513,42.994521],[-84.366566,42.998683],[-84.366618,43.000719],[-84.366669,43.002871],[-84.366789,43.007447],[-84.366792,43.007585],[-84.366797,43.007809],[-84.366864,43.011681],[-84.367249,43.030698],[-84.367403,43.042003],[-84.367525,43.074284],[-84.367681,43.10336],[-84.36776,43.117942],[-84.367891,43.128452]]]}},{"type":"Feature","id":"39007","properties":{"id":"39007","FIPS":"39007","stateFIPS":"39","name":"Ashtabula","state":"OH","sourceId":"census-counties-2024"},"geometry":{"type":"Polygon","coordinates":[[[-81.003125,41.501685],[-81.003047,41.535207],[-81.002849,41.564351],[-81.002836,41.571342],[-81.002836,41.571703],[-81.00292,41.607146],[-81.002781,41.642],[-81.002929,41.714887],[-81.002817,41.763566],[-81.002565,41.788985],[-81.002468,41.799366],[-81.002284,41.82638],[-81.002269,41.852441],[-81.0021910663024,41.8530549793464],[-80.996805,41.854135],[-80.994673,41.853933],[-80.987942,41.855475],[-80.98189,41.8564300406863],[-80.980249,41.856689],[-80.978618,41.856596],[-80.974742,41.857701],[-80.9699715309787,41.858219619316],[-80.968928,41.8583330662999],[-80.9688826988114,41.8583379911975],[-80.967834,41.858452],[-80.9666242485853,41.8586014054697],[-80.957494,41.859729],[-80.952072,41.861939],[-80.939335,41.861866],[-80.930989,41.863302],[-80.9303853488912,41.863586532418],[-80.927987,41.864717],[-80.9220912090627,41.8655651635704],[-80.9218332561657,41.8656022724592],[-80.920716,41.865763],[-80.918292,41.865517],[-80.912122,41.866174],[-80.9051258072937,41.8676127917054],[-80.9035396828692,41.8679389837875],[-80.9029051121065,41.868069485503],[-80.900554,41.868553],[-80.887361,41.873865],[-80.880172,41.875834],[-80.874801,41.878541],[-80.869596,41.880284],[-80.8677732231956,41.880335098063],[-80.86742,41.880345],[-80.861498,41.881801],[-80.8574100756123,41.8831702113171],[-80.8553123366123,41.8838728290044],[-80.851335,41.885205],[-80.843953,41.889409],[-80.8405144822396,41.8904627689239],[-80.840207,41.890557],[-80.8369199578166,41.8909625227568],[-80.835222,41.891172],[-80.828022,41.893683],[-80.825334,41.893366],[-80.8229565528007,41.8943176558707],[-80.8177444989528,41.8964039615704],[-80.815501,41.897302],[-80.8099224675392,41.9008308071298],[-80.808697,41.901606],[-80.804133,41.90613],[-80.801476,41.906485],[-80.801373,41.908665],[-80.800644,41.909624],[-80.7984017524228,41.9095494122034],[-80.797728,41.909527],[-80.797081,41.910896],[-80.795276,41.910896],[-80.794424,41.91011],[-80.7943877023419,41.9101107912936],[-80.7929351996993,41.9101424560394],[-80.7905539299967,41.9101943680273],[-80.789828867963,41.9102101744735],[-80.789791,41.910211],[-80.789587,41.91153],[-80.7879593523038,41.9115417689638],[-80.7870767661536,41.9115481506424],[-80.782672,41.91158],[-80.782803,41.90739],[-80.781327,41.907004],[-80.7781234897063,41.9074787389522],[-80.773135,41.908218],[-80.757945,41.913352],[-80.75375,41.915484],[-80.748164,41.9166],[-80.737297,41.917715],[-80.731301,41.917918],[-80.7280636972898,41.9184419172705],[-80.7269222978553,41.9186266386048],[-80.720809,41.919616],[-80.713375,41.922061],[-80.7131382265701,41.9220390205411],[-80.711339,41.921872],[-80.701487,41.92597],[-80.698429,41.925699],[-80.688287,41.928747],[-80.683099,41.930945],[-80.6825453096703,41.9310148647884],[-80.6810007944914,41.9312097521114],[-80.677274,41.93168],[-80.667906,41.93462],[-80.653974,41.940549],[-80.649818,41.940524],[-80.646615,41.94207],[-80.6465217905509,41.9420783751675],[-80.640416,41.942627],[-80.638644,41.942298],[-80.630605,41.943615],[-80.6265965630291,41.9447497519452],[-80.6242537367714,41.9454129846896],[-80.6239664064519,41.9454943252823],[-80.6189887552148,41.946903452946],[-80.612526,41.948733],[-80.600253,41.952736],[-80.597051,41.954332],[-80.595109,41.954434],[-80.5816486422225,41.9572612085689],[-80.581483,41.957296],[-80.5754076362982,41.9596188482326],[-80.573069,41.960513],[-80.5722829798478,41.9607810186649],[-80.5686531984949,41.9620187084994],[-80.5684552955218,41.9620861898362],[-80.5667940085236,41.9626526586755],[-80.565268,41.963173],[-80.559453,41.96529],[-80.5593076469299,41.9653805943464],[-80.558449280265,41.9659155893548],[-80.5561642986543,41.9673397520185],[-80.5559479360867,41.967474604522],[-80.555766,41.967588],[-80.553277,41.968312],[-80.551894,41.96926],[-80.551465,41.970285],[-80.551403,41.971515],[-80.549964,41.971651],[-80.5493052897987,41.9714195718462],[-80.548279,41.971059],[-80.5458713940183,41.9708377447949],[-80.5458353658804,41.9708344338656],[-80.545798,41.970831],[-80.540406,41.971583],[-80.53477,41.972813],[-80.52595,41.975212],[-80.523633,41.975265],[-80.521101,41.976723],[-80.519408,41.977164],[-80.519405,41.976158],[-80.5193239800521,41.9503551520559],[-80.519304,41.943992],[-80.5193228405683,41.9371799857301],[-80.519345,41.929168],[-80.5193308102203,41.9072099852595],[-80.5193210691505,41.8921361392346],[-80.5193022293249,41.8629823978778],[-80.5193022265083,41.8629780392732],[-80.519293557418,41.8495630308932],[-80.5192557572578,41.7910690660716],[-80.519239,41.765138],[-80.5193077066456,41.7584517863597],[-80.519369,41.752487],[-80.519408,41.739359],[-80.5193852480828,41.7147310247141],[-80.5193852443651,41.7147270004463],[-80.519373,41.701473],[-80.5194231195653,41.671750132285],[-80.519424,41.671228],[-80.519357,41.669767],[-80.5193557950333,41.661033],[-80.5193534587725,41.644099002696],[-80.5193483237996,41.6068790075433],[-80.5193483236769,41.6068781181238],[-80.5193444043285,41.5784693747393],[-80.5193433605892,41.5709040039512],[-80.5193407543186,41.5520128857147],[-80.519339,41.539297],[-80.5192146861358,41.5321059210888],[-80.519157,41.528769],[-80.519225,41.499924],[-80.5192241242287,41.4993400013133],[-80.618523,41.498414],[-80.713163,41.499677],[-80.791004,41.500458],[-80.810394,41.500609],[-80.884409,41.501047],[-80.904534,41.501138],[-81.003126,41.501478],[-81.003125,41.501685]]]}},{"type":"Feature","id":"26023","properties":{"id":"26023","FIPS":"26023","stateFIPS":"26","name":"Branch","state":"MI","sourceId":"census-counties-2024"},"geometry":{"type":"Polygon","coordinates":[[[-85.293626,42.071553],[-85.255246,42.071985],[-85.196266,42.072414],[-85.176815,42.072539],[-85.16796,42.07253],[-85.15818,42.072487],[-85.156581,42.07249],[-85.148404,42.072501],[-85.139574,42.072543],[-85.135489,42.072526],[-85.130844,42.072532],[-85.130323,42.072533],[-85.128873,42.072535],[-85.119033,42.072606],[-85.080139,42.072784],[-85.060387,42.072855],[-85.050773,42.072867],[-85.050652,42.072868],[-84.961878,42.072682],[-84.942231,42.072571],[-84.924007,42.072493],[-84.909542,42.07245],[-84.899243,42.072502],[-84.884636,42.072468],[-84.856383,42.072485],[-84.826491,42.072468],[-84.826279,42.058807],[-84.826275,42.058379],[-84.826174,42.007416],[-84.826126,41.993505],[-84.82609,41.985672],[-84.825584,41.948625],[-84.825216,41.912378],[-84.825069,41.897911],[-84.825135,41.883408],[-84.825104,41.876711],[-84.825256,41.832795],[-84.825337,41.810954],[-84.825217,41.781274],[-84.825192,41.777946],[-84.8251299096574,41.7599907212136],[-84.825196,41.75999],[-84.8601345265726,41.7598926301222],[-84.9177227960208,41.7597321378718],[-84.932373015925,41.7596913093006],[-84.93238390881,41.7596912789433],[-84.932484,41.759691],[-84.942467010251,41.759601991627],[-84.9606031303985,41.7594402902456],[-84.96086,41.759438],[-84.961562,41.759552],[-84.9713774220911,41.7595274344226],[-84.971551,41.759527],[-84.972803,41.759366],[-84.989844548499,41.7594800227274],[-85.0197766074889,41.7596802941406],[-85.0341571986488,41.7597765127574],[-85.037817,41.759801],[-85.0378937120583,41.7598097183562],[-85.039436,41.759985],[-85.0491667393384,41.7599493681732],[-85.0585399384706,41.75991504558],[-85.0839746002003,41.7598219094441],[-85.117267,41.7597],[-85.123102,41.759743],[-85.17223,41.759618],[-85.1748922785216,41.7596307621824],[-85.196637,41.759735],[-85.1967737374204,41.7597353928585],[-85.232835,41.759839],[-85.272216,41.759999],[-85.272951,41.759911],[-85.273713,41.75977],[-85.292099,41.759962],[-85.2921778813506,41.7599628308601],[-85.292069,41.81081],[-85.292122,41.818147],[-85.292126,41.82723],[-85.29223,41.866486],[-85.292236,41.868941],[-85.292355,41.890643],[-85.29236,41.897547],[-85.292348,41.904936],[-85.292539,41.926703],[-85.29265,41.948365],[-85.292955,41.970536],[-85.292928,41.98482],[-85.292974,41.99228],[-85.293047,42.009042],[-85.293593,42.061412],[-85.293626,42.071553]]]}},{"type":"Feature","id":"26001","properties":{"id":"26001","FIPS":"26001","stateFIPS":"26","name":"Alcona","state":"MI","sourceId":"census-counties-2024"},"geometry":{"type":"Polygon","coordinates":[[[-83.888519,44.769517],[-83.888322,44.794908],[-83.888137,44.795505],[-83.888484,44.856458],[-83.802707,44.856605],[-83.800299,44.856555],[-83.787024,44.856757],[-83.766941,44.856735],[-83.607767,44.858937],[-83.606432,44.859027],[-83.587297,44.859058],[-83.556675,44.859278],[-83.526107,44.859539],[-83.424004,44.85871],[-83.404112,44.858792],[-83.321455,44.858487],[-83.32187,44.856192],[-83.321241,44.852962],[-83.318652,44.84888],[-83.316453,44.845968],[-83.315001,44.842288],[-83.309287,44.837931],[-83.308742,44.836492],[-83.304628,44.833932],[-83.302994,44.831129],[-83.30069,44.828948],[-83.300658,44.822001],[-83.299689,44.81555],[-83.293739,44.808307],[-83.294402,44.802657],[-83.294236,44.798945],[-83.292963,44.797293],[-83.29321,44.796146],[-83.295471,44.79363],[-83.295219,44.789655],[-83.296718,44.787106],[-83.296214,44.783911],[-83.295992,44.778075],[-83.294879,44.775116],[-83.294414,44.772684],[-83.292625,44.772366],[-83.292809,44.769018],[-83.291136,44.767025],[-83.291003,44.765505],[-83.29201,44.763873],[-83.2920754674999,44.763753385153],[-83.2925050900782,44.7629684271352],[-83.293531,44.761094],[-83.295763,44.760056],[-83.297615,44.757479],[-83.298287,44.754907],[-83.297822,44.750583],[-83.296412,44.749335],[-83.297529,44.748122],[-83.2973,44.746134],[-83.296117,44.745002],[-83.296349,44.743059],[-83.294271,44.736819],[-83.290665,44.729265],[-83.284128,44.721766],[-83.273393,44.713901],[-83.271388,44.71336],[-83.271333,44.710921],[-83.270288,44.70878],[-83.271994,44.708621],[-83.274327,44.705937],[-83.274867,44.70237],[-83.274635,44.700677],[-83.275699,44.698091],[-83.27634,44.695642],[-83.275838,44.692276],[-83.276734,44.688707],[-83.278736,44.685907],[-83.2787435441227,44.6854116026042],[-83.278781,44.682952],[-83.281495,44.679363],[-83.282459,44.676886],[-83.282292,44.674936],[-83.282625,44.673301],[-83.284399,44.670436],[-83.285176,44.666372],[-83.285942774523,44.6639616609558],[-83.286096,44.66348],[-83.284937,44.661237],[-83.286827,44.660403],[-83.287154,44.657345],[-83.289442,44.652968],[-83.2895881915623,44.6525608907225],[-83.290873,44.648983],[-83.2943,44.646502],[-83.3012483159615,44.6384213411757],[-83.302633,44.636811],[-83.307504,44.629816],[-83.309735,44.623108],[-83.312204,44.617194],[-83.314517,44.608725],[-83.315348962508,44.5982710769945],[-83.315603,44.595079],[-83.3149609395864,44.5910708685021],[-83.314284,44.586845],[-83.314533,44.580911],[-83.313649,44.564588],[-83.313052,44.559856],[-83.308918,44.54836],[-83.307465,44.545295],[-83.306985,44.542235],[-83.308471,44.539902],[-83.3115288500079,44.5319562041902],[-83.3181037063096,44.5148714990817],[-83.318279,44.514416],[-83.3186451705426,44.5116474161261],[-83.328051,44.511725],[-83.349638,44.511733],[-83.373475,44.511715],[-83.401467,44.511703],[-83.421653,44.511673],[-83.535423,44.511538],[-83.536262,44.511417],[-83.553174,44.511508],[-83.556606,44.511328],[-83.579414,44.511197],[-83.583519,44.511358],[-83.584195,44.511232],[-83.604006,44.511213],[-83.645252,44.510911],[-83.665234,44.510875],[-83.695576,44.510581],[-83.766195,44.509984],[-83.886634,44.508976],[-83.886757,44.523278],[-83.887422,44.595382],[-83.88792,44.659814],[-83.888201,44.682086],[-83.888539,44.721241],[-83.888519,44.769517]]]}},{"type":"Feature","id":"39023","properties":{"id":"39023","FIPS":"39023","stateFIPS":"39","name":"Clark","state":"OH","sourceId":"census-counties-2024"},"geometry":{"type":"Polygon","coordinates":[[[-84.051012,39.87981],[-84.050352,39.887072],[-84.04929,39.897849],[-84.048452,39.908184],[-84.046902,39.923397],[-84.045721,39.935679],[-84.045422,39.938887],[-84.044433,39.948254],[-84.044089,39.951857],[-84.04405,39.952822],[-84.042769,39.966903],[-84.041891,39.977073],[-84.041237,39.982734],[-84.039012,40.008125],[-84.036069,40.040182],[-83.999935,40.038267],[-83.996418,40.038423],[-83.921011,40.033966],[-83.909691,40.032734],[-83.864255,40.030437],[-83.821571,40.028156],[-83.821134,40.028128],[-83.807225,40.027342],[-83.798511,40.026821],[-83.783329,40.025857],[-83.759814,40.024281],[-83.730739,40.022535],[-83.69192,40.020059],[-83.682615,40.019472],[-83.672897,40.019096],[-83.632361,40.016257],[-83.6041,40.01478],[-83.516069,40.010818],[-83.512625,40.010023],[-83.515377,40.001302],[-83.537513,39.934526],[-83.543293,39.916606],[-83.546178,39.907661],[-83.553443,39.880904],[-83.557567,39.868056],[-83.564073,39.848463],[-83.581567,39.792037],[-83.585106,39.782188],[-83.589909,39.768812],[-83.610805,39.770204],[-83.647169,39.773029],[-83.647686,39.775207],[-83.675874,39.777227],[-83.715411,39.779628],[-83.72007,39.779902],[-83.740851,39.78151],[-83.739475,39.788957],[-83.740866,39.789044],[-83.76646,39.791746],[-83.822185,39.797076],[-83.822293,39.797088],[-83.824516,39.797267],[-83.829374,39.797766],[-83.829148,39.800656],[-83.82742,39.822562],[-83.848344,39.823941],[-83.865046,39.824946],[-83.888515,39.826074],[-83.919701,39.827733],[-83.922298,39.827828],[-83.941289,39.828838],[-83.939806,39.843449],[-83.95319,39.844431],[-83.985616,39.846358],[-83.986892,39.846364],[-83.993913,39.846759],[-84.015434,39.848159],[-84.018257,39.848329],[-84.023767,39.848662],[-84.026743,39.848829],[-84.036513,39.849461],[-84.037252,39.849511],[-84.053713,39.850714],[-84.051012,39.87981]]]}},{"type":"Feature","id":"39041","properties":{"id":"39041","FIPS":"39041","stateFIPS":"39","name":"Delaware","state":"OH","sourceId":"census-counties-2024"},"geometry":{"type":"Polygon","coordinates":[[[-83.249591,40.364305],[-83.249523,40.381739],[-83.249158,40.418725],[-83.249044,40.424569],[-83.248677,40.438338],[-83.248654,40.439881],[-83.248595,40.443989],[-83.228117,40.442766],[-83.19183,40.440535],[-83.191683,40.440542],[-83.183545,40.439956],[-83.160371,40.438874],[-83.113678,40.436994],[-83.072568,40.435572],[-83.062467,40.435121],[-83.05951,40.435155],[-83.020798,40.433795],[-83.022079,40.418884],[-82.977975,40.416634],[-82.973269,40.416508],[-82.973121,40.417175],[-82.950401,40.416111],[-82.950012,40.416095],[-82.947075,40.415969],[-82.934491,40.415426],[-82.924781,40.415004],[-82.926574,40.39398],[-82.929495,40.359275],[-82.929588,40.358123],[-82.868606,40.355236],[-82.867134,40.355171],[-82.84024,40.354011],[-82.831331,40.353561],[-82.824125,40.353205],[-82.792687,40.351778],[-82.76881,40.350649],[-82.744931,40.349603],[-82.746829,40.324581],[-82.750235,40.284087],[-82.750747,40.276996],[-82.753153,40.246407],[-82.753515,40.242098],[-82.753783,40.237974],[-82.754191,40.231071],[-82.754984,40.22055],[-82.755263,40.216557],[-82.755518,40.212895],[-82.755943,40.206813],[-82.756408,40.200647],[-82.757223,40.189361],[-82.758974,40.163455],[-82.759877,40.151875],[-82.761827,40.125855],[-82.771337,40.126364],[-82.791053,40.127153],[-82.84355,40.129367],[-82.851353,40.129702],[-82.858221,40.129998],[-82.883954,40.131238],[-82.884101,40.131247],[-82.885005,40.13129],[-82.89536,40.131787],[-82.90284,40.132148],[-82.915282,40.132668],[-82.921104,40.1329],[-82.9325,40.133385],[-82.946876,40.133953],[-82.947516,40.133976],[-82.950847,40.134104],[-82.958541,40.134281],[-82.959014,40.134395],[-82.970012,40.134881],[-82.970397,40.134897],[-82.97087,40.134917],[-82.971307,40.134933],[-82.971329,40.134934],[-82.977936,40.135198],[-82.987867,40.135606],[-82.991809,40.135768],[-82.994302,40.135866],[-82.995686,40.13592],[-83.00267,40.136226],[-83.004458,40.136305],[-83.005204,40.136336],[-83.011318,40.136552],[-83.014016,40.136644],[-83.017012,40.136747],[-83.030901,40.137275],[-83.031692,40.137296],[-83.037589,40.137433],[-83.041177,40.137561],[-83.057399,40.138051],[-83.060232,40.138147],[-83.063808,40.138282],[-83.063975,40.138289],[-83.07205,40.138564],[-83.080543,40.138881],[-83.089396,40.139201],[-83.089778,40.139212],[-83.099904,40.139547],[-83.119942,40.140181],[-83.127082,40.140574],[-83.141326,40.141338],[-83.149055,40.141563],[-83.153069,40.142112],[-83.161468,40.142314],[-83.169872,40.143077],[-83.170049,40.149899],[-83.170049,40.150017],[-83.170051,40.150167],[-83.17046,40.166833],[-83.170874,40.182775],[-83.171025,40.190576],[-83.171277,40.198077],[-83.171861,40.222306],[-83.17233,40.244257],[-83.192288,40.2444],[-83.199185,40.244411],[-83.226925,40.244465],[-83.239151,40.244492],[-83.248428,40.244466],[-83.248967,40.264175],[-83.249253,40.282284],[-83.249383,40.304596],[-83.249416,40.311662],[-83.249406,40.315768],[-83.249566,40.339335],[-83.249578,40.349765],[-83.249591,40.364305]]]}},{"type":"Feature","id":"39109","properties":{"id":"39109","FIPS":"39109","stateFIPS":"39","name":"Miami","state":"OH","sourceId":"census-counties-2024"},"geometry":{"type":"Polygon","coordinates":[[[-84.432717,40.188911],[-84.432702,40.192714],[-84.432575,40.197037],[-84.408316,40.197401],[-84.404335,40.197515],[-84.404321,40.197515],[-84.394485,40.197635],[-84.38385,40.197307],[-84.355949,40.197593],[-84.317836,40.198107],[-84.314649,40.198146],[-84.298866,40.198318],[-84.285842,40.198448],[-84.248405,40.199111],[-84.237869,40.199657],[-84.233451,40.199642],[-84.218658,40.200004],[-84.218979,40.195945],[-84.219137,40.195499],[-84.217758,40.195411],[-84.193222,40.194053],[-84.136482,40.190513],[-84.117683,40.189441],[-84.022919,40.183945],[-84.027238,40.140233],[-84.027283,40.13565],[-84.028365,40.127862],[-84.029521,40.115128],[-84.029857,40.111431],[-84.031935,40.086072],[-84.036069,40.040182],[-84.039012,40.008125],[-84.041237,39.982734],[-84.041891,39.977073],[-84.042769,39.966903],[-84.04405,39.952822],[-84.044089,39.951857],[-84.044433,39.948254],[-84.045422,39.938887],[-84.045721,39.935679],[-84.046902,39.923397],[-84.048452,39.908184],[-84.04929,39.897849],[-84.050352,39.887072],[-84.051012,39.87981],[-84.098182,39.882525],[-84.098454,39.882533],[-84.121376,39.883904],[-84.13611,39.884749],[-84.139237,39.884947],[-84.145598,39.885339],[-84.151831,39.885696],[-84.157217,39.885994],[-84.157593,39.88813],[-84.159062,39.889456],[-84.161294,39.892671],[-84.163491,39.894854],[-84.164463,39.897177],[-84.164648,39.899111],[-84.166024,39.904934],[-84.167193,39.911366],[-84.167065,39.912197],[-84.164031,39.915683],[-84.16289,39.917586],[-84.157671,39.92297],[-84.166988,39.922761],[-84.1691,39.92293],[-84.174604,39.922913],[-84.188674,39.922797],[-84.198703,39.922708],[-84.227198,39.922344],[-84.232105,39.922348],[-84.242014,39.922214],[-84.274822,39.921763],[-84.278085,39.921554],[-84.286062,39.921554],[-84.301945,39.921354],[-84.313382,39.921232],[-84.315237,39.921366],[-84.317204,39.921262],[-84.341411,39.920884],[-84.347418,39.920784],[-84.362304,39.920583],[-84.369275,39.920497],[-84.383296,39.920298],[-84.425902,39.919622],[-84.426141,39.926898],[-84.426489,39.942559],[-84.426587,39.946451],[-84.42627,39.948865],[-84.426375,39.963381],[-84.426572,39.970718],[-84.427346,39.977811],[-84.427707,40.005535],[-84.428501,40.007251],[-84.428963,40.007243],[-84.42842,40.010829],[-84.428731,40.021888],[-84.428787,40.041533],[-84.428777,40.050793],[-84.428917,40.058136],[-84.429211,40.065293],[-84.429554,40.07535],[-84.429566,40.076637],[-84.42986,40.094449],[-84.430467,40.114804],[-84.43068,40.122877],[-84.430729,40.123522],[-84.431036,40.136561],[-84.43108,40.138082],[-84.431149,40.140891],[-84.431157,40.141209],[-84.431224,40.144009],[-84.431621,40.159846],[-84.432282,40.18084],[-84.436332,40.180801],[-84.432717,40.188911]]]}},{"type":"Feature","id":"39159","properties":{"id":"39159","FIPS":"39159","stateFIPS":"39","name":"Union","state":"OH","sourceId":"census-counties-2024"},"geometry":{"type":"Polygon","coordinates":[[[-83.548306,40.256012],[-83.545567,40.280467],[-83.545422,40.281818],[-83.543814,40.296695],[-83.542831,40.306292],[-83.539343,40.337788],[-83.538446,40.346779],[-83.536238,40.365789],[-83.534974,40.378108],[-83.532816,40.396802],[-83.53221,40.401792],[-83.529747,40.423203],[-83.528215,40.43664],[-83.524982,40.465347],[-83.520227,40.504077],[-83.41867,40.505229],[-83.406173,40.505408],[-83.310129,40.506471],[-83.255084,40.507047],[-83.248289,40.507078],[-83.248298,40.500997],[-83.248281,40.463226],[-83.248412,40.45765],[-83.248475,40.455153],[-83.248443,40.45356],[-83.248459,40.450919],[-83.248595,40.443989],[-83.248654,40.439881],[-83.248677,40.438338],[-83.249044,40.424569],[-83.249158,40.418725],[-83.249523,40.381739],[-83.249591,40.364305],[-83.249578,40.349765],[-83.249566,40.339335],[-83.249406,40.315768],[-83.249416,40.311662],[-83.249383,40.304596],[-83.249253,40.282284],[-83.248967,40.264175],[-83.248428,40.244466],[-83.239151,40.244492],[-83.226925,40.244465],[-83.199185,40.244411],[-83.192288,40.2444],[-83.17233,40.244257],[-83.171861,40.222306],[-83.171277,40.198077],[-83.171025,40.190576],[-83.170874,40.182775],[-83.17046,40.166833],[-83.170051,40.150167],[-83.170049,40.150017],[-83.170049,40.149899],[-83.169872,40.143077],[-83.169902,40.131022],[-83.169957,40.126309],[-83.170208,40.107073],[-83.176201,40.107144],[-83.178585,40.107145],[-83.181535,40.107207],[-83.191206,40.107428],[-83.191612,40.107437],[-83.206273,40.107733],[-83.239343,40.10826],[-83.258617,40.108662],[-83.262752,40.10875],[-83.262903,40.108756],[-83.267457,40.108906],[-83.278271,40.109207],[-83.285006,40.109279],[-83.285981,40.109293],[-83.29236,40.109379],[-83.350583,40.110004],[-83.382262,40.110314],[-83.392022,40.110403],[-83.392587,40.110405],[-83.503714,40.111468],[-83.503084,40.120206],[-83.502686,40.126084],[-83.49677,40.19855],[-83.495906,40.209334],[-83.4946,40.224445],[-83.494498,40.225467],[-83.505315,40.226006],[-83.530104,40.227851],[-83.551338,40.22937],[-83.548306,40.256012]]]}},{"type":"Feature","id":"39019","properties":{"id":"39019","FIPS":"39019","stateFIPS":"39","name":"Carroll","state":"OH","sourceId":"census-counties-2024"},"geometry":{"type":"Polygon","coordinates":[[[-81.321006,40.579308],[-81.319138,40.615479],[-81.317983,40.644557],[-81.317739,40.651579],[-81.304233,40.651362],[-81.30315,40.651342],[-81.301963,40.651406],[-81.29866,40.651256],[-81.295816,40.651262],[-81.29302,40.651164],[-81.291333,40.650996],[-81.290337,40.651169],[-81.280715,40.651038],[-81.279131,40.651061],[-81.249673,40.650681],[-81.24125,40.650534],[-81.241224,40.652614],[-81.240561,40.662861],[-81.239673,40.67877],[-81.238515,40.699988],[-81.237725,40.715189],[-81.237721,40.715287],[-81.237227,40.723542],[-81.225106,40.723136],[-81.19909,40.722208],[-81.198737,40.729147],[-81.152732,40.728526],[-81.145668,40.728427],[-81.133149,40.728241],[-81.12108,40.728089],[-81.116916,40.728064],[-81.116256,40.728061],[-81.112505,40.728034],[-81.111693,40.728],[-81.108251,40.727991],[-81.10225,40.727943],[-81.095877,40.727914],[-81.09312,40.727881],[-81.087289,40.727816],[-81.084681,40.727984],[-81.043399,40.727427],[-81.037232,40.727377],[-81.00208,40.727142],[-80.994297,40.727029],[-80.974818,40.727003],[-80.917172,40.726934],[-80.917491,40.672706],[-80.917357,40.670281],[-80.918125,40.643464],[-80.865757,40.642647],[-80.860822,40.64257],[-80.861458,40.625062],[-80.861344,40.622755],[-80.861362,40.62204],[-80.861365,40.621979],[-80.861432,40.619627],[-80.861994,40.599404],[-80.862125,40.595574],[-80.863219,40.564951],[-80.863567,40.555411],[-80.880657,40.555674],[-80.92092,40.556315],[-80.921099,40.552911],[-80.922377,40.523134],[-80.923578,40.489807],[-80.92377,40.48371],[-80.923884,40.47889],[-80.924337,40.47624],[-80.924192,40.472166],[-80.924705,40.467977],[-80.940153,40.468349],[-80.940512,40.458667],[-80.940676,40.455362],[-80.940779,40.447451],[-80.941129,40.443829],[-80.941911,40.4247],[-80.960734,40.425024],[-80.999816,40.426014],[-81.038268,40.427183],[-81.041029,40.427269],[-81.060369,40.427741],[-81.08126,40.428351],[-81.086247,40.428562],[-81.090468,40.428723],[-81.091253,40.428703],[-81.100097,40.428928],[-81.100076,40.430596],[-81.138957,40.431722],[-81.139841,40.431753],[-81.157882,40.432238],[-81.18031,40.432787],[-81.191035,40.433098],[-81.212309,40.433457],[-81.212348,40.431577],[-81.246554,40.432758],[-81.249829,40.432999],[-81.269951,40.433486],[-81.268431,40.476816],[-81.26827,40.482759],[-81.26747,40.506112],[-81.267112,40.513477],[-81.266385,40.529668],[-81.264902,40.561635],[-81.264744,40.565042],[-81.268575,40.565158],[-81.277052,40.565414],[-81.321659,40.566648],[-81.321006,40.579308]]]}},{"type":"Feature","id":"26091","properties":{"id":"26091","FIPS":"26091","stateFIPS":"26","name":"Lenawee","state":"MI","sourceId":"census-counties-2024"},"geometry":{"type":"Polygon","coordinates":[[[-84.363297,42.073456],[-84.335844,42.073425],[-84.335041,42.073421],[-84.321153,42.073378],[-84.3203,42.073392],[-84.315561,42.073359],[-84.312055,42.073351],[-84.267084,42.073291],[-84.247627,42.073266],[-84.223374,42.073454],[-84.20948,42.073598],[-84.190431,42.073822],[-84.179835,42.073791],[-84.170693,42.073372],[-84.131963,42.071577],[-84.126536,42.071678],[-84.095964,42.072128],[-84.079197,42.072195],[-84.076035,42.0725],[-84.008152,42.073598],[-84.008337,42.078005],[-83.999528,42.078018],[-83.98581,42.078371],[-83.979522,42.078485],[-83.972676,42.078605],[-83.952604,42.079049],[-83.909079,42.079962],[-83.903138,42.080099],[-83.889685,42.080382],[-83.877056,42.080617],[-83.871673,42.080721],[-83.844699,42.081235],[-83.841956,42.08129],[-83.803516,42.081925],[-83.773922,42.08243],[-83.772672,42.03885],[-83.772091,42.017617],[-83.771874,42.009754],[-83.771666,42.002611],[-83.771457,41.995203],[-83.771094,41.976481],[-83.770503,41.944327],[-83.770376,41.936881],[-83.770263,41.922558],[-83.7702,41.919552],[-83.769943,41.907996],[-83.769827,41.90425],[-83.769722,41.900732],[-83.769712,41.900314],[-83.769336,41.885663],[-83.767417,41.820957],[-83.766987,41.811047],[-83.766626,41.803103],[-83.76626,41.797529],[-83.764074,41.745487],[-83.7631498887765,41.7235473333038],[-83.7814460799895,41.7231112718364],[-83.8061387752918,41.7225227595705],[-83.8111056804392,41.7224043810554],[-83.8399903129126,41.7217159604396],[-83.8527534047569,41.7214117718523],[-83.859541,41.72125],[-83.8803841867952,41.7200896187559],[-83.8803872579474,41.7200894477788],[-83.880539,41.720081],[-83.899764,41.719961],[-83.9577039056121,41.718125471275],[-83.9986943992492,41.7168268977318],[-83.998849,41.716822],[-84.019373,41.716668],[-84.0373725465091,41.7160833167023],[-84.0766741703259,41.7148066732597],[-84.1149850139168,41.713562213553],[-84.1198415827283,41.7134044565414],[-84.134417,41.712931],[-84.2022324840487,41.7110386478278],[-84.2106483051164,41.7108038091696],[-84.2110590625835,41.7107923472182],[-84.2213036454734,41.7105064780106],[-84.2213960273115,41.7105039001484],[-84.2307395073208,41.7102431756997],[-84.2496974140851,41.7097141661888],[-84.3559173584578,41.7067501595865],[-84.3604162952785,41.7066246193358],[-84.360443,41.709846],[-84.360519,41.71399],[-84.360811,41.738113],[-84.361011,41.76045],[-84.361098,41.771591],[-84.361173,41.779782],[-84.361277,41.791417],[-84.361311,41.794504],[-84.361378,41.801353],[-84.36144,41.811526],[-84.36165,41.840582],[-84.361696,41.8477],[-84.361826,41.85509],[-84.361912,41.864399],[-84.361976,41.898765],[-84.361989,41.901751],[-84.362067,41.920814],[-84.362349,41.986194],[-84.363009,42.04878],[-84.363102,42.066193],[-84.363259,42.070725],[-84.363297,42.073456]]]}},{"type":"Feature","id":"26151","properties":{"id":"26151","FIPS":"26151","stateFIPS":"26","name":"Sanilac","state":"MI","sourceId":"census-counties-2024"},"geometry":{"type":"Polygon","coordinates":[[[-83.120396,43.327049],[-83.103826,43.327365],[-83.104228,43.341914],[-83.105576,43.388892],[-83.105671,43.392602],[-83.105833,43.399589],[-83.106259,43.414344],[-83.106604,43.423376],[-83.107333,43.442629],[-83.107892,43.457522],[-83.108013,43.461015],[-83.108347,43.472221],[-83.108478,43.475523],[-83.108926,43.486322],[-83.109506,43.501085],[-83.110313,43.515573],[-83.114619,43.587995],[-83.117844,43.675493],[-83.058269,43.677354],[-82.997932,43.679304],[-82.878375,43.68277],[-82.758368,43.685895],[-82.719273,43.687028],[-82.699382,43.687652],[-82.64057,43.68968],[-82.639695,43.689666],[-82.6069133333559,43.6904666042226],[-82.606846,43.6903],[-82.607547,43.684722],[-82.605039,43.678703],[-82.60557,43.676585],[-82.605153,43.673981],[-82.605934989119,43.6681191495682],[-82.6063,43.665383],[-82.606349,43.661357],[-82.604423,43.657437],[-82.604958,43.655812],[-82.6045418717336,43.6520072349418],[-82.604232,43.649174],[-82.601393,43.642139],[-82.603247,43.640333],[-82.6031873956691,43.6394773435557],[-82.602828,43.634318],[-82.601313,43.630141],[-82.599627,43.628368],[-82.5986505308695,43.6227871097359],[-82.59845,43.621641],[-82.5978748172734,43.6190382883062],[-82.596991,43.615039],[-82.599747,43.613313],[-82.600823,43.611481],[-82.601108,43.604511],[-82.600747696324,43.6035981745655],[-82.599824,43.601258],[-82.599629,43.598193],[-82.59815,43.595312],[-82.599039,43.593637],[-82.597911,43.590016],[-82.594389,43.584803],[-82.594352,43.582959],[-82.593139,43.579452],[-82.592313,43.578081],[-82.591337,43.573831],[-82.590572,43.566245],[-82.58969,43.562238],[-82.586896,43.557848],[-82.585131,43.553329],[-82.58619,43.551389],[-82.585572,43.549705],[-82.585837,43.545015],[-82.585543,43.543438],[-82.579925,43.533609],[-82.576602,43.528299],[-82.576925,43.527318],[-82.576249,43.524418],[-82.574749,43.522115],[-82.572631,43.517338],[-82.571778,43.516357],[-82.571977,43.510159],[-82.566379,43.502858],[-82.566022,43.501669],[-82.56656,43.500352],[-82.566005,43.497475],[-82.566272,43.494945],[-82.5660600992844,43.4942245375671],[-82.564992,43.490593],[-82.559783,43.482891],[-82.555077,43.478908],[-82.556147,43.475958],[-82.555929111085,43.4737461805354],[-82.55575,43.471928],[-82.554884,43.470204],[-82.55522,43.468921],[-82.5537288074506,43.4646515737127],[-82.55354,43.464111],[-82.5520632236788,43.462631758276],[-82.549946,43.460511],[-82.549525,43.459354],[-82.54702,43.456345],[-82.548517,43.451841],[-82.547519,43.447545],[-82.546226714258,43.4462011265223],[-82.542534,43.442361],[-82.5403983747181,43.4385003139087],[-82.539439,43.436766],[-82.540277,43.43561],[-82.539941,43.433542],[-82.538685,43.432142],[-82.5392640295708,43.4283536256536],[-82.539553,43.426463],[-82.5402252437169,43.423679741301],[-82.540266,43.423511],[-82.53884,43.419627],[-82.539268,43.414862],[-82.5391767964289,43.4145638295593],[-82.538555,43.412531],[-82.538983,43.411184],[-82.538198,43.408076],[-82.538911,43.406056],[-82.539482,43.40331],[-82.5394065292026,43.4018694346032],[-82.539197,43.39787],[-82.536512,43.390219],[-82.533831,43.38353],[-82.5345226190131,43.3802210427113],[-82.534995,43.377961],[-82.53391,43.372673],[-82.53595,43.3677],[-82.535805,43.36293],[-82.5358612254367,43.3626073479199],[-82.5362171647553,43.3605647748734],[-82.5365989037916,43.3583741490406],[-82.5372406557346,43.3546914279904],[-82.537507,43.353163],[-82.536794,43.34851],[-82.5346714095623,43.3438280721209],[-82.533878,43.342078],[-82.530826,43.338119],[-82.530128,43.333805],[-82.5299729390067,43.3299803073544],[-82.5299105846859,43.3284422924918],[-82.529416,43.316243],[-82.529805,43.312942],[-82.531392,43.312004],[-82.532396,43.30577],[-82.53001,43.297731],[-82.52955312834,43.2956361310936],[-82.52818,43.28934],[-82.528486,43.28583],[-82.5281923581143,43.2815079751496],[-82.5281688955802,43.2811626373055],[-82.5281683069706,43.2811539737421],[-82.527935,43.27772],[-82.5284118827977,43.2767662344045],[-82.528493,43.276604],[-82.52766,43.27178],[-82.526027,43.269707],[-82.526027,43.2692511367456],[-82.526027,43.267328],[-82.527127,43.265771],[-82.5274279181654,43.2603426900829],[-82.527459,43.259782],[-82.5270255667442,43.2583176715921],[-82.5263894935244,43.2561687361501],[-82.526151,43.255363],[-82.5256083266479,43.254222247904],[-82.524339,43.251554],[-82.52556,43.249791],[-82.523434,43.24095],[-82.5232759834398,43.233871493805],[-82.5231659762207,43.228943612943],[-82.523086,43.225361],[-82.520382,43.21893],[-82.5194894665163,43.214539642681],[-82.519123,43.212737],[-82.5178424582549,43.2109655728783],[-82.5157626707265,43.2080885155316],[-82.511391,43.202041],[-82.508881,43.196748],[-82.508016,43.19255],[-82.508732,43.190713],[-82.5034284253741,43.1689337555037],[-82.505367,43.168849],[-82.524975,43.168226],[-82.544925,43.16751],[-82.643281,43.163998],[-82.653134,43.163714],[-82.673609,43.163119],[-82.677971,43.163018],[-82.682675,43.162884],[-82.693459,43.162554],[-82.702319,43.162298],[-82.741934,43.161082],[-82.761106,43.160477],[-82.790861,43.159497],[-82.820401,43.158653],[-82.834982,43.158258],[-82.859895,43.15767],[-82.877221,43.157212],[-82.943649,43.15554],[-82.996257,43.154099],[-82.997986,43.197536],[-82.998195,43.204562],[-82.998369,43.208343],[-82.998439,43.210391],[-82.99852,43.212336],[-82.998625,43.215011],[-82.998806,43.219259],[-82.999074,43.226461],[-82.999494,43.241762],[-82.999664,43.248402],[-83.00043,43.284913],[-83.07955,43.284127],[-83.099484,43.284135],[-83.119027,43.28368],[-83.120396,43.327049]]]}},{"type":"Feature","id":"26031","properties":{"id":"26031","FIPS":"26031","stateFIPS":"26","name":"Cheboygan","state":"MI","sourceId":"census-counties-2024"},"geometry":{"type":"Polygon","coordinates":[[[-84.734413,45.202311],[-84.734155,45.231055],[-84.732687,45.289382],[-84.731212,45.346767],[-84.730354,45.376159],[-84.730199,45.379894],[-84.730011,45.388855],[-84.729895,45.398143],[-84.729865,45.401098],[-84.730288,45.464356],[-84.730346,45.471686],[-84.730518,45.493202],[-84.730542,45.522106],[-84.730677,45.550985],[-84.730631,45.571231],[-84.730608,45.579301],[-84.730947,45.633176],[-84.730915,45.637123],[-84.731527,45.665303],[-84.731576,45.670882],[-84.731666,45.680464],[-84.731629,45.699518],[-84.731593,45.708461],[-84.731584,45.70904],[-84.731766,45.72382],[-84.732073,45.764501],[-84.732087,45.767246],[-84.7323981506334,45.7882094899038],[-84.72886,45.788145],[-84.726192,45.786905],[-84.725591,45.785449],[-84.723059,45.783785],[-84.722687,45.782],[-84.724081,45.781288],[-84.724297,45.778152],[-84.725023,45.777056],[-84.725691,45.774536],[-84.724728,45.772592],[-84.724532,45.7704],[-84.723236,45.768127],[-84.7220324518898,45.7670687605511],[-84.721273,45.766401],[-84.718622,45.76562],[-84.715996,45.766174],[-84.7094492700659,45.7640223739221],[-84.706922305406,45.763191870279],[-84.69889,45.760552],[-84.698477,45.759484],[-84.694786,45.75858],[-84.691232,45.75847],[-84.681435,45.755909],[-84.680688,45.75521],[-84.68059,45.753141],[-84.681788,45.752566],[-84.680315,45.749456],[-84.675552,45.747746],[-84.670204,45.745578],[-84.661761,45.743674],[-84.654423,45.743926],[-84.649326,45.742793],[-84.645289,45.741158],[-84.644822,45.73999],[-84.641377,45.737573],[-84.638654,45.736392],[-84.6328381721416,45.7328557664401],[-84.632457,45.732624],[-84.62545,45.730712],[-84.614244,45.725674],[-84.608799,45.723864],[-84.605664,45.721746],[-84.575856,45.710528],[-84.564596,45.70938],[-84.557644,45.709023],[-84.556756,45.708155],[-84.556445,45.705766],[-84.555496,45.702268],[-84.553311,45.698566],[-84.551708,45.696937],[-84.539227,45.690783],[-84.539108,45.689679],[-84.5377851450797,45.6883154418514],[-84.537483,45.688004],[-84.53052682541,45.6857631042024],[-84.530303,45.685691],[-84.528369,45.686029],[-84.523272,45.68434],[-84.522379,45.682937],[-84.520707,45.682094],[-84.519254,45.680493],[-84.5184808003432,45.6803964428863],[-84.518213,45.680363],[-84.5172960117177,45.6792958204187],[-84.51665,45.678544],[-84.514344,45.677088],[-84.511085,45.675657],[-84.506978,45.675035],[-84.503704,45.673241],[-84.500542,45.673371],[-84.499202,45.672669],[-84.499128,45.67124],[-84.4976708842243,45.6695879057693],[-84.497454,45.669342],[-84.493808,45.667652],[-84.493027,45.666586],[-84.493548,45.665806],[-84.490007,45.663112],[-84.487038,45.663306],[-84.4863157086954,45.6630584549564],[-84.482813,45.661858],[-84.482656,45.660239],[-84.480417,45.659253],[-84.479222,45.656791],[-84.4790204690505,45.656782995598],[-84.4773275309513,45.6567157555184],[-84.474967,45.656622],[-84.474618,45.657592],[-84.475511,45.658443],[-84.475208,45.658786],[-84.473458,45.659187],[-84.472469,45.658017],[-84.471975,45.656635],[-84.470872,45.656144],[-84.46956,45.657154],[-84.468609,45.657207],[-84.467615,45.656352],[-84.4655688337056,45.6553906486495],[-84.464665,45.654966],[-84.4636358101045,45.6539588641737],[-84.4625740718866,45.652919877489],[-84.462005,45.652363],[-84.459457,45.651893],[-84.451761,45.653576],[-84.450204,45.653348],[-84.445711,45.654396],[-84.442669,45.654759],[-84.440186,45.653304],[-84.439735,45.650559],[-84.437869,45.648655],[-84.435323,45.647531],[-84.4331429420285,45.6454665571625],[-84.43257,45.644924],[-84.428624,45.644676],[-84.424448,45.64628],[-84.418851,45.649969],[-84.415925,45.652985],[-84.416895,45.655724],[-84.420515,45.659194],[-84.424807,45.661776],[-84.42783,45.662219],[-84.432386,45.66331],[-84.431881,45.664368],[-84.428119,45.667799],[-84.428394,45.668857],[-84.427156,45.669049],[-84.419768,45.669626],[-84.413253,45.669177],[-84.400283,45.663345],[-84.3990779886056,45.6629524736157],[-84.3935017706366,45.6611360487359],[-84.389477,45.659825],[-84.386981,45.659307],[-84.376063,45.655432],[-84.374048,45.65589],[-84.371247,45.657424],[-84.368692,45.65784],[-84.361973,45.657708],[-84.353374,45.658942],[-84.344244,45.66131],[-84.334586,45.664173],[-84.329537,45.66438],[-84.303963,45.657124],[-84.301186,45.655563],[-84.294948,45.653784],[-84.287452,45.652535],[-84.283076,45.650561],[-84.281524,45.649393],[-84.270941,45.644609],[-84.264019,45.64319],[-84.260637,45.643283],[-84.25817,45.642161],[-84.251765,45.640965],[-84.247309,45.639602],[-84.24217,45.638806],[-84.240559,45.637865],[-84.235242,45.637214],[-84.232909,45.637446],[-84.229309,45.637347],[-84.215878,45.634817],[-84.212377,45.632842],[-84.210547,45.630756],[-84.208677,45.629337],[-84.207125,45.628641],[-84.205096,45.627],[-84.2044951460569,45.626247],[-84.25202,45.625998],[-84.251314,45.596503],[-84.248167,45.454782],[-84.248125,45.452924],[-84.247425,45.410962],[-84.2473,45.39672],[-84.247662,45.38259],[-84.247502,45.368306],[-84.248577,45.325177],[-84.24938,45.282073],[-84.246613,45.282073],[-84.246549,45.277926],[-84.246634,45.198727],[-84.36599,45.198735],[-84.366614,45.198737],[-84.401576,45.198781],[-84.543814,45.200076],[-84.547621,45.199955],[-84.591018,45.200294],[-84.611889,45.200579],[-84.639689,45.200961],[-84.642092,45.201122],[-84.656625,45.201238],[-84.666039,45.201332],[-84.669289,45.201336],[-84.734303,45.201936],[-84.734413,45.202311]]]}},{"type":"Feature","id":"26069","properties":{"id":"26069","FIPS":"26069","stateFIPS":"26","name":"Iosco","state":"MI","sourceId":"census-counties-2024"},"geometry":{"type":"Polygon","coordinates":[[[-83.886634,44.508976],[-83.766195,44.509984],[-83.695576,44.510581],[-83.665234,44.510875],[-83.645252,44.510911],[-83.604006,44.511213],[-83.584195,44.511232],[-83.583519,44.511358],[-83.579414,44.511197],[-83.556606,44.511328],[-83.553174,44.511508],[-83.536262,44.511417],[-83.535423,44.511538],[-83.421653,44.511673],[-83.401467,44.511703],[-83.373475,44.511715],[-83.349638,44.511733],[-83.328051,44.511725],[-83.3186451705426,44.5116474161261],[-83.319067,44.508458],[-83.317971,44.501346],[-83.3179583487474,44.5012666085081],[-83.31674,44.493621],[-83.31761,44.486058],[-83.3197128793516,44.4770143823325],[-83.3211377122737,44.4708867629911],[-83.3234965898158,44.4607422025817],[-83.324583,44.45607],[-83.325926,44.446487],[-83.326824,44.444411],[-83.327171,44.429234],[-83.327047,44.4285450841486],[-83.3264558738789,44.425260921609],[-83.3250465676181,44.4174311359448],[-83.3248130270046,44.4161336373114],[-83.3246853959953,44.4154245483967],[-83.324616,44.415039],[-83.321553,44.409119],[-83.320532,44.406932],[-83.3206424434462,44.4066915183026],[-83.321648,44.404502],[-83.324867,44.396964],[-83.325864,44.395267],[-83.32733,44.388385],[-83.331883369389,44.3771209545797],[-83.333757,44.372486],[-83.335248,44.357995],[-83.334891377932,44.3556922591256],[-83.3337887810437,44.3485726915199],[-83.332533,44.340464],[-83.3334726975547,44.337357],[-83.333708,44.336579],[-83.337345,44.333174],[-83.340506,44.331048],[-83.3443,44.330729],[-83.352115,44.332366],[-83.3535789248057,44.3325443892897],[-83.357802,44.333059],[-83.364312,44.33259],[-83.370089,44.330219],[-83.373607,44.327784],[-83.3742278797926,44.3272130010973],[-83.384461,44.317802],[-83.3872072384614,44.3157186984036],[-83.391785,44.312246],[-83.3919453336585,44.3120674457608],[-83.396088,44.307454],[-83.401822,44.301831],[-83.414301,44.294543],[-83.4150821061208,44.2934757257198],[-83.4188560905809,44.2883190940654],[-83.419236,44.2878],[-83.425762,44.272487],[-83.42798,44.27024],[-83.429865,44.269151],[-83.433298,44.264291],[-83.441569,44.257283],[-83.449184,44.251796],[-83.450789,44.251697],[-83.451294,44.252946],[-83.446064,44.258893],[-83.443359,44.262412],[-83.440729,44.262824],[-83.439233,44.264887],[-83.44004,44.268375],[-83.441828,44.270467],[-83.445805,44.273378],[-83.453128,44.27638],[-83.4609964999132,44.2783294781561],[-83.463049,44.278838],[-83.471416,44.279794],[-83.479531,44.28009],[-83.48293,44.279531],[-83.485646,44.27854],[-83.488316,44.278612],[-83.489182,44.277887],[-83.494718,44.277544],[-83.4960357931437,44.2773270774064],[-83.500392,44.27661],[-83.5011055037746,44.276365126383],[-83.5012363397682,44.2763202236311],[-83.508839,44.273711],[-83.5091518019379,44.273473138103],[-83.511957,44.27134],[-83.513632,44.268499],[-83.518034,44.266622],[-83.524817,44.261558],[-83.525591,44.260755],[-83.524977,44.259657],[-83.525763,44.258554],[-83.527859,44.257171],[-83.531592,44.254503],[-83.535103371402,44.2508688052113],[-83.5352218675614,44.2507461642042],[-83.5359620168711,44.2499801253959],[-83.53771,44.248171],[-83.542264,44.241077],[-83.549096,44.227282],[-83.5497057795195,44.2246071091206],[-83.5523747094546,44.2128994408352],[-83.552872,44.210718],[-83.552855,44.206505],[-83.553834,44.197956],[-83.555062,44.193712],[-83.555274,44.18992],[-83.556534,44.188391],[-83.55811,44.183824],[-83.559154,44.177735],[-83.561421,44.173942],[-83.5650737323924,44.1635187435465],[-83.616032,44.162877],[-83.642239,44.162635],[-83.686977,44.162206],[-83.731307,44.161899],[-83.762984,44.161902],[-83.772078,44.161943],[-83.777729,44.161964],[-83.80581,44.162071],[-83.808155,44.162071],[-83.838617,44.16187],[-83.868228,44.161905],[-83.883977,44.161786],[-83.883428,44.248065],[-83.883393,44.262347],[-83.883442,44.276727],[-83.883245,44.305646],[-83.88345,44.334653],[-83.883496,44.349021],[-83.883516,44.350614],[-83.883461,44.350706],[-83.883785,44.404643],[-83.884044,44.422097],[-83.884918,44.450777],[-83.885178,44.458169],[-83.885239,44.458568],[-83.886634,44.508976]]]}},{"type":"Feature","id":"26139","properties":{"id":"26139","FIPS":"26139","stateFIPS":"26","name":"Ottawa","state":"MI","sourceId":"census-counties-2024"},"geometry":{"type":"Polygon","coordinates":[[[-86.264321,43.118297],[-86.251027,43.118199],[-86.215269,43.117868],[-86.210063,43.117797],[-86.205257,43.117763],[-86.180158,43.117682],[-86.168182,43.11758],[-86.166266,43.117564],[-86.146166,43.117395],[-86.12959,43.117538],[-86.066834,43.118135],[-86.036533,43.118256],[-86.036254,43.118259],[-86.027027,43.118272],[-86.017124,43.118541],[-85.907435,43.118911],[-85.907619,43.133375],[-85.907668,43.137501],[-85.907796,43.14798],[-85.907808,43.162382],[-85.908388,43.20592],[-85.899624,43.205901],[-85.879621,43.205976],[-85.849945,43.205646],[-85.790662,43.205167],[-85.79037,43.186639],[-85.790222,43.176112],[-85.789224,43.118034],[-85.788774,43.102197],[-85.788661,43.095907],[-85.788173,43.059853],[-85.787992,43.051721],[-85.788333,43.0381],[-85.788503,43.030877],[-85.788136,43.026541],[-85.787144,43.016048],[-85.787139,43.01418],[-85.786252,43.001481],[-85.785771,42.994241],[-85.785276,42.986911],[-85.785013,42.979588],[-85.784756,42.972367],[-85.784342,42.955892],[-85.782181,42.911747],[-85.782177,42.911323],[-85.782118,42.904497],[-85.782267,42.881375],[-85.782276,42.877418],[-85.782106,42.856296],[-85.782179,42.853381],[-85.782472,42.840927],[-85.782736,42.826784],[-85.782832,42.812157],[-85.782805,42.797389],[-85.782498,42.7682],[-85.821938,42.767769],[-85.841384,42.767624],[-85.85775,42.767552],[-85.861279,42.767526],[-85.870864,42.767513],[-85.873856,42.767509],[-85.901422,42.767667],[-85.906412,42.767824],[-85.907458,42.767783],[-85.960514,42.768734],[-85.965447,42.768778],[-85.97051,42.768825],[-85.980266,42.768892],[-85.98545,42.768909],[-85.990737,42.768921],[-86.018138,42.768915],[-86.037315,42.768937],[-86.052603,42.76886],[-86.06264,42.768813],[-86.062913,42.768816],[-86.064609,42.768802],[-86.081448,42.768683],[-86.086249,42.768646],[-86.097147,42.768587],[-86.106984,42.768539],[-86.116786,42.76846],[-86.120139,42.768439],[-86.137046,42.768342],[-86.142309,42.768323],[-86.146951,42.768301],[-86.151185,42.768294],[-86.151385,42.768294],[-86.154116,42.768285],[-86.161863,42.76822],[-86.166564,42.768143],[-86.167466,42.768142],[-86.176689,42.768024],[-86.196566,42.76779],[-86.19781,42.767682],[-86.2088649386908,42.7675398909916],[-86.20928,42.76976],[-86.210488,42.771659],[-86.212245,42.772966],[-86.212189,42.773973],[-86.211148,42.776513],[-86.2110098287364,42.7800613350119],[-86.210863,42.783832],[-86.210697,42.7866230636365],[-86.210423,42.79123],[-86.210662312617,42.8041599864173],[-86.211164,42.831266],[-86.2102350509579,42.855447456634],[-86.210228,42.855631],[-86.211082,42.86913],[-86.214138,42.883555],[-86.213934,42.890848],[-86.2141684208185,42.8937480957872],[-86.214478,42.897578],[-86.2151540968156,42.8990320788188],[-86.215699,42.900204],[-86.215733235036,42.9014621375725],[-86.215791,42.903585],[-86.215428,42.90575],[-86.2155403834774,42.9076576411783],[-86.216209,42.919007],[-86.2165181607378,42.9214663191115],[-86.218334,42.935911],[-86.218559,42.938246],[-86.2192927287499,42.9429870165382],[-86.219846,42.946562],[-86.220582,42.955791],[-86.221307,42.957084],[-86.2221330993868,42.9627788802109],[-86.223132,42.969665],[-86.223513,42.971806],[-86.2256345187873,42.9843269120977],[-86.226305,42.988284],[-86.2282146874249,42.9964805621779],[-86.232707,43.015762],[-86.233666304904,43.0185743304269],[-86.2387803052051,43.0335667052077],[-86.2423472620016,43.0440237153702],[-86.2426493768217,43.0449094053082],[-86.244277,43.049681],[-86.250069,43.057489],[-86.2503573970075,43.0581020777295],[-86.251301,43.060108],[-86.250501,43.063394],[-86.250517,43.066993],[-86.2518009527873,43.0730822491365],[-86.252168,43.074823],[-86.254646,43.083409],[-86.2566508678469,43.0874483748738],[-86.2584040924918,43.0909807431492],[-86.261183206057,43.0965800556045],[-86.2719958131653,43.1183651191642],[-86.264321,43.118297]]]}},{"type":"Feature","id":"26093","properties":{"id":"26093","FIPS":"26093","stateFIPS":"26","name":"Livingston","state":"MI","sourceId":"census-counties-2024"},"geometry":{"type":"Polygon","coordinates":[[[-84.158189,42.776639],[-84.12845,42.777042],[-84.126153,42.777074],[-84.115538,42.777224],[-84.109741,42.777331],[-84.103664,42.77743],[-84.098307,42.777514],[-84.089115,42.777606],[-84.070114,42.777915],[-84.064766,42.778022],[-84.049134,42.778339],[-84.039517,42.7785],[-84.021091,42.778831],[-83.971746,42.779687],[-83.922516,42.780821],[-83.903154,42.781231],[-83.894082,42.781431],[-83.893978,42.78145],[-83.883975,42.78169],[-83.873973,42.781601],[-83.865453,42.781512],[-83.862937,42.78148],[-83.845496,42.781366],[-83.843304,42.781396],[-83.838672,42.781352],[-83.835754,42.781197],[-83.805418,42.781138],[-83.786507,42.781556],[-83.77596,42.781726],[-83.766945,42.781917],[-83.761244,42.782001],[-83.746136,42.782265],[-83.743743,42.782296],[-83.716414,42.782784],[-83.704852,42.783002],[-83.699669,42.783064],[-83.691479,42.783187],[-83.686493,42.783263],[-83.685139,42.744746],[-83.68278,42.69558],[-83.681003,42.664576],[-83.679105,42.63542],[-83.677115,42.606255],[-83.677047,42.605075],[-83.675502,42.580848],[-83.67408,42.562836],[-83.674115,42.562762],[-83.672903,42.547901],[-83.671868,42.533601],[-83.671567,42.533021],[-83.670904,42.519609],[-83.670849,42.51863],[-83.670751,42.517277],[-83.669621,42.503392],[-83.66963,42.502961],[-83.667675,42.475284],[-83.667685,42.474668],[-83.667677,42.474408],[-83.667209,42.467171],[-83.666694,42.460615],[-83.666194,42.452875],[-83.666089,42.451309],[-83.666089,42.45044],[-83.665724,42.445659],[-83.665561,42.443129],[-83.66533,42.439551],[-83.664808,42.431179],[-83.694509,42.430129],[-83.724498,42.429163],[-83.733589,42.428801],[-83.744824,42.428479],[-83.765078,42.429364],[-83.766802,42.429301],[-83.774672,42.428966],[-83.787247,42.428591],[-83.811837,42.42785],[-83.818498,42.427688],[-83.834859,42.427283],[-83.875327,42.42612],[-83.885684,42.425761],[-83.887364,42.425717],[-83.905805,42.425174],[-83.915746,42.424911],[-83.94465,42.424149],[-83.970784,42.424133],[-83.987409,42.424024],[-84.015069,42.423904],[-84.016568,42.423911],[-84.023402,42.42393],[-84.074071,42.42418],[-84.112038,42.424475],[-84.131136,42.424567],[-84.140713,42.424611],[-84.140844,42.453772],[-84.140835,42.468218],[-84.140616,42.509933],[-84.141562,42.538658],[-84.141655,42.541645],[-84.141735,42.543556],[-84.141718,42.546285],[-84.144834,42.599563],[-84.145367,42.605898],[-84.147017,42.632146],[-84.14726,42.635772],[-84.147522,42.639679],[-84.147754,42.643278],[-84.148297,42.651422],[-84.149128,42.664836],[-84.149204,42.665881],[-84.149255,42.666864],[-84.150279,42.6852],[-84.150564,42.68848],[-84.1512,42.699047],[-84.153172,42.724389],[-84.153742,42.731767],[-84.154393,42.739353],[-84.155436,42.750244],[-84.156076,42.756807],[-84.156683,42.762583],[-84.156845,42.764369],[-84.158189,42.776639]]]}},{"type":"Feature","id":"26101","properties":{"id":"26101","FIPS":"26101","stateFIPS":"26","name":"Manistee","state":"MI","sourceId":"census-counties-2024"},"geometry":{"type":"Polygon","coordinates":[[[-86.387303,44.181146],[-86.384515,44.184612],[-86.375925,44.192668],[-86.367686,44.201563],[-86.3640440130795,44.2064927405103],[-86.362847,44.208113],[-86.3597704476126,44.2133247460049],[-86.357461,44.217237],[-86.3520439537731,44.2285790277517],[-86.351638,44.229429],[-86.3515720004087,44.2295987649143],[-86.3492938280027,44.2354587064033],[-86.343793,44.249608],[-86.343127376072,44.2500769665899],[-86.333182,44.257084],[-86.327287,44.263057],[-86.3268371228814,44.2637803466197],[-86.322513,44.270733],[-86.32011,44.276538],[-86.3190555402076,44.2785183709981],[-86.316025,44.28421],[-86.3092234184438,44.2945614711495],[-86.3046910172271,44.3014594286386],[-86.3044330105566,44.3018520944597],[-86.300264,44.308197],[-86.2954140350346,44.313904442121],[-86.284048,44.32728],[-86.275383,44.3357],[-86.26871,44.345324],[-86.266309,44.351065],[-86.26524,44.356835],[-86.265455,44.358523],[-86.265240431687,44.3590262921369],[-86.264477,44.360817],[-86.262625,44.364482],[-86.261369,44.368769],[-86.258829,44.383815],[-86.256218,44.390311],[-86.254453,44.393901],[-86.251926,44.400984],[-86.248083,44.420946],[-86.2482011869023,44.4278337531453],[-86.2482739573306,44.4320747031666],[-86.24832,44.434758],[-86.249377,44.441998],[-86.251843,44.451632],[-86.251605,44.465443],[-86.250911,44.46997],[-86.249932,44.473451],[-86.2490688086942,44.4815512618313],[-86.248914,44.483004],[-86.247504,44.483582],[-86.243745,44.488929],[-86.24227,44.492689],[-86.241812,44.495895],[-86.238896251285,44.5013930247031],[-86.238743,44.501682],[-86.236988,44.507243],[-86.236233,44.511211],[-86.234942,44.516442],[-86.234689745516,44.5183049869697],[-86.180922,44.517862],[-86.180804,44.517861],[-86.140719,44.516701],[-86.107837,44.515868],[-86.105066,44.515722],[-86.073086,44.514995],[-86.068861,44.514898],[-86.060511,44.514757],[-86.019449,44.514005],[-85.979289,44.513459],[-85.949062,44.51324],[-85.938933,44.513187],[-85.928814,44.513172],[-85.889123,44.513024],[-85.858316,44.51303],[-85.817802,44.512969],[-85.817755,44.497737],[-85.817888,44.488493],[-85.818005,44.481219],[-85.817906,44.480766],[-85.819085,44.424498],[-85.820618,44.375469],[-85.820859,44.352478],[-85.820781,44.337998],[-85.820815,44.324559],[-85.820655,44.322317],[-85.821222,44.276429],[-85.82103,44.275758],[-85.821066,44.251297],[-85.82145,44.223251],[-85.82118,44.208469],[-85.820904,44.207456],[-85.821133,44.206554],[-85.821186,44.164197],[-85.92132,44.164766],[-85.940375,44.164934],[-85.946492,44.165158],[-86.016456,44.167019],[-86.043507,44.167088],[-86.063318,44.167864],[-86.083599,44.168714],[-86.10276,44.169056],[-86.142975,44.170183],[-86.1599,44.170765],[-86.175113,44.171244],[-86.182193,44.171427],[-86.184817,44.17165],[-86.265137,44.175165],[-86.274606,44.175467],[-86.279489,44.175623],[-86.296063,44.17598],[-86.298912,44.175872],[-86.300622,44.176034],[-86.305435,44.17616],[-86.3887989365374,44.1786884726775],[-86.387303,44.181146]]]}},{"type":"Feature","id":"26161","properties":{"id":"26161","FIPS":"26161","stateFIPS":"26","name":"Washtenaw","state":"MI","sourceId":"census-counties-2024"},"geometry":{"type":"Polygon","coordinates":[[[-84.134065,42.169251],[-84.13365,42.177766],[-84.132988,42.191344],[-84.132715,42.198596],[-84.132455,42.205875],[-84.131397,42.228389],[-84.131091,42.242566],[-84.130771,42.250035],[-84.130922,42.262211],[-84.131007,42.270182],[-84.131046,42.272476],[-84.131261,42.296572],[-84.131269,42.296814],[-84.131305,42.30669],[-84.131553,42.337111],[-84.13136,42.394506],[-84.131376,42.397317],[-84.131408,42.397525],[-84.131204,42.411014],[-84.131136,42.424567],[-84.112038,42.424475],[-84.074071,42.42418],[-84.023402,42.42393],[-84.016568,42.423911],[-84.015069,42.423904],[-83.987409,42.424024],[-83.970784,42.424133],[-83.94465,42.424149],[-83.915746,42.424911],[-83.905805,42.425174],[-83.887364,42.425717],[-83.885684,42.425761],[-83.875327,42.42612],[-83.834859,42.427283],[-83.818498,42.427688],[-83.811837,42.42785],[-83.787247,42.428591],[-83.774672,42.428966],[-83.766802,42.429301],[-83.765078,42.429364],[-83.744824,42.428479],[-83.733589,42.428801],[-83.724498,42.429163],[-83.694509,42.430129],[-83.664808,42.431179],[-83.659045,42.431359],[-83.62974,42.432438],[-83.59031,42.433857],[-83.571328,42.434513],[-83.566706,42.43467],[-83.551907,42.435166],[-83.551156,42.421585],[-83.550363,42.407081],[-83.549667,42.392609],[-83.549208,42.383325],[-83.548372,42.367132],[-83.548226,42.363936],[-83.547548,42.349217],[-83.546481,42.327576],[-83.546152,42.320317],[-83.545802,42.313313],[-83.545375,42.305817],[-83.545205,42.301819],[-83.544839,42.293007],[-83.544759,42.291234],[-83.544563,42.286175],[-83.544203,42.276894],[-83.543728,42.262462],[-83.544046,42.256132],[-83.544295,42.251534],[-83.544401,42.249448],[-83.544433,42.248812],[-83.544153,42.232029],[-83.543583,42.218757],[-83.543442,42.209414],[-83.54344,42.209356],[-83.542903,42.197812],[-83.542882,42.197043],[-83.542102,42.174344],[-83.541044,42.143907],[-83.540449,42.121855],[-83.540224,42.114825],[-83.539396,42.085598],[-83.587366,42.084778],[-83.587602,42.08479],[-83.63887,42.084009],[-83.646553,42.08389],[-83.656621,42.084581],[-83.656824,42.084586],[-83.66157,42.084525],[-83.666346,42.084432],[-83.680233,42.084155],[-83.683673,42.084154],[-83.695764,42.083919],[-83.711872,42.083639],[-83.773922,42.08243],[-83.803516,42.081925],[-83.841956,42.08129],[-83.844699,42.081235],[-83.871673,42.080721],[-83.877056,42.080617],[-83.889685,42.080382],[-83.903138,42.080099],[-83.909079,42.079962],[-83.952604,42.079049],[-83.972676,42.078605],[-83.979522,42.078485],[-83.98581,42.078371],[-83.999528,42.078018],[-84.008337,42.078005],[-84.008152,42.073598],[-84.076035,42.0725],[-84.079197,42.072195],[-84.095964,42.072128],[-84.126536,42.071678],[-84.131963,42.071577],[-84.132536,42.099972],[-84.133001,42.118596],[-84.133609,42.136521],[-84.134079,42.160182],[-84.134065,42.169251]]]}},{"type":"Feature","id":"39149","properties":{"id":"39149","FIPS":"39149","stateFIPS":"39","name":"Shelby","state":"OH","sourceId":"census-counties-2024"},"geometry":{"type":"Polygon","coordinates":[[[-84.434631,40.354259],[-84.431632,40.354198],[-84.434387,40.354534],[-84.434018,40.378246],[-84.39788,40.378387],[-84.395835,40.378242],[-84.383287,40.378394],[-84.376739,40.378391],[-84.35865,40.378753],[-84.357505,40.378753],[-84.356567,40.378787],[-84.35179,40.37861],[-84.338768,40.378742],[-84.338775,40.408042],[-84.338766,40.420449],[-84.338847,40.422432],[-84.33876,40.423065],[-84.339012,40.452156],[-84.339111,40.466289],[-84.339088,40.473484],[-84.339137,40.481076],[-84.278572,40.481662],[-84.25077,40.481819],[-84.230621,40.482036],[-84.221084,40.482227],[-84.220245,40.482242],[-84.16912,40.482406],[-84.126083,40.482757],[-84.107147,40.483161],[-84.080245,40.483104],[-84.011619,40.483131],[-84.002372,40.483115],[-84.002143,40.446708],[-84.002113,40.439329],[-84.002014,40.417427],[-84.001937,40.390689],[-84.004837,40.390384],[-84.004394,40.368732],[-84.003974,40.336814],[-84.003817,40.317898],[-84.0037,40.312927],[-84.005702,40.314486],[-84.00717,40.316714],[-84.010101,40.3176],[-84.01033,40.31718],[-84.014763,40.273459],[-84.014938,40.271354],[-84.016296,40.256626],[-84.018356,40.234523],[-84.018852,40.229549],[-84.021392,40.20061],[-84.022898,40.183988],[-84.022919,40.183945],[-84.117683,40.189441],[-84.136482,40.190513],[-84.193222,40.194053],[-84.217758,40.195411],[-84.219137,40.195499],[-84.218979,40.195945],[-84.218658,40.200004],[-84.233451,40.199642],[-84.237869,40.199657],[-84.248405,40.199111],[-84.285842,40.198448],[-84.298866,40.198318],[-84.314649,40.198146],[-84.317836,40.198107],[-84.355949,40.197593],[-84.38385,40.197307],[-84.394485,40.197635],[-84.404321,40.197515],[-84.404335,40.197515],[-84.408316,40.197401],[-84.432575,40.197037],[-84.432533,40.206306],[-84.432818,40.215592],[-84.43357,40.231689],[-84.433639,40.237617],[-84.43367,40.240985],[-84.433982,40.255294],[-84.433959,40.270149],[-84.433929,40.270713],[-84.434135,40.292076],[-84.434266,40.30661],[-84.43461,40.325293],[-84.434607,40.339308],[-84.434616,40.347373],[-84.434631,40.354259]]]}},{"type":"Feature","id":"39075","properties":{"id":"39075","FIPS":"39075","stateFIPS":"39","name":"Holmes","state":"OH","sourceId":"census-counties-2024"},"geometry":{"type":"Polygon","coordinates":[[[-82.221118,40.667356],[-82.220672,40.66736],[-82.161549,40.667655],[-82.154491,40.667802],[-82.147817,40.667922],[-82.126196,40.668357],[-82.106977,40.668114],[-82.106974,40.667825],[-82.063273,40.668377],[-82.052873,40.66841],[-82.040914,40.668341],[-82.025194,40.66816],[-81.995321,40.667963],[-81.992653,40.667957],[-81.952853,40.667515],[-81.946914,40.667452],[-81.931782,40.667231],[-81.877219,40.667193],[-81.876906,40.667341],[-81.861197,40.667267],[-81.841951,40.667592],[-81.832401,40.66775],[-81.817676,40.667939],[-81.796321,40.667941],[-81.789008,40.667911],[-81.784152,40.667862],[-81.765052,40.668028],[-81.765051,40.66778],[-81.745928,40.667882],[-81.729512,40.668052],[-81.726247,40.668066],[-81.69766,40.667992],[-81.650026,40.667774],[-81.648921,40.667771],[-81.648974,40.655285],[-81.64911,40.634525],[-81.66795,40.632379],[-81.668187,40.627465],[-81.665199,40.627355],[-81.662777,40.627269],[-81.664489,40.591528],[-81.664793,40.578757],[-81.66549,40.560921],[-81.665112,40.554193],[-81.665942,40.535362],[-81.66676,40.516818],[-81.667058,40.509561],[-81.66752,40.501796],[-81.667802,40.494627],[-81.668062,40.487903],[-81.669765,40.443892],[-81.689011,40.444399],[-81.697406,40.444661],[-81.69859,40.444697],[-81.707117,40.444894],[-81.709132,40.444775],[-81.718796,40.445049],[-81.721172,40.445023],[-81.755026,40.4458],[-81.761361,40.445946],[-81.766185,40.446055],[-81.789705,40.446489],[-81.804684,40.446798],[-81.825359,40.447155],[-81.893906,40.448102],[-81.893874,40.44885],[-81.902127,40.448916],[-81.932198,40.449766],[-81.960355,40.450511],[-81.987584,40.451309],[-81.988712,40.451098],[-82.035774,40.452491],[-82.044464,40.452759],[-82.075439,40.453761],[-82.085885,40.454101],[-82.085976,40.452929],[-82.162096,40.455474],[-82.184277,40.456382],[-82.183743,40.466519],[-82.183799,40.467178],[-82.183701,40.469038],[-82.183638,40.471077],[-82.181636,40.5123],[-82.18163,40.512507],[-82.180815,40.52976],[-82.17854,40.573102],[-82.220268,40.568187],[-82.220433,40.594524],[-82.220434,40.594932],[-82.220662,40.627537],[-82.220716,40.628298],[-82.220834,40.638367],[-82.220834,40.638535],[-82.220871,40.640429],[-82.220964,40.645655],[-82.221064,40.654864],[-82.221118,40.667356]]]}},{"type":"Feature","id":"26095","properties":{"id":"26095","FIPS":"26095","stateFIPS":"26","name":"Luce","state":"MI","sourceId":"census-counties-2024"},"geometry":{"type":"Polygon","coordinates":[[[-85.864767,46.270779],[-85.864568,46.331702],[-85.864932,46.504758],[-85.864549264065,46.6901824613954],[-85.841057,46.688896],[-85.8157468285903,46.684609608852],[-85.7966411980382,46.6813739845509],[-85.794923,46.681083],[-85.7925057133123,46.6808803639902],[-85.7513445483462,46.6774299109395],[-85.750606,46.677368],[-85.738624097551,46.6772978122926],[-85.714415,46.677156],[-85.7009449322894,46.6781141441882],[-85.668753,46.680404],[-85.6473865129595,46.6796582525347],[-85.624573,46.678862],[-85.6174704642949,46.6780540264663],[-85.587345,46.674627],[-85.5804051486602,46.6744916216521],[-85.5667079470559,46.6742244250749],[-85.545771,46.673816],[-85.523713,46.674246],[-85.500509,46.676038],[-85.480173,46.680456],[-85.446384,46.691032],[-85.429097,46.69767],[-85.406895,46.702511],[-85.384307,46.710064],[-85.37079,46.714412],[-85.364471,46.717897],[-85.363187,46.71653],[-85.3441606302458,46.7239994856921],[-85.32855,46.730128],[-85.310929,46.737526],[-85.290043,46.744073],[-85.2807914621792,46.7466678245336],[-85.2580407645831,46.7530488251221],[-85.25686,46.75338],[-85.2560310836924,46.7534814085443],[-85.238354,46.755644],[-85.2378749807302,46.755678903295],[-85.239138,46.658718],[-85.238883,46.564468],[-85.239667,46.533475],[-85.239137,46.419465],[-85.239122,46.412865],[-85.239331,46.33196],[-85.239105,46.303659],[-85.237839,46.24543],[-85.361909,46.245496],[-85.363175,46.245513],[-85.572214,46.245367],[-85.601499,46.245187],[-85.613466,46.244991],[-85.865025,46.244631],[-85.864767,46.270779]]]}},{"type":"Feature","id":"39087","properties":{"id":"39087","FIPS":"39087","stateFIPS":"39","name":"Lawrence","state":"OH","sourceId":"census-counties-2024"},"geometry":{"type":"Polygon","coordinates":[[[-82.8159813238463,38.5707183365762],[-82.809024,38.573257],[-82.774227,38.585461],[-82.758479,38.590943],[-82.740383,38.597167],[-82.746361,38.607652],[-82.756026,38.625079],[-82.759025,38.631217],[-82.762388,38.640678],[-82.766188,38.644678],[-82.765354,38.657473],[-82.763895,38.679974],[-82.758286,38.679734],[-82.706383,38.677485],[-82.701486,38.690878],[-82.695387,38.749977],[-82.667951,38.74829],[-82.662886,38.747977],[-82.661386,38.762477],[-82.659086,38.762677],[-82.654461,38.804871],[-82.650039,38.849073],[-82.597346,38.845814],[-82.575583,38.844478],[-82.582683,38.779077],[-82.563058,38.777749],[-82.483579,38.772278],[-82.485001,38.758672],[-82.486579,38.742978],[-82.466878,38.741478],[-82.470179,38.706339],[-82.471278,38.697369],[-82.472478,38.682279],[-82.441812,38.680629],[-82.369028,38.676862],[-82.354468,38.67607],[-82.361537,38.586941],[-82.361674,38.585182],[-82.336353,38.584366],[-82.304614,38.583342],[-82.28727,38.582783],[-82.2871015269719,38.5825881557857],[-82.291271,38.578983],[-82.293471,38.575383],[-82.293871,38.572683],[-82.293271,38.560283],[-82.2953192937214,38.5416776653638],[-82.295671,38.538483],[-82.297771,38.533283],[-82.300271,38.529383],[-82.302871,38.523183],[-82.30327539311,38.5211610344502],[-82.3035150384616,38.5199628076923],[-82.303971,38.517683],[-82.3036523601902,38.512974565744],[-82.303071,38.504384],[-82.3031006783737,38.5041759422346],[-82.304223,38.496308],[-82.306351,38.490692],[-82.310639,38.483172],[-82.311474735797,38.4800219189189],[-82.312511,38.476116],[-82.313935,38.468084],[-82.318111,38.457876],[-82.3187126581903,38.4569964018848],[-82.323999,38.449268],[-82.330335,38.4445],[-82.3317726430833,38.4440044630537],[-82.3398025656172,38.4412366527829],[-82.34064,38.440948],[-82.3479156339669,38.4400706715668],[-82.360145,38.438596],[-82.364401771218,38.4378455344621],[-82.3719777418475,38.4365098965848],[-82.3738609126751,38.4361778949958],[-82.381773,38.434783],[-82.382022971327,38.4347695812457],[-82.3890758651338,38.4343909736263],[-82.389746,38.434355],[-82.3920862407433,38.4351268341564],[-82.3920960246516,38.4351300609845],[-82.404882,38.439347],[-82.4089988264712,38.4380537305036],[-82.4101870952298,38.4376804449766],[-82.4251094608319,38.432992698145],[-82.4303970915739,38.4313316294567],[-82.434375,38.430082],[-82.447076,38.426982],[-82.4516355025907,38.4261497098446],[-82.459676,38.424682],[-82.4617130272254,38.4241822275124],[-82.4638453058268,38.4236590856676],[-82.4711652128707,38.4218631901064],[-82.4712675276174,38.4218380877932],[-82.486577,38.418082],[-82.487206940214,38.4178640689274],[-82.4951048425321,38.4151317488041],[-82.507678,38.410782],[-82.5214134596847,38.4072698967063],[-82.5293290908971,38.4052459007797],[-82.529579,38.405182],[-82.5368479907873,38.4041443549874],[-82.540199,38.403666],[-82.5439147063637,38.4034864075258],[-82.549799,38.403202],[-82.56059,38.404715],[-82.571613,38.405138],[-82.5731028931683,38.4056715455497],[-82.5731103604166,38.4056742196455],[-82.578999,38.407783],[-82.587586,38.412741],[-82.5911751707064,38.4160958032162],[-82.593482,38.418252],[-82.5934804554992,38.421008161645],[-82.59348,38.421821],[-82.5944170196755,38.4231509634104],[-82.596921,38.426705],[-82.5977398193485,38.4289908706811],[-82.5979348140178,38.4295352307996],[-82.600761,38.437425],[-82.6009413404217,38.4386396967825],[-82.6015854919202,38.4429784287513],[-82.604058958453,38.4596386528492],[-82.604089,38.459841],[-82.608202,38.468049],[-82.610458,38.471457],[-82.6113459540233,38.472272728098],[-82.6133131704891,38.4740799317412],[-82.613802,38.474529],[-82.618474,38.477089],[-82.624106,38.479697],[-82.6297412378894,38.4816658736453],[-82.637707,38.484449],[-82.639245731649,38.4853011475141],[-82.648395,38.490368],[-82.657051,38.496816],[-82.6601723802189,38.5001192188923],[-82.6609198134668,38.5009101945032],[-82.6654809126012,38.5057370043674],[-82.665548,38.505808],[-82.6739943313896,38.5138559195316],[-82.675724,38.515504],[-82.6816287451687,38.5239690851319],[-82.6842108367038,38.5276707901232],[-82.6845939871938,38.5282200774208],[-82.6892867647766,38.5349476771069],[-82.689965,38.53592],[-82.6920195806056,38.5378313526307],[-82.6921156574314,38.5379207317932],[-82.696621,38.542112],[-82.699458658338,38.5439551519111],[-82.700045,38.544336],[-82.7061388821243,38.547019607876],[-82.7082906334945,38.5479671905181],[-82.714142,38.550544],[-82.7167745444126,38.5520319598854],[-82.719662,38.553664],[-82.724846,38.5576],[-82.730958,38.559264],[-82.739582,38.558991],[-82.7451439765948,38.5593157734851],[-82.7510705392572,38.5596618357846],[-82.763695,38.560399],[-82.779472,38.559023],[-82.789776,38.559951],[-82.800112,38.563183],[-82.8118214197335,38.5687430616421],[-82.8159813238463,38.5707183365762]]]}},{"type":"Feature","id":"39053","properties":{"id":"39053","FIPS":"39053","stateFIPS":"39","name":"Gallia","state":"OH","sourceId":"census-counties-2024"},"geometry":{"type":"Polygon","coordinates":[[[-82.575583,38.844478],[-82.574383,38.853475],[-82.473885,38.846578],[-82.465297,38.84566],[-82.455197,38.844579],[-82.454342,38.852255],[-82.453566,38.859357],[-82.449267,38.896081],[-82.449224,38.897507],[-82.449009,38.898488],[-82.448815,38.900291],[-82.448593,38.902352],[-82.44857,38.90256],[-82.443685,38.947091],[-82.44366,38.947439],[-82.43784,39.008156],[-82.437524,39.009796],[-82.435574,39.031524],[-82.435309,39.035079],[-82.354963,39.029897],[-82.344567,39.029176],[-82.322874,39.027674],[-82.323894,39.013154],[-82.320477,39.013152],[-82.313221,39.012746],[-82.309949,39.012734],[-82.274072,39.010576],[-82.238146,39.009376],[-82.211046,39.008119],[-82.209398,39.008063],[-82.095465,39.002778],[-82.096589,38.991214],[-82.096633,38.989109],[-82.098665,38.963424],[-82.0988733706356,38.9583193160251],[-82.100565,38.955678],[-82.1043391408061,38.9511938767058],[-82.1081646991095,38.9466486633757],[-82.109065,38.945579],[-82.110866,38.940379],[-82.110772248893,38.9387905260947],[-82.110565,38.935279],[-82.111666,38.932579],[-82.113547,38.930256],[-82.1178581468585,38.924923287408],[-82.120966,38.921079],[-82.128866,38.909979],[-82.134766,38.905579],[-82.134964000859,38.9054022345622],[-82.143167,38.898079],[-82.144567,38.891679],[-82.145267,38.883479],[-82.1447734635423,38.882460245228],[-82.142167,38.87708],[-82.1410712160353,38.8736930770986],[-82.139988,38.870345],[-82.139224,38.86502],[-82.140273625643,38.8590408198109],[-82.1406585708221,38.8568479841044],[-82.140785884599,38.8561227426646],[-82.141616,38.851394],[-82.1430646297201,38.8465307749107],[-82.1437666356514,38.8441740561368],[-82.144867,38.84048],[-82.1472219095182,38.8375363631022],[-82.147667,38.83698],[-82.1491509423437,38.8356620312119],[-82.1493317583576,38.8355014388117],[-82.1521175395321,38.8330272371327],[-82.16157,38.824632],[-82.165898,38.822437],[-82.179478,38.817376],[-82.1870932892538,38.8159179332445],[-82.191172,38.815137],[-82.19928,38.808688],[-82.20929,38.802672],[-82.214494,38.798691],[-82.2170581703842,38.7959087596299],[-82.217269,38.79568],[-82.2205472132405,38.7892006271698],[-82.221566,38.787187],[-82.221518,38.77981],[-82.221307291046,38.7786133544809],[-82.220449,38.773739],[-82.216614,38.76835],[-82.212203331315,38.7662980822448],[-82.207141,38.763943],[-82.201537,38.760372],[-82.198882,38.757725],[-82.195606,38.752441],[-82.193268,38.741182],[-82.190491,38.734522],[-82.18976,38.729521],[-82.186568,38.722482],[-82.1850536737407,38.717487220734],[-82.184567,38.715882],[-82.182467,38.708782],[-82.182867,38.705482],[-82.1844151847944,38.7010485617252],[-82.1845636629239,38.7006233743544],[-82.185067,38.699182],[-82.190167,38.687382],[-82.190867,38.680383],[-82.187667,38.672683],[-82.1865627987691,38.6686112579609],[-82.1865543894045,38.6685802484289],[-82.186067,38.666783],[-82.185567,38.659583],[-82.1843829142628,38.6576338127095],[-82.179067,38.648883],[-82.176767,38.642783],[-82.174267,38.633183],[-82.172667,38.629684],[-82.172066,38.625984],[-82.172066,38.619284],[-82.175167,38.608484],[-82.177267,38.603784],[-82.181967,38.599384],[-82.188767,38.594984],[-82.193824,38.593096],[-82.203806741878,38.5918845577187],[-82.205171,38.591719],[-82.218967,38.591683],[-82.222168,38.591384],[-82.245969,38.598483],[-82.252469,38.598783],[-82.26207,38.598183],[-82.2649828469854,38.5973153434511],[-82.27147,38.595383],[-82.273401260997,38.5942104486804],[-82.27427,38.593683],[-82.2871015269719,38.5825881557857],[-82.28727,38.582783],[-82.304614,38.583342],[-82.336353,38.584366],[-82.361674,38.585182],[-82.361537,38.586941],[-82.354468,38.67607],[-82.369028,38.676862],[-82.441812,38.680629],[-82.472478,38.682279],[-82.471278,38.697369],[-82.470179,38.706339],[-82.466878,38.741478],[-82.486579,38.742978],[-82.485001,38.758672],[-82.483579,38.772278],[-82.563058,38.777749],[-82.582683,38.779077],[-82.575583,38.844478]]]}},{"type":"Feature","id":"39039","properties":{"id":"39039","FIPS":"39039","stateFIPS":"39","name":"Defiance","state":"OH","sourceId":"census-counties-2024"},"geometry":{"type":"Polygon","coordinates":[[[-84.804063,41.426051],[-84.749014,41.426147],[-84.719854,41.426279],[-84.69924,41.426381],[-84.690889,41.42645],[-84.670052,41.426677],[-84.646008,41.426734],[-84.573621,41.42694],[-84.552029,41.426973],[-84.497925,41.427152],[-84.479066,41.427152],[-84.459224,41.42719],[-84.459045,41.427189],[-84.428666,41.427272],[-84.40996,41.427472],[-84.401969,41.427329],[-84.395352,41.427495],[-84.341664,41.427568],[-84.228454,41.42781],[-84.228218,41.41324],[-84.227359,41.340494],[-84.227387,41.30128],[-84.227391,41.301222],[-84.22744,41.267131],[-84.227472,41.253176],[-84.227942,41.202164],[-84.228222,41.165862],[-84.28601,41.165609],[-84.331905,41.165441],[-84.341602,41.165524],[-84.341607,41.20906],[-84.360973,41.209261],[-84.362999,41.209266],[-84.399529,41.209281],[-84.436886,41.209175],[-84.457059,41.209434],[-84.456951,41.216423],[-84.456988,41.223964],[-84.457064,41.238188],[-84.457217,41.253485],[-84.558917,41.252632],[-84.56014,41.25256],[-84.572482,41.252788],[-84.611228,41.25281],[-84.649979,41.252648],[-84.669205,41.252568],[-84.689309,41.252443],[-84.727827,41.252455],[-84.8035312568312,41.2525619614428],[-84.803533,41.253818],[-84.803586,41.270825],[-84.8035868929108,41.2709330422073],[-84.8035876131687,41.2710201934156],[-84.803594,41.271793],[-84.8038259424255,41.3249417582374],[-84.8038911386967,41.3398812452584],[-84.8039691450755,41.3577561215595],[-84.804004,41.365743],[-84.803917,41.375308],[-84.803977,41.404609],[-84.8039438924068,41.4083648122051],[-84.803916,41.411529],[-84.804063,41.426051]]]}},{"type":"Feature","id":"39011","properties":{"id":"39011","FIPS":"39011","stateFIPS":"39","name":"Auglaize","state":"OH","sourceId":"census-counties-2024"},"geometry":{"type":"Polygon","coordinates":[[[-84.45618,40.684862],[-84.396778,40.684926],[-84.37761,40.684947],[-84.339289,40.685083],[-84.339289,40.685598],[-84.318213,40.685658],[-84.299152,40.685723],[-84.276934,40.685759],[-84.263301,40.685869],[-84.256741,40.685969],[-84.256175,40.68608],[-84.24995,40.685934],[-84.222799,40.685957],[-84.222749,40.656948],[-84.165208,40.657141],[-84.152235,40.657294],[-84.150878,40.657312],[-84.141272,40.657407],[-84.131527,40.657641],[-84.131201,40.657645],[-84.107908,40.657938],[-84.107787,40.643069],[-84.039175,40.643949],[-83.994079,40.644132],[-83.975205,40.644199],[-83.929713,40.644533],[-83.899255,40.644672],[-83.880194,40.64469],[-83.880338,40.593942],[-83.880168,40.579353],[-83.880174,40.5656],[-83.880039,40.538694],[-83.884838,40.537788],[-83.893953,40.537086],[-83.908535,40.53539],[-83.912264,40.535329],[-83.912324,40.535333],[-83.917447,40.535376],[-83.993867,40.535174],[-83.993917,40.527874],[-83.993905,40.518746],[-83.99379,40.484011],[-83.993781,40.483004],[-84.002372,40.483115],[-84.011619,40.483131],[-84.080245,40.483104],[-84.107147,40.483161],[-84.126083,40.482757],[-84.16912,40.482406],[-84.220245,40.482242],[-84.221084,40.482227],[-84.230621,40.482036],[-84.25077,40.481819],[-84.278572,40.481662],[-84.339137,40.481076],[-84.339088,40.473484],[-84.339111,40.466289],[-84.339012,40.452156],[-84.33876,40.423065],[-84.338847,40.422432],[-84.338766,40.420449],[-84.338775,40.408042],[-84.338768,40.378742],[-84.35179,40.37861],[-84.356567,40.378787],[-84.357505,40.378753],[-84.35865,40.378753],[-84.376739,40.378391],[-84.383287,40.378394],[-84.395835,40.378242],[-84.39788,40.378387],[-84.434018,40.378246],[-84.434387,40.354534],[-84.455418,40.358589],[-84.4555,40.368994],[-84.455459,40.385576],[-84.455458,40.385712],[-84.45542,40.392867],[-84.455396,40.397701],[-84.455386,40.402423],[-84.455276,40.422079],[-84.455168,40.436618],[-84.455109,40.441921],[-84.455072,40.445411],[-84.455029,40.451305],[-84.454982,40.465744],[-84.455098,40.472406],[-84.455149,40.480334],[-84.455152,40.48164],[-84.455101,40.505773],[-84.455141,40.516338],[-84.455174,40.519857],[-84.455198,40.522364],[-84.455617,40.553249],[-84.455713,40.567888],[-84.455992,40.581689],[-84.456037,40.626226],[-84.456071,40.640788],[-84.456007,40.658737],[-84.455972,40.661572],[-84.45618,40.684862]]]}},{"type":"Feature","id":"39045","properties":{"id":"39045","FIPS":"39045","stateFIPS":"39","name":"Fairfield","state":"OH","sourceId":"census-counties-2024"},"geometry":{"type":"Polygon","coordinates":[[[-82.841537,39.576123],[-82.84098,39.582135],[-82.839353,39.598819],[-82.838402,39.60818],[-82.83646,39.627856],[-82.836103,39.631742],[-82.834378,39.649445],[-82.837616,39.649606],[-82.835281,39.676169],[-82.834474,39.684923],[-82.829693,39.736455],[-82.82967,39.736698],[-82.828269,39.751508],[-82.826904,39.766448],[-82.824254,39.794996],[-82.824199,39.795592],[-82.824062,39.797065],[-82.823558,39.802214],[-82.823364,39.804409],[-82.823277,39.805486],[-82.823072,39.807729],[-82.822905,39.809466],[-82.822899,39.809537],[-82.822874,39.809789],[-82.822582,39.812896],[-82.822308,39.815631],[-82.821846,39.820665],[-82.821836,39.820761],[-82.821742,39.821706],[-82.821685,39.822289],[-82.821496,39.824271],[-82.814109,39.823674],[-82.802977,39.822981],[-82.802476,39.822953],[-82.802417,39.823979],[-82.802413,39.824046],[-82.802251,39.829485],[-82.802194,39.8304],[-82.8013,39.83904],[-82.801286,39.839376],[-82.800941,39.845008],[-82.800397,39.847857],[-82.800354,39.84951],[-82.799665,39.854969],[-82.799213,39.859684],[-82.798403,39.867148],[-82.797742,39.874391],[-82.797638,39.875526],[-82.797707,39.880035],[-82.797498,39.884543],[-82.795888,39.896705],[-82.795491,39.902983],[-82.795197,39.904641],[-82.794383,39.910785],[-82.799054,39.911019],[-82.809682,39.91155],[-82.809855,39.911558],[-82.811199,39.91163],[-82.813096,39.911663],[-82.81299,39.913539],[-82.812568,39.918175],[-82.811962,39.926491],[-82.811521,39.931591],[-82.811495,39.931858],[-82.811476,39.932116],[-82.810797,39.941162],[-82.798164,39.940547],[-82.791596,39.940162],[-82.782495,39.939662],[-82.77287,39.939326],[-82.768805,39.939085],[-82.744459,39.937834],[-82.730713,39.937071],[-82.728908,39.936964],[-82.697184,39.935267],[-82.681183,39.93446],[-82.610427,39.931155],[-82.591421,39.930452],[-82.581813,39.930156],[-82.558484,39.929124],[-82.543954,39.928493],[-82.518596,39.927301],[-82.505638,39.926705],[-82.505534,39.9267],[-82.497675,39.926299],[-82.493434,39.926064],[-82.482141,39.925499],[-82.473423,39.925065],[-82.469179,39.927231],[-82.462813,39.93038],[-82.464629,39.912548],[-82.46482,39.910477],[-82.46638,39.894685],[-82.467423,39.884718],[-82.469435,39.865938],[-82.470094,39.859913],[-82.471234,39.848981],[-82.471683,39.848581],[-82.472222,39.84188],[-82.472402,39.837223],[-82.424814,39.834477],[-82.396594,39.833057],[-82.3973,39.820964],[-82.397241,39.818499],[-82.403303,39.752228],[-82.403995,39.745069],[-82.404246,39.744605],[-82.366051,39.74252],[-82.368099,39.72144],[-82.371588,39.685574],[-82.37168,39.68463],[-82.372745,39.674022],[-82.373173,39.669098],[-82.374531,39.654959],[-82.376975,39.655091],[-82.448869,39.659078],[-82.477199,39.660909],[-82.478592,39.660999],[-82.490329,39.661704],[-82.491835,39.646996],[-82.494322,39.621008],[-82.495117,39.612541],[-82.496123,39.602849],[-82.548908,39.605614],[-82.574249,39.606757],[-82.590154,39.607474],[-82.617546,39.608605],[-82.617876,39.604211],[-82.618327,39.59571],[-82.620088,39.563987],[-82.649851,39.565209],[-82.730272,39.569066],[-82.731518,39.554445],[-82.771421,39.556967],[-82.77569,39.557275],[-82.775759,39.557264],[-82.778264,39.557381],[-82.778528,39.557395],[-82.786979,39.557968],[-82.824266,39.560444],[-82.842953,39.56148],[-82.841537,39.576123]]]}},{"type":"Feature","id":"39151","properties":{"id":"39151","FIPS":"39151","stateFIPS":"39","name":"Stark","state":"OH","sourceId":"census-counties-2024"},"geometry":{"type":"Polygon","coordinates":[[[-81.64983,40.668113],[-81.649524,40.702774],[-81.64955,40.718757],[-81.649208,40.726452],[-81.649241,40.730093],[-81.649279,40.734202],[-81.64897,40.736863],[-81.648338,40.74882],[-81.648235,40.776376],[-81.648233,40.777655],[-81.648176,40.796368],[-81.648123,40.804623],[-81.648123,40.804923],[-81.648049,40.814371],[-81.647991,40.825776],[-81.64795,40.840436],[-81.647924,40.843851],[-81.647924,40.844072],[-81.647859,40.853981],[-81.64784,40.872586],[-81.647843,40.873904],[-81.647843,40.876875],[-81.647695,40.902264],[-81.647733,40.911387],[-81.647735,40.914016],[-81.639371,40.913863],[-81.63746,40.913825],[-81.633861,40.913753],[-81.613828,40.913145],[-81.594733,40.912428],[-81.565299,40.911458],[-81.536441,40.910312],[-81.497145,40.908902],[-81.466,40.907873],[-81.464151,40.907651],[-81.458837,40.907757],[-81.43064,40.906807],[-81.428688,40.906756],[-81.425689,40.906672],[-81.425472,40.906665],[-81.420363,40.906502],[-81.419786,40.917522],[-81.419783,40.917579],[-81.419239,40.928501],[-81.418702,40.936004],[-81.417841,40.950614],[-81.417081,40.969635],[-81.416826,40.976122],[-81.416334,40.988456],[-81.394188,40.988532],[-81.393249,40.988531],[-81.381674,40.988601],[-81.369954,40.988649],[-81.357529,40.988717],[-81.344909,40.988657],[-81.344628,40.988657],[-81.342366,40.988657],[-81.329592,40.988641],[-81.302728,40.988534],[-81.299767,40.988511],[-81.278753,40.988439],[-81.24939,40.988359],[-81.203146,40.987989],[-81.195679,40.988205],[-81.183849,40.988208],[-81.15331,40.988221],[-81.144786,40.988214],[-81.144297,40.988214],[-81.09882,40.988074],[-81.086312,40.988031],[-81.086568,40.947129],[-81.086601,40.937622],[-81.086712,40.930422],[-81.086726,40.930126],[-81.086679,40.925995],[-81.086675,40.920073],[-81.086685,40.915086],[-81.086684,40.914879],[-81.086684,40.906793],[-81.086679,40.901609],[-81.086686,40.898858],[-81.086723,40.887004],[-81.086734,40.886299],[-81.086758,40.872537],[-81.086794,40.850123],[-81.086868,40.814906],[-81.086757,40.813936],[-81.087093,40.751321],[-81.087082,40.749863],[-81.087081,40.749516],[-81.087137,40.747054],[-81.087208,40.740263],[-81.087258,40.738992],[-81.087235,40.738898],[-81.087278,40.731517],[-81.087391,40.729443],[-81.087289,40.727816],[-81.09312,40.727881],[-81.095877,40.727914],[-81.10225,40.727943],[-81.108251,40.727991],[-81.111693,40.728],[-81.112505,40.728034],[-81.116256,40.728061],[-81.116916,40.728064],[-81.12108,40.728089],[-81.133149,40.728241],[-81.145668,40.728427],[-81.152732,40.728526],[-81.198737,40.729147],[-81.19909,40.722208],[-81.225106,40.723136],[-81.237227,40.723542],[-81.237721,40.715287],[-81.237725,40.715189],[-81.238515,40.699988],[-81.239673,40.67877],[-81.240561,40.662861],[-81.241224,40.652614],[-81.24125,40.650534],[-81.249673,40.650681],[-81.279131,40.651061],[-81.280715,40.651038],[-81.290337,40.651169],[-81.291333,40.650996],[-81.29302,40.651164],[-81.295816,40.651262],[-81.29866,40.651256],[-81.301963,40.651406],[-81.30315,40.651342],[-81.304233,40.651362],[-81.317739,40.651579],[-81.317876,40.651934],[-81.352425,40.65249],[-81.355484,40.652535],[-81.355687,40.652538],[-81.357261,40.652565],[-81.361701,40.652618],[-81.373473,40.652763],[-81.374947,40.652785],[-81.393239,40.653009],[-81.412788,40.653232],[-81.434015,40.653457],[-81.446925,40.65364],[-81.44609,40.654471],[-81.442509,40.656206],[-81.440986,40.657383],[-81.435996,40.658116],[-81.434814,40.659349],[-81.43582,40.661402],[-81.438317,40.662994],[-81.442783,40.663686],[-81.449464,40.665284],[-81.455521,40.666582],[-81.458952,40.666916],[-81.460224,40.666729],[-81.460876,40.666363],[-81.467461,40.655914],[-81.469104,40.654941],[-81.48703,40.652864],[-81.508912,40.650415],[-81.510397,40.650247],[-81.537606,40.647102],[-81.553957,40.64533],[-81.566188,40.64398],[-81.57794,40.64264],[-81.605001,40.639548],[-81.64911,40.634525],[-81.648974,40.655285],[-81.648921,40.667771],[-81.650026,40.667774],[-81.64983,40.668113]]]}},{"type":"Feature","id":"39071","properties":{"id":"39071","FIPS":"39071","stateFIPS":"39","name":"Highland","state":"OH","sourceId":"census-counties-2024"},"geometry":{"type":"Polygon","coordinates":[[[-83.872057,39.02356],[-83.86846,39.104138],[-83.868191,39.118344],[-83.867911,39.125428],[-83.867701,39.13765],[-83.867444,39.142105],[-83.86703,39.175258],[-83.866995,39.179125],[-83.866685,39.195301],[-83.86612,39.227226],[-83.865902,39.230087],[-83.865935,39.230582],[-83.865679,39.247333],[-83.861767,39.247131],[-83.841877,39.246095],[-83.834404,39.245715],[-83.835869,39.223304],[-83.818879,39.222845],[-83.810919,39.2237],[-83.808297,39.224683],[-83.806424,39.230328],[-83.805124,39.231558],[-83.803682,39.230844],[-83.80134,39.231567],[-83.802563,39.233543],[-83.80194,39.234083],[-83.802498,39.237126],[-83.800906,39.237597],[-83.798606,39.239314],[-83.795651,39.240927],[-83.795308,39.243336],[-83.794564,39.244939],[-83.79241,39.249587],[-83.791585,39.250139],[-83.790149,39.250548],[-83.790175,39.252813],[-83.787407,39.254948],[-83.785491,39.259075],[-83.784793,39.262888],[-83.783126,39.263823],[-83.755881,39.280292],[-83.748559,39.284707],[-83.7361,39.292134],[-83.7259,39.298196],[-83.700213,39.313998],[-83.69952,39.314407],[-83.691526,39.31919],[-83.672132,39.330869],[-83.658971,39.33879],[-83.650323,39.344021],[-83.636419,39.35228],[-83.633517,39.35396],[-83.630504,39.355722],[-83.593868,39.377081],[-83.590878,39.378736],[-83.544856,39.378303],[-83.493674,39.377901],[-83.476786,39.37784],[-83.472065,39.377797],[-83.454646,39.37777],[-83.381593,39.377587],[-83.372714,39.377416],[-83.374577,39.37484],[-83.374517,39.371995],[-83.373402,39.368579],[-83.376959,39.362686],[-83.377978,39.361498],[-83.380254,39.356608],[-83.379,39.3547],[-83.378142,39.354146],[-83.37726,39.35279],[-83.375048,39.348281],[-83.375423,39.346964],[-83.375868,39.346263],[-83.376611,39.345385],[-83.377143,39.344189],[-83.377477,39.343714],[-83.377848,39.343464],[-83.378354,39.343191],[-83.379126,39.341987],[-83.379427,39.341667],[-83.382229,39.3393],[-83.382781,39.335782],[-83.383674,39.334342],[-83.384022,39.331463],[-83.382835,39.327421],[-83.38586,39.326063],[-83.38699,39.322018],[-83.386057,39.31969],[-83.385066,39.317856],[-83.383342,39.316607],[-83.383733,39.310955],[-83.384774,39.30848],[-83.381975,39.304863],[-83.382784,39.30214],[-83.383087,39.296901],[-83.382581,39.296231],[-83.381844,39.29401],[-83.379124,39.293612],[-83.376669,39.29226],[-83.376629,39.290944],[-83.378511,39.288064],[-83.38159,39.285496],[-83.382141,39.284119],[-83.381106,39.279328],[-83.381297,39.278361],[-83.384861,39.277675],[-83.390969,39.276129],[-83.393167,39.274858],[-83.394005,39.272592],[-83.393694,39.267788],[-83.392967,39.266656],[-83.38668,39.263715],[-83.381734,39.26274],[-83.380044,39.26161],[-83.378029,39.258607],[-83.378192,39.25651],[-83.379648,39.253587],[-83.381333,39.251634],[-83.381125,39.249618],[-83.377184,39.248485],[-83.373886,39.248464],[-83.371866,39.247373],[-83.370492,39.24506],[-83.36885,39.243527],[-83.365739,39.241706],[-83.362351,39.240576],[-83.359419,39.242216],[-83.357001,39.245134],[-83.355521,39.247684],[-83.355745,39.250065],[-83.352988,39.251483],[-83.347974,39.252835],[-83.347006,39.252824],[-83.345073,39.250734],[-83.345248,39.248281],[-83.346912,39.245995],[-83.346007,39.242528],[-83.345967,39.239168],[-83.347061,39.236739],[-83.347847,39.232847],[-83.347503,39.232479],[-83.343479,39.233216],[-83.344225,39.230932],[-83.353531,39.197585],[-83.356419,39.184745],[-83.357079,39.18174],[-83.36783,39.131348],[-83.374911,39.100405],[-83.37762,39.088619],[-83.379805,39.079534],[-83.382297,39.069151],[-83.385637,39.055197],[-83.441754,39.046769],[-83.443386,39.046489],[-83.474897,39.041785],[-83.483577,39.040499],[-83.484371,39.040377],[-83.498321,39.038213],[-83.502043,39.037771],[-83.511393,39.036379],[-83.51548,39.035523],[-83.55679,39.028673],[-83.586279,39.023613],[-83.596947,39.021707],[-83.611592,39.01889],[-83.625091,39.019073],[-83.658964,39.020034],[-83.673018,39.02043],[-83.705203,39.021347],[-83.750864,39.020465],[-83.774717,39.020371],[-83.782891,39.020323],[-83.804407,39.020232],[-83.805396,39.020227],[-83.805521,39.020227],[-83.805728,39.020227],[-83.809178,39.020217],[-83.816859,39.020173],[-83.81926,39.020179],[-83.820681,39.020201],[-83.872214,39.021304],[-83.872057,39.02356]]]}},{"type":"Feature","id":"39063","properties":{"id":"39063","FIPS":"39063","stateFIPS":"39","name":"Hancock","state":"OH","sourceId":"census-counties-2024"},"geometry":{"type":"Polygon","coordinates":[[[-83.881149,41.167824],[-83.788386,41.168284],[-83.765123,41.168345],[-83.764167,41.168324],[-83.727125,41.168528],[-83.726058,41.168373],[-83.707217,41.168248],[-83.688574,41.168126],[-83.678795,41.168058],[-83.674548,41.16796],[-83.663774,41.167834],[-83.658183,41.167768],[-83.653576,41.167715],[-83.650211,41.167716],[-83.649607,41.167671],[-83.649307,41.16766],[-83.624836,41.167501],[-83.611906,41.16739],[-83.602179,41.16729],[-83.592716,41.167194],[-83.581865,41.167174],[-83.563688,41.166731],[-83.554431,41.166584],[-83.544668,41.166318],[-83.535084,41.166196],[-83.499927,41.165751],[-83.488932,41.166126],[-83.478615,41.166054],[-83.46465,41.166434],[-83.443697,41.166584],[-83.441319,41.166609],[-83.438501,41.166639],[-83.425737,41.166757],[-83.421823,41.166722],[-83.421054,41.16678],[-83.421115,41.163255],[-83.421179,41.159401],[-83.42121,41.155655],[-83.421201,41.154316],[-83.42123,41.151585],[-83.421232,41.150458],[-83.421221,41.146168],[-83.42122,41.137614],[-83.42122,41.137539],[-83.421152,41.130255],[-83.421124,41.127279],[-83.421231,41.122989],[-83.420991,41.093917],[-83.420867,41.079283],[-83.420786,41.057869],[-83.420649,41.013699],[-83.420319,40.991889],[-83.429886,40.991788],[-83.45785,40.991671],[-83.457681,40.948517],[-83.476793,40.948379],[-83.476654,40.926597],[-83.47666,40.919433],[-83.476741,40.904964],[-83.514728,40.905115],[-83.515883,40.818134],[-83.520248,40.818186],[-83.55661,40.818481],[-83.576564,40.818879],[-83.580716,40.818926],[-83.614405,40.819231],[-83.651426,40.819487],[-83.670526,40.819542],[-83.689584,40.819591],[-83.699243,40.81959],[-83.727869,40.819342],[-83.766305,40.819258],[-83.774815,40.819328],[-83.871001,40.819908],[-83.880063,40.819919],[-83.880254,40.862484],[-83.88026,40.863482],[-83.880284,40.877936],[-83.880301,40.881537],[-83.880307,40.884547],[-83.880304,40.885246],[-83.880336,40.892435],[-83.880367,40.895929],[-83.880383,40.89886],[-83.880387,40.899663],[-83.880393,40.901276],[-83.880395,40.901954],[-83.880402,40.905907],[-83.880408,40.907752],[-83.880423,40.920429],[-83.880476,40.949505],[-83.880487,40.951271],[-83.880592,40.970215],[-83.880603,40.993155],[-83.880674,41.027561],[-83.880754,41.076324],[-83.880762,41.080361],[-83.880821,41.106782],[-83.88089,41.127385],[-83.880982,41.12844],[-83.881117,41.153136],[-83.881149,41.167824]]]}},{"type":"Feature","id":"39069","properties":{"id":"39069","FIPS":"39069","stateFIPS":"39","name":"Henry","state":"OH","sourceId":"census-counties-2024"},"geometry":{"type":"Polygon","coordinates":[[[-84.341902,41.485519],[-84.32547,41.485795],[-84.311181,41.485757],[-84.306064,41.485715],[-84.281943,41.485746],[-84.26763,41.485805],[-84.241256,41.485914],[-84.228919,41.485942],[-84.228914,41.485581],[-84.223564,41.48566],[-84.217245,41.485735],[-84.211527,41.485775],[-84.191993,41.485793],[-84.18718,41.485762],[-84.125202,41.486214],[-84.114863,41.486304],[-84.114862,41.486009],[-84.076497,41.486072],[-83.999001,41.486766],[-83.941311,41.487213],[-83.882943,41.487543],[-83.882924,41.483963],[-83.882897,41.478841],[-83.882922,41.458494],[-83.882896,41.438633],[-83.883234,41.414503],[-83.883214,41.409841],[-83.883224,41.401414],[-83.883226,41.40082],[-83.883307,41.38621],[-83.883335,41.384583],[-83.8835,41.35712],[-83.88352,41.342562],[-83.883407,41.335294],[-83.883383,41.32816],[-83.883183,41.314277],[-83.882891,41.29868],[-83.882858,41.296332],[-83.882825,41.29402],[-83.882256,41.255097],[-83.882206,41.247598],[-83.882064,41.225997],[-83.881669,41.204219],[-83.881601,41.196932],[-83.881539,41.193615],[-83.881149,41.167824],[-83.919398,41.167504],[-83.996951,41.167074],[-84.03535,41.166896],[-84.093166,41.16651],[-84.112573,41.166505],[-84.161599,41.166185],[-84.228222,41.165862],[-84.227942,41.202164],[-84.227472,41.253176],[-84.22744,41.267131],[-84.227391,41.301222],[-84.227387,41.30128],[-84.227359,41.340494],[-84.228218,41.41324],[-84.228454,41.42781],[-84.341664,41.427568],[-84.341892,41.462304],[-84.341902,41.485519]]]}},{"type":"Feature","id":"39083","properties":{"id":"39083","FIPS":"39083","stateFIPS":"39","name":"Knox","state":"OH","sourceId":"census-counties-2024"},"geometry":{"type":"Polygon","coordinates":[[[-82.750235,40.284087],[-82.746829,40.324581],[-82.744931,40.349603],[-82.6897,40.347112],[-82.68846,40.346948],[-82.646503,40.345076],[-82.645766,40.35549],[-82.64561,40.356233],[-82.644221,40.374411],[-82.640813,40.417624],[-82.638004,40.463365],[-82.638117,40.463428],[-82.635713,40.492143],[-82.633181,40.523066],[-82.642837,40.522111],[-82.643096,40.524457],[-82.64303,40.542684],[-82.64283,40.543501],[-82.642796,40.550011],[-82.624674,40.549827],[-82.623609,40.549879],[-82.621571,40.549884],[-82.59737,40.549954],[-82.566497,40.550007],[-82.547395,40.550105],[-82.524284,40.550355],[-82.509111,40.55054],[-82.45163,40.550762],[-82.450348,40.550791],[-82.378345,40.550864],[-82.374898,40.550871],[-82.359612,40.552492],[-82.336962,40.555001],[-82.33476,40.555246],[-82.274904,40.561891],[-82.272623,40.562145],[-82.234622,40.566472],[-82.220268,40.568187],[-82.17854,40.573102],[-82.180815,40.52976],[-82.18163,40.512507],[-82.181636,40.5123],[-82.183638,40.471077],[-82.183701,40.469038],[-82.183799,40.467178],[-82.183743,40.466519],[-82.184277,40.456382],[-82.184724,40.454908],[-82.184467,40.454262],[-82.186915,40.406056],[-82.187364,40.397799],[-82.188184,40.383355],[-82.188629,40.37538],[-82.188827,40.373227],[-82.190399,40.347352],[-82.190162,40.346643],[-82.190807,40.33576],[-82.191829,40.316778],[-82.192113,40.311185],[-82.19325,40.290287],[-82.195911,40.239071],[-82.23987,40.239926],[-82.280895,40.240173],[-82.280942,40.239251],[-82.284431,40.239288],[-82.302753,40.239433],[-82.309842,40.239527],[-82.314129,40.239595],[-82.317505,40.239627],[-82.364344,40.240957],[-82.374873,40.241275],[-82.380299,40.241671],[-82.381295,40.241621],[-82.412035,40.242924],[-82.417066,40.243314],[-82.418145,40.243277],[-82.434507,40.243803],[-82.436675,40.243903],[-82.441031,40.2441],[-82.452114,40.244604],[-82.452612,40.244626],[-82.462763,40.245152],[-82.477273,40.24581],[-82.476114,40.264703],[-82.491184,40.265396],[-82.51678,40.266575],[-82.5552,40.26845],[-82.580378,40.269785],[-82.583967,40.269816],[-82.593975,40.270358],[-82.603708,40.270756],[-82.610969,40.271116],[-82.626818,40.27185],[-82.638865,40.272401],[-82.644208,40.272664],[-82.645521,40.272695],[-82.652381,40.272971],[-82.671434,40.27379],[-82.68918,40.274489],[-82.750747,40.276996],[-82.750235,40.284087]]]}},{"type":"Feature","id":"39101","properties":{"id":"39101","FIPS":"39101","stateFIPS":"39","name":"Marion","state":"OH","sourceId":"census-counties-2024"},"geometry":{"type":"Polygon","coordinates":[[[-83.420251,40.613982],[-83.419828,40.643573],[-83.419782,40.645343],[-83.419836,40.686823],[-83.419831,40.687278],[-83.349571,40.687334],[-83.324084,40.687267],[-83.304725,40.687124],[-83.304687,40.702006],[-83.227041,40.702319],[-83.192304,40.702122],[-83.188262,40.702143],[-83.168769,40.702323],[-83.162105,40.702417],[-83.161038,40.702537],[-83.158625,40.702462],[-83.11136,40.702915],[-83.092274,40.70285],[-83.090577,40.70255],[-83.08279,40.702904],[-83.073247,40.702913],[-83.068214,40.703164],[-83.004355,40.703232],[-82.977001,40.703453],[-82.975734,40.703453],[-82.957773,40.703287],[-82.939289,40.704378],[-82.87193,40.70488],[-82.858302,40.705019],[-82.858634,40.686138],[-82.859335,40.658647],[-82.859753,40.646395],[-82.880495,40.646268],[-82.889848,40.646155],[-82.90621,40.645947],[-82.907042,40.646032],[-82.93737,40.645482],[-82.957817,40.645148],[-82.957801,40.616097],[-82.957895,40.594654],[-82.957903,40.59297],[-82.957934,40.586431],[-82.958063,40.557934],[-82.958084,40.552987],[-82.958095,40.550566],[-82.958196,40.523559],[-82.958401,40.490664],[-83.005329,40.485877],[-83.016785,40.484511],[-83.016806,40.484263],[-83.017759,40.472776],[-83.020798,40.433795],[-83.05951,40.435155],[-83.062467,40.435121],[-83.072568,40.435572],[-83.113678,40.436994],[-83.160371,40.438874],[-83.183545,40.439956],[-83.191683,40.440542],[-83.19183,40.440535],[-83.228117,40.442766],[-83.248595,40.443989],[-83.248459,40.450919],[-83.248443,40.45356],[-83.248475,40.455153],[-83.248412,40.45765],[-83.248281,40.463226],[-83.248298,40.500997],[-83.248289,40.507078],[-83.255084,40.507047],[-83.310129,40.506471],[-83.406173,40.505408],[-83.41867,40.505229],[-83.417874,40.508861],[-83.417459,40.509361],[-83.415624,40.515366],[-83.417965,40.556202],[-83.418471,40.566824],[-83.419874,40.586367],[-83.420116,40.600196],[-83.420208,40.607375],[-83.420251,40.613982]]]}},{"type":"Feature","id":"39117","properties":{"id":"39117","FIPS":"39117","stateFIPS":"39","name":"Morrow","state":"OH","sourceId":"census-counties-2024"},"geometry":{"type":"Polygon","coordinates":[[[-83.020798,40.433795],[-83.017759,40.472776],[-83.016806,40.484263],[-83.016785,40.484511],[-83.005329,40.485877],[-82.958401,40.490664],[-82.958196,40.523559],[-82.958095,40.550566],[-82.958084,40.552987],[-82.958063,40.557934],[-82.957934,40.586431],[-82.957903,40.59297],[-82.957895,40.594654],[-82.957801,40.616097],[-82.957817,40.645148],[-82.93737,40.645482],[-82.907042,40.646032],[-82.90621,40.645947],[-82.889848,40.646155],[-82.880495,40.646268],[-82.859753,40.646395],[-82.859335,40.658647],[-82.858634,40.686138],[-82.858302,40.705019],[-82.858197,40.712423],[-82.849249,40.712527],[-82.813405,40.712497],[-82.801512,40.712246],[-82.797468,40.712186],[-82.796631,40.712179],[-82.79299,40.712165],[-82.792592,40.712157],[-82.792136,40.712155],[-82.788254,40.71213],[-82.765021,40.711875],[-82.727164,40.711203],[-82.714769,40.711073],[-82.689113,40.711033],[-82.68912,40.710603],[-82.627191,40.709416],[-82.627227,40.708424],[-82.626712,40.685618],[-82.626483,40.680591],[-82.626165,40.666132],[-82.644977,40.666425],[-82.644931,40.659593],[-82.644117,40.63724],[-82.638679,40.637276],[-82.62476,40.637283],[-82.624934,40.631589],[-82.625001,40.630177],[-82.625387,40.625026],[-82.625239,40.624338],[-82.623685,40.55203],[-82.623609,40.549879],[-82.624674,40.549827],[-82.642796,40.550011],[-82.64283,40.543501],[-82.64303,40.542684],[-82.643096,40.524457],[-82.642837,40.522111],[-82.633181,40.523066],[-82.635713,40.492143],[-82.638117,40.463428],[-82.638004,40.463365],[-82.640813,40.417624],[-82.644221,40.374411],[-82.64561,40.356233],[-82.645766,40.35549],[-82.646503,40.345076],[-82.68846,40.346948],[-82.6897,40.347112],[-82.744931,40.349603],[-82.76881,40.350649],[-82.792687,40.351778],[-82.824125,40.353205],[-82.831331,40.353561],[-82.84024,40.354011],[-82.867134,40.355171],[-82.868606,40.355236],[-82.929588,40.358123],[-82.929495,40.359275],[-82.926574,40.39398],[-82.924781,40.415004],[-82.934491,40.415426],[-82.947075,40.415969],[-82.950012,40.416095],[-82.950401,40.416111],[-82.973121,40.417175],[-82.973269,40.416508],[-82.977975,40.416634],[-83.022079,40.418884],[-83.020798,40.433795]]]}},{"type":"Feature","id":"39055","properties":{"id":"39055","FIPS":"39055","stateFIPS":"39","name":"Geauga","state":"OH","sourceId":"census-counties-2024"},"geometry":{"type":"Polygon","coordinates":[[[-81.391934,41.401853],[-81.391907,41.406177],[-81.391833,41.415853],[-81.391779,41.418716],[-81.391764,41.424269],[-81.387171,41.424269],[-81.385194,41.424371],[-81.374772,41.424427],[-81.374819,41.431758],[-81.374822,41.433421],[-81.374992,41.445286],[-81.384079,41.44525],[-81.391518,41.445222],[-81.391456,41.449914],[-81.391394,41.454897],[-81.391174,41.458813],[-81.391332,41.459264],[-81.391134,41.467051],[-81.390866,41.499214],[-81.390851,41.500748],[-81.390747,41.522517],[-81.39073,41.534742],[-81.390851,41.55606],[-81.391005,41.569716],[-81.348837,41.570141],[-81.310529,41.570043],[-81.304907,41.570143],[-81.29588,41.56995],[-81.295395,41.588557],[-81.295242,41.596182],[-81.295093,41.608888],[-81.295015,41.615488],[-81.294973,41.618901],[-81.294686,41.640042],[-81.294669,41.640889],[-81.269532,41.641006],[-81.241529,41.641115],[-81.217453,41.641144],[-81.198179,41.641258],[-81.191243,41.641331],[-81.178877,41.641271],[-81.174907,41.641348],[-81.112632,41.641413],[-81.101422,41.641457],[-81.102064,41.687182],[-81.102258,41.714307],[-81.05093,41.714488],[-81.040214,41.714492],[-81.022699,41.714614],[-81.011038,41.714702],[-81.003631,41.715137],[-81.002929,41.714887],[-81.002781,41.642],[-81.00292,41.607146],[-81.002836,41.571703],[-81.002836,41.571342],[-81.002849,41.564351],[-81.003047,41.535207],[-81.003125,41.501685],[-81.003126,41.501478],[-81.003235,41.479222],[-81.003311,41.462814],[-81.003325,41.45881],[-81.00316,41.42599],[-81.003066,41.425928],[-81.003202,41.425466],[-81.0032,41.383725],[-81.003191,41.347859],[-81.053623,41.347769],[-81.079132,41.347456],[-81.09852,41.347474],[-81.113719,41.347354],[-81.143144,41.347454],[-81.19142,41.347569],[-81.298567,41.347319],[-81.322787,41.34752],[-81.339654,41.347698],[-81.364087,41.347944],[-81.367841,41.347969],[-81.391694,41.348272],[-81.391761,41.35736],[-81.391894,41.388722],[-81.391945,41.397787],[-81.391934,41.401853]]]}},{"type":"Feature","id":"39097","properties":{"id":"39097","FIPS":"39097","stateFIPS":"39","name":"Madison","state":"OH","sourceId":"census-counties-2024"},"geometry":{"type":"Polygon","coordinates":[[[-83.653386,39.71774],[-83.652162,39.725212],[-83.652237,39.728663],[-83.648882,39.761115],[-83.648641,39.768478],[-83.647169,39.773029],[-83.610805,39.770204],[-83.589909,39.768812],[-83.585106,39.782188],[-83.581567,39.792037],[-83.564073,39.848463],[-83.557567,39.868056],[-83.553443,39.880904],[-83.546178,39.907661],[-83.543293,39.916606],[-83.537513,39.934526],[-83.515377,40.001302],[-83.512625,40.010023],[-83.516069,40.010818],[-83.514876,40.019588],[-83.511323,40.0474],[-83.503714,40.111468],[-83.392587,40.110405],[-83.392022,40.110403],[-83.382262,40.110314],[-83.350583,40.110004],[-83.29236,40.109379],[-83.285981,40.109293],[-83.285006,40.109279],[-83.278271,40.109207],[-83.267457,40.108906],[-83.262903,40.108756],[-83.262752,40.10875],[-83.258617,40.108662],[-83.239343,40.10826],[-83.206273,40.107733],[-83.206812,40.10576],[-83.207884,40.092816],[-83.209524,40.075143],[-83.210033,40.071054],[-83.210254,40.069273],[-83.210587,40.065277],[-83.21101,40.059451],[-83.212196,40.048069],[-83.220838,40.047883],[-83.25383,40.049218],[-83.255051,40.048614],[-83.255647,40.045523],[-83.254895,40.042682],[-83.252476,40.040589],[-83.254292,40.036139],[-83.256114,40.032781],[-83.256218,40.03055],[-83.255511,40.02879],[-83.252751,40.028447],[-83.251745,40.023288],[-83.251759,40.019632],[-83.253027,40.016919],[-83.253268,40.014325],[-83.25273,40.011051],[-83.25168,40.008376],[-83.25409,40.005045],[-83.258553,40.004822],[-83.260877,40.002807],[-83.259859,40.001086],[-83.256091,39.998724],[-83.255712,39.996673],[-83.254131,39.995453],[-83.251096,39.991337],[-83.246112,39.987323],[-83.246147,39.98641],[-83.248543,39.983938],[-83.250123,39.983154],[-83.250279,39.981349],[-83.249429,39.98076],[-83.2494,39.980501],[-83.249201,39.979938],[-83.250095,39.977657],[-83.25004,39.975853],[-83.249441,39.973401],[-83.250531,39.97258],[-83.250227,39.970328],[-83.246938,39.971139],[-83.245502,39.967102],[-83.245435,39.963288],[-83.240169,39.960119],[-83.241682,39.957139],[-83.241699,39.952552],[-83.240628,39.951465],[-83.237399,39.949991],[-83.236243,39.947726],[-83.235845,39.947361],[-83.231865,39.944864],[-83.230939,39.941599],[-83.228506,39.940219],[-83.228576,39.939301],[-83.227327,39.936358],[-83.225643,39.932262],[-83.230617,39.928552],[-83.246516,39.920039],[-83.252031,39.917363],[-83.250747,39.903501],[-83.247301,39.860777],[-83.245014,39.828965],[-83.24401,39.822333],[-83.243702,39.812503],[-83.243839,39.809327],[-83.24423,39.807422],[-83.244519,39.79961],[-83.245265,39.791728],[-83.245588,39.78742],[-83.248502,39.745335],[-83.248763,39.744105],[-83.249313,39.736426],[-83.251136,39.713436],[-83.252435,39.695438],[-83.271191,39.696491],[-83.272819,39.696595],[-83.27925,39.696968],[-83.285856,39.69735],[-83.303957,39.698209],[-83.336687,39.699664],[-83.340497,39.69992],[-83.363058,39.700738],[-83.366796,39.700703],[-83.387825,39.701724],[-83.460601,39.70504],[-83.467195,39.706117],[-83.474451,39.706481],[-83.478029,39.706181],[-83.516891,39.708717],[-83.53011,39.709578],[-83.542167,39.710349],[-83.651342,39.716883],[-83.65333,39.716876],[-83.653386,39.71774]]]}},{"type":"Feature","id":"39005","properties":{"id":"39005","FIPS":"39005","stateFIPS":"39","name":"Ashland","state":"OH","sourceId":"census-counties-2024"},"geometry":{"type":"Polygon","coordinates":[[[-82.436916,41.065379],[-82.424905,41.065426],[-82.417082,41.065486],[-82.41404,41.065511],[-82.398276,41.065604],[-82.396686,41.065612],[-82.375958,41.065679],[-82.358162,41.065718],[-82.336496,41.065761],[-82.326822,41.065768],[-82.304185,41.065643],[-82.28994,41.065531],[-82.270367,41.065089],[-82.258275,41.06473],[-82.171492,41.063537],[-82.173359,40.992082],[-82.129334,40.991807],[-82.129101,40.975448],[-82.128835,40.964201],[-82.127917,40.937169],[-82.128544,40.929977],[-82.128313,40.92172],[-82.128078,40.915319],[-82.1279,40.900902],[-82.127423,40.90089],[-82.125852,40.893269],[-82.12501,40.886263],[-82.125495,40.85817],[-82.125493,40.850301],[-82.126557,40.82131],[-82.126887,40.813787],[-82.127327,40.804252],[-82.126696,40.762975],[-82.126628,40.750056],[-82.126536,40.749272],[-82.126234,40.726537],[-82.126428,40.726534],[-82.126404,40.719331],[-82.126366,40.712015],[-82.126345,40.704544],[-82.126307,40.695065],[-82.126229,40.675769],[-82.126196,40.668357],[-82.147817,40.667922],[-82.154491,40.667802],[-82.161549,40.667655],[-82.220672,40.66736],[-82.221118,40.667356],[-82.221064,40.654864],[-82.220964,40.645655],[-82.220871,40.640429],[-82.220834,40.638535],[-82.220834,40.638367],[-82.220716,40.628298],[-82.220662,40.627537],[-82.220434,40.594932],[-82.220433,40.594524],[-82.220268,40.568187],[-82.234622,40.566472],[-82.272623,40.562145],[-82.274904,40.561891],[-82.33476,40.555246],[-82.336962,40.555001],[-82.337732,40.59488],[-82.338364,40.623556],[-82.338483,40.638502],[-82.338636,40.651888],[-82.338739,40.669914],[-82.33885,40.683512],[-82.338959,40.685523],[-82.338984,40.698538],[-82.339211,40.726683],[-82.354276,40.726813],[-82.355654,40.726657],[-82.367522,40.726707],[-82.378397,40.727145],[-82.378402,40.734219],[-82.378635,40.781075],[-82.378953,40.787227],[-82.380065,40.788227],[-82.38102,40.788923],[-82.381891,40.788499],[-82.38256,40.788586],[-82.384438,40.792298],[-82.385766,40.792386],[-82.386591,40.794487],[-82.389812,40.796179],[-82.390048,40.797742],[-82.387084,40.800406],[-82.388168,40.801171],[-82.388459,40.801419],[-82.388405,40.80227],[-82.388559,40.808169],[-82.407759,40.808247],[-82.407999,40.814567],[-82.409935,40.814603],[-82.416847,40.814567],[-82.418394,40.81623],[-82.417061,40.817019],[-82.417893,40.819286],[-82.417196,40.820763],[-82.419757,40.82299],[-82.420752,40.82333],[-82.419578,40.824979],[-82.420545,40.826335],[-82.420434,40.827839],[-82.419404,40.827852],[-82.418509,40.825625],[-82.417093,40.825959],[-82.415488,40.828424],[-82.416431,40.829607],[-82.416291,40.852604],[-82.41599,40.877455],[-82.416043,40.89873],[-82.416,40.901898],[-82.41648,40.902252],[-82.417266,40.953331],[-82.4179,40.992938],[-82.432852,40.992944],[-82.435931,41.04714],[-82.436766,41.062394],[-82.436911,41.065342],[-82.436916,41.065379]]]}},{"type":"Feature","id":"39031","properties":{"id":"39031","FIPS":"39031","stateFIPS":"39","name":"Coshocton","state":"OH","sourceId":"census-counties-2024"},"geometry":{"type":"Polygon","coordinates":[[[-82.19325,40.290287],[-82.192113,40.311185],[-82.191829,40.316778],[-82.190807,40.33576],[-82.190162,40.346643],[-82.190399,40.347352],[-82.188827,40.373227],[-82.188629,40.37538],[-82.188184,40.383355],[-82.187364,40.397799],[-82.186915,40.406056],[-82.184467,40.454262],[-82.184724,40.454908],[-82.184277,40.456382],[-82.162096,40.455474],[-82.085976,40.452929],[-82.085885,40.454101],[-82.075439,40.453761],[-82.044464,40.452759],[-82.035774,40.452491],[-81.988712,40.451098],[-81.987584,40.451309],[-81.960355,40.450511],[-81.932198,40.449766],[-81.902127,40.448916],[-81.893874,40.44885],[-81.893906,40.448102],[-81.825359,40.447155],[-81.804684,40.446798],[-81.789705,40.446489],[-81.766185,40.446055],[-81.761361,40.445946],[-81.755026,40.4458],[-81.721172,40.445023],[-81.718796,40.445049],[-81.709132,40.444775],[-81.709198,40.443888],[-81.709316,40.441568],[-81.70956,40.436879],[-81.711501,40.392181],[-81.711602,40.389711],[-81.712366,40.371101],[-81.712383,40.370763],[-81.710425,40.370688],[-81.70015,40.370584],[-81.684161,40.36997],[-81.68323,40.369944],[-81.682634,40.370036],[-81.681446,40.369998],[-81.622268,40.368292],[-81.616307,40.368125],[-81.61802,40.330488],[-81.619155,40.296822],[-81.619222,40.295031],[-81.61975,40.283364],[-81.620177,40.273815],[-81.62033,40.271447],[-81.62078,40.262378],[-81.622351,40.221306],[-81.636348,40.221615],[-81.66759,40.222468],[-81.667635,40.214311],[-81.66769,40.208023],[-81.669189,40.183806],[-81.670899,40.150976],[-81.716276,40.152166],[-81.716277,40.152854],[-81.809396,40.155189],[-81.809533,40.155194],[-81.850982,40.156443],[-81.904203,40.157851],[-81.905026,40.157876],[-81.939833,40.158721],[-81.947098,40.158897],[-82.000204,40.160242],[-82.025515,40.160894],[-82.087197,40.161705],[-82.088285,40.162067],[-82.093016,40.162337],[-82.092981,40.162579],[-82.187105,40.16688],[-82.187038,40.167151],[-82.186393,40.182315],[-82.186739,40.183016],[-82.18286,40.238037],[-82.182823,40.238624],[-82.195911,40.239071],[-82.19325,40.290287]]]}},{"type":"Feature","id":"39047","properties":{"id":"39047","FIPS":"39047","stateFIPS":"39","name":"Fayette","state":"OH","sourceId":"census-counties-2024"},"geometry":{"type":"Polygon","coordinates":[[[-83.665343,39.598772],[-83.663522,39.617725],[-83.661666,39.638285],[-83.659814,39.653924],[-83.658598,39.664994],[-83.658034,39.670348],[-83.653826,39.711708],[-83.65333,39.716876],[-83.651342,39.716883],[-83.542167,39.710349],[-83.53011,39.709578],[-83.516891,39.708717],[-83.478029,39.706181],[-83.474451,39.706481],[-83.467195,39.706117],[-83.460601,39.70504],[-83.387825,39.701724],[-83.366796,39.700703],[-83.363058,39.700738],[-83.340497,39.69992],[-83.336687,39.699664],[-83.303957,39.698209],[-83.285856,39.69735],[-83.27925,39.696968],[-83.272819,39.696595],[-83.271191,39.696491],[-83.252435,39.695438],[-83.255144,39.661715],[-83.255586,39.658719],[-83.257771,39.627109],[-83.257909,39.625207],[-83.257802,39.624474],[-83.258207,39.619598],[-83.258423,39.61704],[-83.261235,39.581874],[-83.2627,39.563575],[-83.263582,39.552701],[-83.264123,39.54455],[-83.264528,39.540162],[-83.266737,39.516249],[-83.275352,39.504788],[-83.301724,39.470747],[-83.317496,39.449993],[-83.32362,39.441986],[-83.328862,39.435103],[-83.33344,39.42881],[-83.353132,39.402675],[-83.372714,39.377416],[-83.381593,39.377587],[-83.454646,39.37777],[-83.472065,39.377797],[-83.476786,39.37784],[-83.493674,39.377901],[-83.544856,39.378303],[-83.590878,39.378736],[-83.58777,39.414665],[-83.586793,39.426478],[-83.585198,39.445705],[-83.585004,39.447953],[-83.58469,39.451782],[-83.584054,39.459482],[-83.583455,39.46663],[-83.580782,39.498869],[-83.580032,39.504399],[-83.576286,39.544547],[-83.602975,39.546284],[-83.610778,39.54681],[-83.624268,39.547717],[-83.624921,39.547626],[-83.670196,39.550254],[-83.665343,39.598772]]]}},{"type":"Feature","id":"26123","properties":{"id":"26123","FIPS":"26123","stateFIPS":"26","name":"Newaygo","state":"MI","sourceId":"census-counties-2024"},"geometry":{"type":"Polygon","coordinates":[[[-86.039706,43.561429],[-86.039639,43.575706],[-86.039633,43.579537],[-86.039542,43.59755],[-86.039246,43.626814],[-86.039217,43.641209],[-86.039273,43.684978],[-86.039352,43.69891],[-86.039368,43.702711],[-86.039277,43.728339],[-86.039133,43.757375],[-86.037884,43.815611],[-85.998133,43.815109],[-85.936622,43.815046],[-85.918819,43.814636],[-85.850195,43.814099],[-85.800327,43.814231],[-85.799358,43.814325],[-85.797777,43.814246],[-85.713499,43.815572],[-85.681516,43.81553],[-85.562433,43.815483],[-85.562517,43.764685],[-85.562564,43.760469],[-85.562541,43.757469],[-85.562548,43.754939],[-85.562576,43.749717],[-85.562745,43.728497],[-85.562808,43.656811],[-85.562249,43.642112],[-85.562595,43.589504],[-85.562515,43.581449],[-85.562571,43.569342],[-85.562535,43.56561],[-85.562512,43.555047],[-85.562562,43.54879],[-85.562542,43.540445],[-85.562484,43.526283],[-85.562457,43.51202],[-85.562356,43.489905],[-85.562388,43.468481],[-85.562348,43.46813],[-85.562565,43.426376],[-85.562574,43.425187],[-85.562582,43.395749],[-85.562634,43.381324],[-85.562645,43.366707],[-85.562687,43.34996],[-85.562712,43.349836],[-85.562744,43.316041],[-85.562538,43.294271],[-85.571636,43.294252],[-85.582333,43.294211],[-85.592974,43.294166],[-85.611571,43.29416],[-85.613863,43.294145],[-85.641722,43.293994],[-85.646471,43.293974],[-85.651507,43.293946],[-85.65645,43.293754],[-85.661495,43.293927],[-85.66287,43.293914],[-85.673008,43.293832],[-85.681789,43.293767],[-85.712543,43.293309],[-85.721713,43.293309],[-85.726151,43.293304],[-85.72651,43.293304],[-85.731184,43.293292],[-85.740607,43.293304],[-85.740997,43.293311],[-85.752157,43.29323],[-85.752657,43.293228],[-85.760765,43.293193],[-85.765649,43.293151],[-85.771046,43.293111],[-85.775505,43.293077],[-85.790448,43.293003],[-85.800817,43.292943],[-85.810594,43.292925],[-85.830099,43.292949],[-85.869928,43.293014],[-85.908102,43.293138],[-85.920004,43.29316],[-85.939656,43.293302],[-85.959737,43.293394],[-86.001348,43.29337],[-86.020074,43.29344],[-86.027934,43.293478],[-86.038953,43.293519],[-86.038989,43.300035],[-86.038998,43.307526],[-86.038998,43.30803],[-86.038995,43.318113],[-86.039088,43.366035],[-86.039132,43.380643],[-86.039311,43.409579],[-86.039286,43.445759],[-86.039491,43.467447],[-86.039658,43.525302],[-86.039653,43.533995],[-86.03964,43.539751],[-86.03978,43.554182],[-86.039706,43.561429]]]}},{"type":"Feature","id":"26107","properties":{"id":"26107","FIPS":"26107","stateFIPS":"26","name":"Mecosta","state":"MI","sourceId":"census-counties-2024"},"geometry":{"type":"Polygon","coordinates":[[[-85.562745,43.728497],[-85.562576,43.749717],[-85.562548,43.754939],[-85.562541,43.757469],[-85.562564,43.760469],[-85.562517,43.764685],[-85.562433,43.815483],[-85.502871,43.815442],[-85.443132,43.81481],[-85.411518,43.814602],[-85.404128,43.814621],[-85.374944,43.814573],[-85.334771,43.814369],[-85.324384,43.814384],[-85.300215,43.814191],[-85.290145,43.814341],[-85.266059,43.814001],[-85.206146,43.813754],[-85.188025,43.813735],[-85.177385,43.813628],[-85.168258,43.813625],[-85.158975,43.813607],[-85.156127,43.813592],[-85.088811,43.813676],[-85.088293,43.760264],[-85.087978,43.755553],[-85.087287,43.726536],[-85.086551,43.639527],[-85.086411,43.637576],[-85.086011,43.595778],[-85.085892,43.577897],[-85.085782,43.566919],[-85.085672,43.552476],[-85.084996,43.46619],[-85.124157,43.466403],[-85.129338,43.466458],[-85.13449,43.466518],[-85.13945,43.466564],[-85.144618,43.466607],[-85.180185,43.466992],[-85.204278,43.467386],[-85.224263,43.467452],[-85.323425,43.467832],[-85.327861,43.467865],[-85.333136,43.467908],[-85.35906,43.468159],[-85.382933,43.468187],[-85.402743,43.468185],[-85.442708,43.468201],[-85.462607,43.46808],[-85.562348,43.46813],[-85.562388,43.468481],[-85.562356,43.489905],[-85.562457,43.51202],[-85.562484,43.526283],[-85.562542,43.540445],[-85.562562,43.54879],[-85.562512,43.555047],[-85.562535,43.56561],[-85.562571,43.569342],[-85.562515,43.581449],[-85.562595,43.589504],[-85.562249,43.642112],[-85.562808,43.656811],[-85.562745,43.728497]]]}},{"type":"Feature","id":"26057","properties":{"id":"26057","FIPS":"26057","stateFIPS":"26","name":"Gratiot","state":"MI","sourceId":"census-counties-2024"},"geometry":{"type":"Polygon","coordinates":[[[-84.845962,43.466158],[-84.836323,43.466225],[-84.829909,43.466222],[-84.802274,43.466257],[-84.796665,43.466263],[-84.786682,43.466274],[-84.766636,43.466288],[-84.746672,43.466234],[-84.742504,43.466238],[-84.736895,43.466235],[-84.726798,43.466236],[-84.718118,43.466184],[-84.68716,43.466112],[-84.682283,43.46608],[-84.673695,43.466072],[-84.667261,43.46605],[-84.662364,43.466054],[-84.6583,43.466057],[-84.60754,43.466006],[-84.528485,43.466165],[-84.523552,43.466183],[-84.488684,43.466168],[-84.369876,43.466044],[-84.369925,43.458711],[-84.36985,43.389612],[-84.36983,43.386595],[-84.369808,43.379101],[-84.369594,43.321129],[-84.369461,43.302343],[-84.369408,43.292096],[-84.368982,43.248594],[-84.368676,43.214577],[-84.36859,43.205031],[-84.368399,43.186672],[-84.368332,43.179472],[-84.368325,43.176651],[-84.368323,43.176075],[-84.36827,43.172059],[-84.368186,43.163371],[-84.368109,43.154431],[-84.368067,43.146913],[-84.367891,43.128452],[-84.36776,43.117942],[-84.480436,43.117647],[-84.483715,43.117637],[-84.542364,43.117762],[-84.570737,43.117735],[-84.582789,43.117725],[-84.592652,43.117706],[-84.600525,43.117714],[-84.608606,43.117746],[-84.61549,43.117747],[-84.630252,43.117785],[-84.635192,43.117792],[-84.680202,43.117968],[-84.699707,43.118025],[-84.709399,43.118056],[-84.719321,43.118115],[-84.783163,43.118486],[-84.783997,43.118491],[-84.836889,43.118851],[-84.836714,43.162371],[-84.836687,43.171738],[-84.836583,43.180524],[-84.836531,43.184159],[-84.83648,43.191309],[-84.836356,43.205656],[-84.835592,43.263727],[-84.835305,43.2922],[-84.845573,43.292231],[-84.845234,43.328402],[-84.845204,43.33383],[-84.845137,43.350239],[-84.845176,43.357451],[-84.845174,43.357855],[-84.84502,43.374686],[-84.845005,43.379177],[-84.845117,43.393018],[-84.84515,43.3971],[-84.845368,43.411993],[-84.845407,43.415498],[-84.845962,43.466158]]]}},{"type":"Feature","id":"26037","properties":{"id":"26037","FIPS":"26037","stateFIPS":"26","name":"Clinton","state":"MI","sourceId":"census-counties-2024"},"geometry":{"type":"Polygon","coordinates":[[[-84.837528,42.989021],[-84.837573,42.994664],[-84.837423,43.001484],[-84.837594,43.009381],[-84.837467,43.028877],[-84.83762,43.032641],[-84.837181,43.068367],[-84.837106,43.076062],[-84.837051,43.083365],[-84.836922,43.10523],[-84.836889,43.118851],[-84.783997,43.118491],[-84.783163,43.118486],[-84.719321,43.118115],[-84.709399,43.118056],[-84.699707,43.118025],[-84.680202,43.117968],[-84.635192,43.117792],[-84.630252,43.117785],[-84.61549,43.117747],[-84.608606,43.117746],[-84.600525,43.117714],[-84.592652,43.117706],[-84.582789,43.117725],[-84.570737,43.117735],[-84.542364,43.117762],[-84.483715,43.117637],[-84.480436,43.117647],[-84.36776,43.117942],[-84.367681,43.10336],[-84.367525,43.074284],[-84.367403,43.042003],[-84.367249,43.030698],[-84.366864,43.011681],[-84.366797,43.007809],[-84.366792,43.007585],[-84.366789,43.007447],[-84.366669,43.002871],[-84.366618,43.000719],[-84.366566,42.998683],[-84.366513,42.994521],[-84.366492,42.99252],[-84.366471,42.990769],[-84.365712,42.95512],[-84.365711,42.943569],[-84.365413,42.929078],[-84.365275,42.924103],[-84.365127,42.912309],[-84.365076,42.910124],[-84.364872,42.897694],[-84.364803,42.893627],[-84.364794,42.89307],[-84.364756,42.89053],[-84.364547,42.880162],[-84.364394,42.861824],[-84.364375,42.857103],[-84.364319,42.842497],[-84.364106,42.825644],[-84.363997,42.813376],[-84.36384,42.796267],[-84.363794,42.791999],[-84.363785,42.790432],[-84.36374,42.783021],[-84.363659,42.775778],[-84.36366,42.769971],[-84.373445,42.770001],[-84.420923,42.769681],[-84.432691,42.769593],[-84.441186,42.769561],[-84.449317,42.769584],[-84.452709,42.769595],[-84.475146,42.769583],[-84.478206,42.769545],[-84.48359,42.769479],[-84.488444,42.769513],[-84.503175,42.769622],[-84.512355,42.769663],[-84.51307,42.769666],[-84.519484,42.769696],[-84.523019,42.769611],[-84.532474,42.769683],[-84.54272,42.769649],[-84.551732,42.769711],[-84.555738,42.769715],[-84.566969,42.769752],[-84.584264,42.769736],[-84.601864,42.769873],[-84.602761,42.76988],[-84.617166,42.769907],[-84.617487,42.769908],[-84.637599,42.769941],[-84.647483,42.769895],[-84.669092,42.769913],[-84.7198,42.770242],[-84.724794,42.77026],[-84.729163,42.770273],[-84.732617,42.770281],[-84.736649,42.770292],[-84.737965,42.770298],[-84.738048,42.770299],[-84.739561,42.770295],[-84.752201,42.770324],[-84.779091,42.770354],[-84.819629,42.770438],[-84.832576,42.770483],[-84.837085,42.770479],[-84.837084,42.774395],[-84.837074,42.777775],[-84.837075,42.795713],[-84.837093,42.799533],[-84.837121,42.81754],[-84.837077,42.821108],[-84.837206,42.857185],[-84.837253,42.864587],[-84.837265,42.871632],[-84.837273,42.878662],[-84.837416,42.900606],[-84.837628,42.943751],[-84.837528,42.989021]]]}},{"type":"Feature","id":"26133","properties":{"id":"26133","FIPS":"26133","stateFIPS":"26","name":"Osceola","state":"MI","sourceId":"census-counties-2024"},"geometry":{"type":"Polygon","coordinates":[[[-85.564554,44.164861],[-85.4925,44.165005],[-85.484615,44.165006],[-85.484531,44.165015],[-85.466563,44.165003],[-85.456091,44.164981],[-85.44442,44.165002],[-85.441965,44.165003],[-85.420104,44.16514],[-85.417335,44.165116],[-85.415479,44.165128],[-85.405477,44.165083],[-85.38582,44.165064],[-85.370585,44.164887],[-85.366137,44.164824],[-85.365765,44.164779],[-85.36552,44.164903],[-85.362098,44.164874],[-85.359866,44.164867],[-85.355183,44.164784],[-85.35276,44.16491],[-85.350255,44.164913],[-85.346795,44.164772],[-85.334777,44.165118],[-85.334,44.164831],[-85.325969,44.164802],[-85.307386,44.164849],[-85.304052,44.16483],[-85.297984,44.16486],[-85.297679,44.164827],[-85.213504,44.164892],[-85.20647,44.1649],[-85.150489,44.164555],[-85.147597,44.164494],[-85.143873,44.164492],[-85.112629,44.164505],[-85.106476,44.164453],[-85.100395,44.164412],[-85.092765,44.164302],[-85.092083,44.164307],[-85.087403,44.164242],[-85.08742,44.088047],[-85.087602,44.07366],[-85.087632,43.991339],[-85.087846,43.989697],[-85.087871,43.987243],[-85.087877,43.986801],[-85.087912,43.98402],[-85.08825,43.915233],[-85.08827,43.907319],[-85.088242,43.9008],[-85.088276,43.886297],[-85.088117,43.882497],[-85.087828,43.857077],[-85.088519,43.842157],[-85.088811,43.813676],[-85.156127,43.813592],[-85.158975,43.813607],[-85.168258,43.813625],[-85.177385,43.813628],[-85.188025,43.813735],[-85.206146,43.813754],[-85.266059,43.814001],[-85.290145,43.814341],[-85.300215,43.814191],[-85.324384,43.814384],[-85.334771,43.814369],[-85.374944,43.814573],[-85.404128,43.814621],[-85.411518,43.814602],[-85.443132,43.81481],[-85.502871,43.815442],[-85.562433,43.815483],[-85.562507,43.84442],[-85.562319,43.901901],[-85.562328,43.916366],[-85.562593,43.959485],[-85.562581,43.962052],[-85.562596,43.962734],[-85.562561,43.965418],[-85.562662,43.973917],[-85.562744,43.988348],[-85.562832,44.002924],[-85.563234,44.053145],[-85.563018,44.068412],[-85.563537,44.074656],[-85.564554,44.164861]]]}},{"type":"Feature","id":"26039","properties":{"id":"26039","FIPS":"26039","stateFIPS":"26","name":"Crawford","state":"MI","sourceId":"census-counties-2024"},"geometry":{"type":"Polygon","coordinates":[[[-84.849751,44.596881],[-84.849904,44.597875],[-84.849935,44.625955],[-84.849661,44.644839],[-84.849478,44.655363],[-84.849661,44.684292],[-84.849824,44.68866],[-84.849962,44.693319],[-84.849863,44.712496],[-84.847353,44.771223],[-84.847309,44.858037],[-84.725715,44.858184],[-84.684556,44.858131],[-84.666248,44.857961],[-84.620084,44.85745],[-84.605291,44.85714],[-84.527073,44.857384],[-84.486221,44.856927],[-84.477163,44.856981],[-84.43182,44.856078],[-84.371737,44.855039],[-84.371779,44.768899],[-84.371923,44.75339],[-84.372004,44.724819],[-84.371652,44.682475],[-84.371663,44.681046],[-84.371019,44.610854],[-84.37083,44.600323],[-84.371122,44.598847],[-84.370643,44.507223],[-84.449123,44.509831],[-84.451042,44.509844],[-84.470285,44.51073],[-84.489438,44.510765],[-84.550422,44.510889],[-84.593092,44.511253],[-84.601011,44.511296],[-84.610633,44.51135],[-84.671343,44.511301],[-84.681458,44.511335],[-84.691475,44.511399],[-84.731251,44.511453],[-84.741186,44.511371],[-84.752227,44.51127],[-84.756928,44.511236],[-84.778089,44.511082],[-84.843401,44.511096],[-84.844383,44.511174],[-84.850929,44.511069],[-84.849751,44.596881]]]}},{"type":"Feature","id":"39025","properties":{"id":"39025","FIPS":"39025","stateFIPS":"39","name":"Clermont","state":"OH","sourceId":"census-counties-2024"},"geometry":{"type":"Polygon","coordinates":[[[-84.320028,39.223433],[-84.3187,39.225009],[-84.316698,39.226944],[-84.308992,39.231539],[-84.307114,39.234413],[-84.303859,39.234479],[-84.302592,39.233982],[-84.300405,39.234508],[-84.300079,39.234696],[-84.299441,39.235156],[-84.297003,39.238254],[-84.296415,39.239305],[-84.296066,39.245204],[-84.295114,39.246686],[-84.293265,39.248865],[-84.282825,39.251936],[-84.282224,39.252263],[-84.279052,39.254285],[-84.271328,39.258437],[-84.268233,39.261757],[-84.267878,39.262051],[-84.264968,39.263959],[-84.262988,39.26407],[-84.261408,39.264686],[-84.260416,39.268663],[-84.259431,39.27086],[-84.25388,39.270503],[-84.245166,39.269942],[-84.237511,39.269448],[-84.23496,39.26928],[-84.201802,39.267167],[-84.193227,39.266625],[-84.184626,39.266084],[-84.167111,39.264982],[-84.159672,39.264512],[-84.155876,39.264273],[-84.154369,39.264177],[-84.133771,39.262889],[-84.078947,39.25948],[-84.073692,39.259157],[-84.051858,39.257821],[-84.046074,39.257468],[-84.023594,39.256107],[-84.007454,39.255112],[-83.989921,39.254096],[-83.990696,39.247824],[-83.991862,39.238427],[-83.991905,39.238077],[-83.99572,39.207401],[-83.997536,39.192893],[-83.99776,39.191092],[-83.999779,39.17414],[-84.002912,39.148361],[-84.003163,39.146288],[-84.003842,39.140647],[-84.003919,39.14001],[-84.004463,39.135475],[-84.00493,39.131592],[-84.005108,39.130269],[-84.00714,39.117675],[-84.010468,39.091404],[-84.012544,39.076609],[-84.013522,39.069624],[-84.014699,39.061282],[-84.017016,39.044824],[-84.01862,39.033718],[-84.021322,39.013527],[-84.025441,38.985821],[-84.0256,38.984417],[-84.026211,38.978923],[-84.031706,38.935703],[-84.032758,38.927333],[-84.034144,38.916272],[-84.035347,38.906697],[-84.035734,38.903362],[-84.03599,38.901024],[-84.036627,38.89514],[-84.037221,38.889644],[-84.037802,38.884771],[-84.038867,38.876948],[-84.040718,38.862792],[-84.042709,38.847407],[-84.048004,38.806555],[-84.052447,38.772229],[-84.0526699451033,38.7713755116846],[-84.06341,38.771151],[-84.071491,38.770475],[-84.094334,38.775246],[-84.108836,38.779247],[-84.1118836769784,38.7807996660541],[-84.115655,38.782721],[-84.13178725251,38.7883361163473],[-84.135088,38.789485],[-84.1440325085373,38.7918147644212],[-84.1518967859596,38.7938631624589],[-84.155912,38.794909],[-84.1886332554178,38.7995428280713],[-84.198358,38.80092],[-84.205592,38.802588],[-84.2110489721224,38.8049157210134],[-84.212904,38.805707],[-84.2195694974518,38.8115650658107],[-84.222059,38.813753],[-84.2253,38.817665],[-84.2273199578317,38.8213407355996],[-84.230181,38.826547],[-84.2304215920899,38.8274035078399],[-84.231306,38.830552],[-84.233265,38.842671],[-84.233727,38.853576],[-84.2336920205416,38.8539330865981],[-84.2336596306254,38.8542637379435],[-84.2334593756631,38.8563080338393],[-84.233198331581,38.8589728933734],[-84.2324867817348,38.8662367255069],[-84.2319349168657,38.8718704190441],[-84.231837,38.87287],[-84.2319129457719,38.8748299158016],[-84.232132,38.880483],[-84.232343,38.884325],[-84.234453,38.893226],[-84.240155,38.900912],[-84.242689,38.903187],[-84.245647,38.907035],[-84.25701,38.923208],[-84.260797,38.926593],[-84.2619108127599,38.927770344204],[-84.27491,38.941511],[-84.27876465409,38.9443269149035],[-84.279916,38.945168],[-84.2841836782092,38.950663515308],[-84.288164,38.955789],[-84.295076,38.968295],[-84.2953278659995,38.9713773687179],[-84.2962075831128,38.982143460671],[-84.296466,38.985306],[-84.297255,38.989694],[-84.2977076397895,38.9910454745683],[-84.299362,38.995985],[-84.3028218516067,39.002773726822],[-84.304698,39.006455],[-84.31368,39.016981],[-84.3199364709232,39.0220809555344],[-84.319593,39.025615],[-84.316752,39.046192],[-84.31524,39.057335],[-84.314815,39.060335],[-84.31481,39.060999],[-84.313208,39.071821],[-84.312289,39.078074],[-84.31102,39.086612],[-84.311018,39.086631],[-84.309247,39.098676],[-84.307136,39.112838],[-84.306887,39.114499],[-84.304218,39.132432],[-84.302724,39.142606],[-84.301893,39.152148],[-84.301828,39.152566],[-84.301742,39.159434],[-84.300117,39.164433],[-84.299025,39.165268],[-84.297429,39.165852],[-84.295195,39.166964],[-84.297821,39.170178],[-84.299448,39.173875],[-84.298226,39.175723],[-84.294596,39.178577],[-84.292887,39.179986],[-84.288932,39.181501],[-84.288463,39.182344],[-84.288385,39.18625],[-84.287827,39.187466],[-84.287042,39.188716],[-84.282764,39.192273],[-84.281757,39.194445],[-84.279846,39.195717],[-84.278,39.196916],[-84.277205,39.199836],[-84.276286,39.200927],[-84.276377,39.203873],[-84.277945,39.206233],[-84.279743,39.207607],[-84.283128,39.212591],[-84.284304,39.213243],[-84.287467,39.213544],[-84.289621,39.212934],[-84.292667,39.211036],[-84.293273,39.210758],[-84.295265,39.209948],[-84.296099,39.209712],[-84.299464,39.209061],[-84.309356,39.208774],[-84.31115,39.20963],[-84.312411,39.211104],[-84.313552,39.213055],[-84.316076,39.22051],[-84.31974,39.222216],[-84.320028,39.223433]]]}},{"type":"Feature","id":"39037","properties":{"id":"39037","FIPS":"39037","stateFIPS":"39","name":"Darke","state":"OH","sourceId":"census-counties-2024"},"geometry":{"type":"Polygon","coordinates":[[[-84.812433,39.922578],[-84.8122952413333,39.9273190651252],[-84.812166,39.931767],[-84.8115494656883,39.9728460219978],[-84.811212,39.995331],[-84.8109326101136,40.0050789081381],[-84.8109325764315,40.0050800833043],[-84.810094,40.034338],[-84.809576,40.055451],[-84.8089242026585,40.0856955657899],[-84.8087745234175,40.0926409510536],[-84.8086790566438,40.0970707805949],[-84.808461,40.107189],[-84.807825,40.131413],[-84.807228,40.153842],[-84.806523,40.179298],[-84.806499062602,40.1801669741777],[-84.806215,40.190479],[-84.806196740437,40.1910808416305],[-84.8061509318035,40.1925907103365],[-84.805988,40.197961],[-84.8059753793237,40.1984985739817],[-84.8058933310172,40.2019933973668],[-84.8057336309786,40.2087957733474],[-84.8056680863747,40.2115876263943],[-84.805497,40.218875],[-84.8053861284531,40.2236221898416],[-84.8053825581103,40.2237750613003],[-84.804475,40.262634],[-84.8043860688745,40.2674193357936],[-84.803735,40.302453],[-84.8036640116333,40.310092925774],[-84.803645,40.312139],[-84.8038393478524,40.3435567627831],[-84.803896,40.352715],[-84.8038961675486,40.3527579915525],[-84.709858,40.352067],[-84.692822,40.351985],[-84.690853,40.351966],[-84.669648,40.351874],[-84.648129,40.351813],[-84.647907,40.351811],[-84.639941,40.351799],[-84.638174,40.35178],[-84.632827,40.351747],[-84.618576,40.351728],[-84.599697,40.351764],[-84.599588,40.353209],[-84.58048,40.353371],[-84.571442,40.353457],[-84.560033,40.353588],[-84.552531,40.35367],[-84.540049,40.35381],[-84.528892,40.35393],[-84.515776,40.354037],[-84.496007,40.354022],[-84.494721,40.354214],[-84.463058,40.354229],[-84.454821,40.354198],[-84.434631,40.354259],[-84.434616,40.347373],[-84.434607,40.339308],[-84.43461,40.325293],[-84.434266,40.30661],[-84.434135,40.292076],[-84.433929,40.270713],[-84.433959,40.270149],[-84.433982,40.255294],[-84.43367,40.240985],[-84.433639,40.237617],[-84.43357,40.231689],[-84.432818,40.215592],[-84.432533,40.206306],[-84.432575,40.197037],[-84.432702,40.192714],[-84.432717,40.188911],[-84.436332,40.180801],[-84.432282,40.18084],[-84.431621,40.159846],[-84.431224,40.144009],[-84.431157,40.141209],[-84.431149,40.140891],[-84.43108,40.138082],[-84.431036,40.136561],[-84.430729,40.123522],[-84.43068,40.122877],[-84.430467,40.114804],[-84.42986,40.094449],[-84.429566,40.076637],[-84.429554,40.07535],[-84.429211,40.065293],[-84.428917,40.058136],[-84.428777,40.050793],[-84.428787,40.041533],[-84.428731,40.021888],[-84.42842,40.010829],[-84.428963,40.007243],[-84.428501,40.007251],[-84.427707,40.005535],[-84.427346,39.977811],[-84.426572,39.970718],[-84.426375,39.963381],[-84.42627,39.948865],[-84.426587,39.946451],[-84.426489,39.942559],[-84.426141,39.926898],[-84.425902,39.919622],[-84.427473,39.919597],[-84.446528,39.919262],[-84.449591,39.919206],[-84.485367,39.918491],[-84.505486,39.918135],[-84.513498,39.91802],[-84.513955,39.918009],[-84.525622,39.91784],[-84.52954,39.917775],[-84.596249,39.916743],[-84.60945,39.916836],[-84.613383,39.916596],[-84.652529,39.916656],[-84.661354,39.916671],[-84.671614,39.916611],[-84.673567,39.916602],[-84.704293,39.916528],[-84.723185,39.916536],[-84.733241,39.916772],[-84.761267,39.916793],[-84.767409,39.916801],[-84.779181,39.916826],[-84.812411,39.916916],[-84.812433,39.922578]]]}},{"type":"Feature","id":"26111","properties":{"id":"26111","FIPS":"26111","stateFIPS":"26","name":"Midland","state":"MI","sourceId":"census-counties-2024"},"geometry":{"type":"Polygon","coordinates":[[[-84.60796,43.640734],[-84.607604,43.677035],[-84.606944,43.727957],[-84.606296,43.78575],[-84.606037,43.815365],[-84.546121,43.814901],[-84.486083,43.81457],[-84.45398,43.814335],[-84.38661,43.813647],[-84.366676,43.81356],[-84.366511,43.828434],[-84.348899,43.828264],[-84.328167,43.828174],[-84.288196,43.827635],[-84.207276,43.826785],[-84.173102,43.82588],[-84.167318,43.825902],[-84.166975,43.740385],[-84.166998,43.71248],[-84.167117,43.654499],[-84.167181,43.63748],[-84.16726,43.626694],[-84.167426,43.616054],[-84.167441,43.614953],[-84.167487,43.61429],[-84.167511,43.613927],[-84.167535,43.610078],[-84.167522,43.608606],[-84.167694,43.597745],[-84.167969,43.580609],[-84.168,43.578781],[-84.168127,43.568899],[-84.168701,43.550704],[-84.169047,43.539706],[-84.169386,43.532524],[-84.169625,43.521426],[-84.16976,43.515352],[-84.170576,43.481969],[-84.176083,43.481944],[-84.210304,43.48177],[-84.230241,43.481708],[-84.290826,43.481418],[-84.330478,43.481508],[-84.340631,43.481522],[-84.343997,43.481537],[-84.355532,43.481561],[-84.369777,43.481573],[-84.369792,43.480538],[-84.36983,43.473935],[-84.369835,43.473365],[-84.369846,43.471324],[-84.369876,43.466044],[-84.488684,43.466168],[-84.523552,43.466183],[-84.528485,43.466165],[-84.60754,43.466006],[-84.607609,43.505783],[-84.607655,43.514925],[-84.607692,43.52395],[-84.607796,43.553628],[-84.607825,43.597046],[-84.607828,43.597219],[-84.60786,43.611555],[-84.607909,43.614624],[-84.6081,43.625965],[-84.60796,43.640734]]]}},{"type":"Feature","id":"26085","properties":{"id":"26085","FIPS":"26085","stateFIPS":"26","name":"Lake","state":"MI","sourceId":"census-counties-2024"},"geometry":{"type":"Polygon","coordinates":[[[-86.043507,44.167088],[-86.016456,44.167019],[-85.946492,44.165158],[-85.940375,44.164934],[-85.92132,44.164766],[-85.821186,44.164197],[-85.820436,44.164307],[-85.803849,44.164481],[-85.799961,44.164511],[-85.763853,44.164727],[-85.763567,44.164704],[-85.760904,44.1646],[-85.698898,44.164622],[-85.683785,44.164633],[-85.612012,44.164994],[-85.606649,44.165226],[-85.577123,44.164914],[-85.564772,44.164862],[-85.564554,44.164861],[-85.563537,44.074656],[-85.563018,44.068412],[-85.563234,44.053145],[-85.562832,44.002924],[-85.562744,43.988348],[-85.562662,43.973917],[-85.562561,43.965418],[-85.562596,43.962734],[-85.562581,43.962052],[-85.562593,43.959485],[-85.562328,43.916366],[-85.562319,43.901901],[-85.562507,43.84442],[-85.562433,43.815483],[-85.681516,43.81553],[-85.713499,43.815572],[-85.797777,43.814246],[-85.799358,43.814325],[-85.800327,43.814231],[-85.850195,43.814099],[-85.918819,43.814636],[-85.936622,43.815046],[-85.998133,43.815109],[-86.037884,43.815611],[-86.038266,43.831864],[-86.038711,43.873428],[-86.038716,43.902548],[-86.039241,43.93795],[-86.039464,43.946096],[-86.039566,43.951677],[-86.039931,43.974604],[-86.040106,43.989671],[-86.039516,44.032913],[-86.039555,44.063149],[-86.040069,44.077101],[-86.04044,44.091161],[-86.040749,44.105967],[-86.042443,44.14844],[-86.043507,44.167088]]]}},{"type":"Feature","id":"26019","properties":{"id":"26019","FIPS":"26019","stateFIPS":"26","name":"Benzie","state":"MI","sourceId":"census-counties-2024"},"geometry":{"type":"Polygon","coordinates":[[[-86.2577202299789,44.6772017917762],[-86.2573470133521,44.6810651604862],[-86.2570388093731,44.6842555478465],[-86.256796,44.686769],[-86.2553890871318,44.6908068399317],[-86.2550080126926,44.6919005235721],[-86.254996,44.691935],[-86.248474,44.699046],[-86.2469256411757,44.6998784961505],[-86.242208,44.702415],[-86.232482,44.70605],[-86.210664,44.711747],[-86.2048254800986,44.7130944105888],[-86.1855343165368,44.7175464152909],[-86.180644,44.718675],[-86.1791398742001,44.7190985905991],[-86.173702,44.72063],[-86.1658946885493,44.7241961868704],[-86.165385,44.724429],[-86.160268,44.728189],[-86.158281,44.730363],[-86.1572432230135,44.7311811985631],[-86.156641,44.731656],[-86.154759,44.732085],[-86.1532430108453,44.7317620372567],[-86.150295,44.731134],[-86.141897,44.73004],[-86.138545,44.729075],[-86.134732,44.728424],[-86.121125,44.727972],[-86.114502,44.729014],[-86.106182,44.731088],[-86.095691,44.736841],[-86.089564,44.741984],[-86.077933,44.758234],[-86.074872,44.766233],[-86.073996,44.769876],[-86.0746093119234,44.7781089198298],[-86.057396,44.778345],[-86.054323,44.778387],[-86.053642,44.778458],[-86.039049,44.778459],[-86.028705,44.77859],[-85.957632,44.778535],[-85.937084,44.778345],[-85.89637,44.777179],[-85.834515,44.775236],[-85.815119,44.774534],[-85.815109,44.767149],[-85.815476,44.764074],[-85.816091,44.739919],[-85.816567,44.725203],[-85.816824,44.717019],[-85.816935,44.71072],[-85.817378,44.689043],[-85.817741,44.673412],[-85.817656,44.658797],[-85.817593,44.644062],[-85.81771,44.62945],[-85.817722,44.614764],[-85.816984,44.600245],[-85.81756,44.547689],[-85.817632,44.541668],[-85.817802,44.512969],[-85.858316,44.51303],[-85.889123,44.513024],[-85.928814,44.513172],[-85.938933,44.513187],[-85.949062,44.51324],[-85.979289,44.513459],[-86.019449,44.514005],[-86.060511,44.514757],[-86.068861,44.514898],[-86.073086,44.514995],[-86.105066,44.515722],[-86.107837,44.515868],[-86.140719,44.516701],[-86.180804,44.517861],[-86.180922,44.517862],[-86.234689745516,44.5183049869697],[-86.233891,44.524204],[-86.229285,44.536661],[-86.223788,44.549043],[-86.222352,44.55458],[-86.220399,44.56817],[-86.221544,44.578643],[-86.223955,44.590119],[-86.224008849543,44.5902800443523],[-86.22545,44.59459],[-86.2263518989951,44.596642817139],[-86.229911909796,44.6047457768122],[-86.231828,44.609107],[-86.2335791976642,44.6121932399284],[-86.237168,44.618518],[-86.2390361076326,44.6208470375837],[-86.2436047735328,44.6265429591695],[-86.244062,44.627113],[-86.2453049641869,44.6297484848016],[-86.245799,44.630796],[-86.247709,44.636669],[-86.2517036667362,44.644557176537],[-86.253514,44.648132],[-86.259029,44.663654],[-86.2577202299789,44.6772017917762]]]}},{"type":"Feature","id":"39085","properties":{"id":"39085","FIPS":"39085","stateFIPS":"39","name":"Lake","state":"OH","sourceId":"census-counties-2024"},"geometry":{"type":"Polygon","coordinates":[[[-81.488923,41.626757],[-81.48864,41.631348],[-81.486199,41.632831],[-81.481312,41.636786],[-81.4812732374911,41.6367970896714],[-81.479802,41.637218],[-81.477121,41.639963],[-81.46838,41.647804],[-81.467177,41.648041],[-81.4625530500613,41.6526580250307],[-81.4623143260913,41.6528963914836],[-81.4604939730089,41.6547140183734],[-81.459832,41.655375],[-81.4585893622246,41.6566559046066],[-81.4585459962795,41.656700605999],[-81.4551273120969,41.6602245680133],[-81.4503020495929,41.665198423703],[-81.447817,41.66776],[-81.4477558058396,41.6678208365199],[-81.444566,41.670992],[-81.4433758650115,41.6720840581086],[-81.4426618867766,41.6727391986836],[-81.442224,41.673141],[-81.439118,41.67551],[-81.4365700056388,41.6765521679774],[-81.436123,41.676735],[-81.434198,41.678998],[-81.432059,41.68017],[-81.430633,41.680409],[-81.4275651011389,41.6818144510489],[-81.425285,41.682859],[-81.41926,41.686959],[-81.413788,41.690566],[-81.409705,41.694227],[-81.4088418090453,41.6944179899654],[-81.406817,41.694866],[-81.396871,41.701947],[-81.395801,41.701947],[-81.3886308769154,41.7071703331294],[-81.388457,41.707297],[-81.387173,41.707537],[-81.383887,41.709521],[-81.383109,41.709373],[-81.3775586859657,41.7126523872269],[-81.3741905414971,41.7146424457858],[-81.365497,41.719779],[-81.3643186668774,41.7202270721612],[-81.357939,41.722653],[-81.353589,41.726724],[-81.3495628536747,41.7277035319413],[-81.347029,41.72832],[-81.342644,41.730369],[-81.337974,41.733828],[-81.335193,41.734599],[-81.328454,41.738803],[-81.325638,41.740692],[-81.3163498356783,41.7442792244584],[-81.301395,41.750055],[-81.294835,41.754497],[-81.293908,41.754577],[-81.2907754436929,41.756681809298],[-81.286349,41.759656],[-81.283818,41.76205],[-81.28143,41.761252],[-81.28143,41.759045],[-81.2803215515927,41.7589615718934],[-81.2793146329204,41.7588857854899],[-81.267785,41.758018],[-81.2667413059224,41.7580420257318],[-81.2637302950841,41.7581113388958],[-81.262659,41.758136],[-81.248539,41.76065],[-81.2466119132514,41.7611014740345],[-81.241129,41.762386],[-81.231344,41.767382],[-81.2298564919856,41.7671186866612],[-81.228542,41.766886],[-81.225122,41.768515],[-81.223222,41.768267],[-81.2204193078752,41.7697255799858],[-81.2100157549809,41.7751398079341],[-81.201847,41.779391],[-81.19971,41.779249],[-81.1910746374973,41.783365878085],[-81.184035,41.786722],[-81.1809,41.787218],[-81.169643,41.792283],[-81.163135,41.796355],[-81.160665,41.796532],[-81.15069,41.800958],[-81.14784,41.803118],[-81.1469925695343,41.8033590180112],[-81.139623,41.805455],[-81.133211,41.80804],[-81.128461,41.811085],[-81.117726,41.814271],[-81.112026,41.817103],[-81.108829392851,41.8174734115895],[-81.1083724318802,41.817526362619],[-81.105614,41.817846],[-81.105137,41.8180705327635],[-81.101863552462,41.8196114053463],[-81.099296,41.82082],[-81.0954026036778,41.8218437743889],[-81.094451,41.822094],[-81.089369,41.822908],[-81.0743209130518,41.8289704350289],[-81.069514,41.830907],[-81.0636612331275,41.8319196826891],[-81.058874,41.832748],[-81.052311,41.836459],[-81.0486568780034,41.8379839180488],[-81.046651,41.838821],[-81.042798,41.838774],[-81.034123,41.842287],[-81.032129447578,41.8424773072987],[-81.028152,41.842857],[-81.018651,41.845415],[-81.0133946428227,41.8476509739585],[-81.0125994123718,41.847989252831],[-81.010268,41.848981],[-81.008011,41.850231781268],[-81.003328,41.852827],[-81.0021910663024,41.8530549793464],[-81.002269,41.852441],[-81.002284,41.82638],[-81.002468,41.799366],[-81.002565,41.788985],[-81.002817,41.763566],[-81.002929,41.714887],[-81.003631,41.715137],[-81.011038,41.714702],[-81.022699,41.714614],[-81.040214,41.714492],[-81.05093,41.714488],[-81.102258,41.714307],[-81.102064,41.687182],[-81.101422,41.641457],[-81.112632,41.641413],[-81.174907,41.641348],[-81.178877,41.641271],[-81.191243,41.641331],[-81.198179,41.641258],[-81.217453,41.641144],[-81.241529,41.641115],[-81.269532,41.641006],[-81.294669,41.640889],[-81.294686,41.640042],[-81.294973,41.618901],[-81.295015,41.615488],[-81.295093,41.608888],[-81.295242,41.596182],[-81.295395,41.588557],[-81.29588,41.56995],[-81.304907,41.570143],[-81.310529,41.570043],[-81.348837,41.570141],[-81.391005,41.569716],[-81.408993,41.569849],[-81.41763,41.56967],[-81.419936,41.56995],[-81.433532,41.56995],[-81.437819,41.569745],[-81.439307,41.56987],[-81.446503,41.5701],[-81.447279,41.569964],[-81.447347,41.569963],[-81.457687,41.569952],[-81.478157,41.570053],[-81.487842,41.570051],[-81.488038,41.582234],[-81.48794,41.586249],[-81.48804,41.588249],[-81.488238,41.594544],[-81.488072,41.596284],[-81.488343,41.603279],[-81.48854,41.605847],[-81.488312,41.608999],[-81.488581,41.610943],[-81.48864,41.617437],[-81.48864,41.618103],[-81.488739,41.624048],[-81.488923,41.626757]]]}},{"type":"Feature","id":"39103","properties":{"id":"39103","FIPS":"39103","stateFIPS":"39","name":"Medina","state":"OH","sourceId":"census-counties-2024"},"geometry":{"type":"Polygon","coordinates":[[[-82.171492,41.063537],[-82.171355,41.069855],[-82.169875,41.137097],[-82.122771,41.136739],[-82.074266,41.136456],[-82.073352,41.168122],[-82.072465,41.19985],[-81.999863,41.199885],[-81.973895,41.199831],[-81.9738,41.207232],[-81.974235,41.208924],[-81.973308,41.237731],[-81.972896,41.260188],[-81.972721,41.261384],[-81.972485,41.274829],[-81.927005,41.274818],[-81.922323,41.275013],[-81.920441,41.27538],[-81.914568,41.275471],[-81.906227,41.275392],[-81.897853,41.274916],[-81.878053,41.275044],[-81.858132,41.275325],[-81.850264,41.275424],[-81.848488,41.275445],[-81.848426,41.275446],[-81.838998,41.275563],[-81.835917,41.275597],[-81.825282,41.275751],[-81.822686,41.275794],[-81.822133,41.275804],[-81.806614,41.276084],[-81.806261,41.276093],[-81.785097,41.27645],[-81.758191,41.276688],[-81.744821,41.2768],[-81.704653,41.277225],[-81.702093,41.277081],[-81.68495,41.277146],[-81.685321,41.239589],[-81.685646,41.202132],[-81.686388,41.168556],[-81.68699,41.135956],[-81.687051,41.127962],[-81.687234,41.115906],[-81.687292,41.110548],[-81.687411,41.093099],[-81.687441,41.089081],[-81.687624,41.062154],[-81.687686,41.048093],[-81.687709,41.043882],[-81.68774,41.039266],[-81.687743,41.038905],[-81.687801,41.025663],[-81.688132,41.005774],[-81.688154,41.004144],[-81.688491,40.98859],[-81.715559,40.988526],[-81.729871,40.988391],[-81.759447,40.988209],[-81.76098,40.988208],[-81.775543,40.988207],[-81.78057,40.988201],[-81.785284,40.988198],[-81.785722,40.988203],[-81.79379,40.988207],[-81.79464,40.988209],[-81.803453,40.988257],[-81.805484,40.988253],[-81.806433,40.988251],[-81.807552,40.988249],[-81.822274,40.988354],[-81.828875,40.988272],[-81.859116,40.988788],[-81.86944,40.988822],[-81.880007,40.989048],[-81.885184,40.989134],[-81.889498,40.989152],[-81.89237,40.989164],[-81.909565,40.989364],[-81.939981,40.989637],[-81.977381,40.989961],[-81.98717,40.990023],[-82.000841,40.990144],[-82.030748,40.990413],[-82.074473,40.991093],[-82.078627,40.991153],[-82.078836,40.991156],[-82.129334,40.991807],[-82.173359,40.992082],[-82.171492,41.063537]]]}},{"type":"Feature","id":"39091","properties":{"id":"39091","FIPS":"39091","stateFIPS":"39","name":"Logan","state":"OH","sourceId":"census-counties-2024"},"geometry":{"type":"Polygon","coordinates":[[[-84.01033,40.31718],[-84.010101,40.3176],[-84.00717,40.316714],[-84.005702,40.314486],[-84.0037,40.312927],[-84.003817,40.317898],[-84.003974,40.336814],[-84.004394,40.368732],[-84.004837,40.390384],[-84.001937,40.390689],[-84.002014,40.417427],[-84.002113,40.439329],[-84.002143,40.446708],[-84.002372,40.483115],[-83.993781,40.483004],[-83.99379,40.484011],[-83.993905,40.518746],[-83.993917,40.527874],[-83.993867,40.535174],[-83.917447,40.535376],[-83.912324,40.535333],[-83.912264,40.535329],[-83.908535,40.53539],[-83.893953,40.537086],[-83.884838,40.537788],[-83.880039,40.538694],[-83.880001,40.531893],[-83.859178,40.530652],[-83.856002,40.530444],[-83.855915,40.530438],[-83.830511,40.529014],[-83.819623,40.528393],[-83.814623,40.527993],[-83.795673,40.526894],[-83.768753,40.525277],[-83.722415,40.522413],[-83.715549,40.52202],[-83.68613,40.520324],[-83.636268,40.517308],[-83.633819,40.517154],[-83.624936,40.516595],[-83.624224,40.516489],[-83.602194,40.515061],[-83.599852,40.514908],[-83.578545,40.513482],[-83.576206,40.51327],[-83.572817,40.513165],[-83.562235,40.512527],[-83.562147,40.512518],[-83.539391,40.510918],[-83.519727,40.509623],[-83.520227,40.504077],[-83.524982,40.465347],[-83.528215,40.43664],[-83.529747,40.423203],[-83.53221,40.401792],[-83.532816,40.396802],[-83.534974,40.378108],[-83.536238,40.365789],[-83.538446,40.346779],[-83.539343,40.337788],[-83.542831,40.306292],[-83.543814,40.296695],[-83.545422,40.281818],[-83.545567,40.280467],[-83.548306,40.256012],[-83.551338,40.22937],[-83.553908,40.229543],[-83.559935,40.229976],[-83.579426,40.231372],[-83.601367,40.232946],[-83.630254,40.2349],[-83.664309,40.237293],[-83.665983,40.237567],[-83.668171,40.237614],[-83.668846,40.237666],[-83.711799,40.240602],[-83.727098,40.241684],[-83.746106,40.242985],[-83.753544,40.243383],[-83.785354,40.245213],[-83.784631,40.252705],[-83.783912,40.259765],[-83.784196,40.260046],[-83.793616,40.260519],[-83.841394,40.263288],[-83.865026,40.264598],[-83.87084,40.264722],[-83.879092,40.265353],[-83.898367,40.266545],[-84.014763,40.273459],[-84.01033,40.31718]]]}},{"type":"Feature","id":"39175","properties":{"id":"39175","FIPS":"39175","stateFIPS":"39","name":"Wyandot","state":"OH","sourceId":"census-counties-2024"},"geometry":{"type":"Polygon","coordinates":[[[-83.515883,40.818134],[-83.514728,40.905115],[-83.476741,40.904964],[-83.47666,40.919433],[-83.476654,40.926597],[-83.476793,40.948379],[-83.457681,40.948517],[-83.45785,40.991671],[-83.429886,40.991788],[-83.420319,40.991889],[-83.402498,40.992072],[-83.382743,40.992254],[-83.329077,40.992429],[-83.324262,40.99265],[-83.311434,40.992724],[-83.305004,40.992787],[-83.273094,40.992915],[-83.265498,40.992987],[-83.259252,40.992762],[-83.2431,40.992924],[-83.240032,40.992857],[-83.189695,40.993195],[-83.139022,40.993491],[-83.131999,40.993334],[-83.112737,40.993447],[-83.112271,40.916773],[-83.112522,40.906517],[-83.112612,40.90593],[-83.112665,40.891907],[-83.112634,40.88812],[-83.112445,40.871528],[-83.112425,40.87068],[-83.112376,40.854747],[-83.112384,40.848228],[-83.112324,40.843186],[-83.112225,40.819111],[-83.112162,40.804177],[-83.111815,40.775145],[-83.111699,40.745998],[-83.111742,40.734538],[-83.11163,40.724048],[-83.11136,40.702915],[-83.158625,40.702462],[-83.161038,40.702537],[-83.162105,40.702417],[-83.168769,40.702323],[-83.188262,40.702143],[-83.192304,40.702122],[-83.227041,40.702319],[-83.304687,40.702006],[-83.304725,40.687124],[-83.324084,40.687267],[-83.349571,40.687334],[-83.419831,40.687278],[-83.419836,40.686823],[-83.440278,40.687611],[-83.440169,40.702201],[-83.459414,40.70214],[-83.477863,40.701469],[-83.495704,40.701489],[-83.495832,40.708815],[-83.495736,40.723457],[-83.495671,40.73047],[-83.496807,40.730474],[-83.496629,40.801992],[-83.496296,40.81794],[-83.502142,40.818035],[-83.515189,40.818128],[-83.515883,40.818134]]]}},{"type":"Feature","id":"39107","properties":{"id":"39107","FIPS":"39107","stateFIPS":"39","name":"Mercer","state":"OH","sourceId":"census-counties-2024"},"geometry":{"type":"Polygon","coordinates":[[[-84.804131,40.413014],[-84.8040840537559,40.4166513616585],[-84.8036856890467,40.4475163764662],[-84.803455,40.46539],[-84.8031155167919,40.4847161805732],[-84.802814,40.501881],[-84.8027680576822,40.5091810758838],[-84.802669,40.524921],[-84.8025598403232,40.5529433454133],[-84.8024847798091,40.5722121057691],[-84.802483,40.572669],[-84.8024561479916,40.58235706693],[-84.8024157313088,40.5969391988147],[-84.8022950399957,40.6404840056542],[-84.802288,40.643024],[-84.802335039101,40.657554378313],[-84.802338,40.658469],[-84.8023359061574,40.6603424906157],[-84.8023197583372,40.6747909449667],[-84.802317,40.677259],[-84.802304,40.680545],[-84.802093,40.691501],[-84.802287,40.702993],[-84.802269,40.718579],[-84.8022592386664,40.7281459943578],[-84.689163,40.727705],[-84.634405,40.727635],[-84.571501,40.727969],[-84.494475,40.728213],[-84.456172,40.728306],[-84.45618,40.684862],[-84.455972,40.661572],[-84.456007,40.658737],[-84.456071,40.640788],[-84.456037,40.626226],[-84.455992,40.581689],[-84.455713,40.567888],[-84.455617,40.553249],[-84.455198,40.522364],[-84.455174,40.519857],[-84.455141,40.516338],[-84.455101,40.505773],[-84.455152,40.48164],[-84.455149,40.480334],[-84.455098,40.472406],[-84.454982,40.465744],[-84.455029,40.451305],[-84.455072,40.445411],[-84.455109,40.441921],[-84.455168,40.436618],[-84.455276,40.422079],[-84.455386,40.402423],[-84.455396,40.397701],[-84.45542,40.392867],[-84.455458,40.385712],[-84.455459,40.385576],[-84.4555,40.368994],[-84.455418,40.358589],[-84.434387,40.354534],[-84.431632,40.354198],[-84.434631,40.354259],[-84.454821,40.354198],[-84.463058,40.354229],[-84.494721,40.354214],[-84.496007,40.354022],[-84.515776,40.354037],[-84.528892,40.35393],[-84.540049,40.35381],[-84.552531,40.35367],[-84.560033,40.353588],[-84.571442,40.353457],[-84.58048,40.353371],[-84.599588,40.353209],[-84.599697,40.351764],[-84.618576,40.351728],[-84.632827,40.351747],[-84.638174,40.35178],[-84.639941,40.351799],[-84.647907,40.351811],[-84.648129,40.351813],[-84.669648,40.351874],[-84.690853,40.351966],[-84.692822,40.351985],[-84.709858,40.352067],[-84.8038961675486,40.3527579915525],[-84.8040078127911,40.3814052106182],[-84.8040685754941,40.3969964030707],[-84.8040898625934,40.4024584915884],[-84.8040901889066,40.4025422207713],[-84.804131,40.413014]]]}},{"type":"Feature","id":"39129","properties":{"id":"39129","FIPS":"39129","stateFIPS":"39","name":"Pickaway","state":"OH","sourceId":"census-counties-2024"},"geometry":{"type":"Polygon","coordinates":[[[-83.264528,39.540162],[-83.264123,39.54455],[-83.263582,39.552701],[-83.2627,39.563575],[-83.261235,39.581874],[-83.258423,39.61704],[-83.258207,39.619598],[-83.257802,39.624474],[-83.257909,39.625207],[-83.257771,39.627109],[-83.255586,39.658719],[-83.255144,39.661715],[-83.252435,39.695438],[-83.251136,39.713436],[-83.249313,39.736426],[-83.248763,39.744105],[-83.248502,39.745335],[-83.245588,39.78742],[-83.245265,39.791728],[-83.244519,39.79961],[-83.24423,39.807422],[-83.243839,39.809327],[-83.243702,39.812503],[-83.200943,39.810656],[-83.193621,39.810266],[-83.185128,39.809341],[-83.180959,39.809233],[-83.172938,39.808974],[-83.172731,39.808954],[-83.172285,39.808909],[-83.168888,39.808784],[-83.167938,39.808735],[-83.153257,39.808465],[-83.151728,39.808527],[-83.147878,39.808414],[-83.120355,39.807823],[-83.101353,39.80712],[-83.074686,39.806138],[-83.061456,39.80581],[-83.06047,39.805685],[-83.044458,39.805282],[-83.037634,39.805567],[-83.030193,39.805192],[-83.017128,39.804574],[-83.013952,39.804424],[-83.013071,39.804394],[-82.992741,39.803518],[-82.992133,39.803482],[-82.980899,39.802949],[-82.98053,39.802934],[-82.956906,39.801884],[-82.937725,39.801007],[-82.902004,39.799119],[-82.899843,39.798935],[-82.894682,39.798656],[-82.852624,39.796497],[-82.829784,39.795271],[-82.824254,39.794996],[-82.826904,39.766448],[-82.828269,39.751508],[-82.82967,39.736698],[-82.829693,39.736455],[-82.834474,39.684923],[-82.835281,39.676169],[-82.837616,39.649606],[-82.834378,39.649445],[-82.836103,39.631742],[-82.83646,39.627856],[-82.838402,39.60818],[-82.839353,39.598819],[-82.84098,39.582135],[-82.841537,39.576123],[-82.842953,39.56148],[-82.824266,39.560444],[-82.786979,39.557968],[-82.778528,39.557395],[-82.778264,39.557381],[-82.775759,39.557264],[-82.77569,39.557275],[-82.771421,39.556967],[-82.731518,39.554445],[-82.732069,39.551239],[-82.736815,39.505333],[-82.73662,39.504858],[-82.737393,39.500063],[-82.739889,39.477952],[-82.740729,39.46835],[-82.749879,39.468899],[-82.749998,39.468062],[-82.768457,39.469075],[-82.774296,39.469374],[-82.850998,39.473409],[-82.870237,39.474393],[-82.879987,39.474895],[-82.904201,39.476036],[-82.913628,39.47652],[-82.916737,39.476656],[-82.998204,39.480061],[-82.996203,39.484361],[-82.995104,39.488161],[-82.992901,39.489861],[-82.9895,39.491054],[-82.986498,39.490861],[-82.982296,39.489362],[-82.980396,39.490261],[-82.980095,39.492861],[-82.978804,39.496557],[-82.979603,39.498861],[-82.978741,39.500854],[-82.981887,39.501971],[-82.984025,39.504029],[-82.983253,39.506155],[-82.98456,39.506754],[-82.990401,39.505951],[-82.992597,39.506388],[-83.061667,39.508634],[-83.065757,39.508761],[-83.07166,39.50893],[-83.102395,39.509956],[-83.111871,39.510274],[-83.112946,39.510255],[-83.155472,39.511776],[-83.165611,39.51219],[-83.224839,39.514579],[-83.266737,39.516249],[-83.264528,39.540162]]]}},{"type":"Feature","id":"39121","properties":{"id":"39121","FIPS":"39121","stateFIPS":"39","name":"Noble","state":"OH","sourceId":"census-counties-2024"},"geometry":{"type":"Polygon","coordinates":[[[-81.697442,39.755572],[-81.694815,39.824776],[-81.694146,39.842636],[-81.682707,39.842021],[-81.680815,39.841924],[-81.599162,39.839738],[-81.580313,39.839104],[-81.580345,39.841156],[-81.579449,39.868684],[-81.578624,39.896449],[-81.57859,39.897683],[-81.530508,39.896316],[-81.492462,39.895261],[-81.474017,39.894798],[-81.470589,39.894717],[-81.464108,39.89455],[-81.46275,39.9235],[-81.461717,39.923595],[-81.405039,39.922049],[-81.402134,39.921978],[-81.397978,39.921644],[-81.397382,39.921684],[-81.387312,39.921396],[-81.386809,39.921518],[-81.386711,39.92257],[-81.386754,39.924216],[-81.386682,39.92758],[-81.386531,39.92888],[-81.38639,39.9328],[-81.38644,39.93346],[-81.386006,39.950694],[-81.376068,39.95055],[-81.374157,39.950383],[-81.367125,39.950324],[-81.347838,39.949962],[-81.347761,39.953633],[-81.32025,39.953153],[-81.304388,39.953014],[-81.303932,39.952797],[-81.235789,39.951266],[-81.234053,39.95127],[-81.234139,39.94939],[-81.234297,39.949015],[-81.237316,39.867828],[-81.313591,39.869471],[-81.314372,39.84538],[-81.314897,39.827914],[-81.315661,39.806983],[-81.316567,39.784328],[-81.316779,39.779103],[-81.317044,39.772179],[-81.317871,39.750574],[-81.318244,39.738579],[-81.319125,39.70736],[-81.280894,39.707114],[-81.280832,39.707113],[-81.280649,39.707112],[-81.280588,39.707112],[-81.281233,39.692195],[-81.280577,39.692206],[-81.280731,39.678783],[-81.283075,39.605796],[-81.28353,39.591838],[-81.356445,39.593512],[-81.35629,39.600865],[-81.366367,39.601055],[-81.394934,39.601547],[-81.394683,39.609465],[-81.394585,39.614283],[-81.395036,39.615681],[-81.41385,39.615874],[-81.413665,39.630502],[-81.452712,39.631165],[-81.452625,39.63187],[-81.452409,39.635639],[-81.451935,39.645449],[-81.458435,39.645607],[-81.468277,39.645852],[-81.47316,39.645976],[-81.473492,39.586327],[-81.473471,39.583318],[-81.477203,39.583425],[-81.491253,39.583835],[-81.524669,39.584794],[-81.524814,39.584715],[-81.526174,39.584647],[-81.530137,39.584694],[-81.539015,39.585262],[-81.583965,39.586802],[-81.588185,39.586973],[-81.58764,39.614637],[-81.587941,39.621464],[-81.58773,39.622053],[-81.587362,39.625073],[-81.586132,39.663993],[-81.594846,39.664288],[-81.6432,39.665681],[-81.64218,39.690663],[-81.639854,39.752231],[-81.639823,39.752308],[-81.6398,39.752771],[-81.639886,39.75342],[-81.697461,39.754995],[-81.697442,39.755572]]]}},{"type":"Feature","id":"39057","properties":{"id":"39057","FIPS":"39057","stateFIPS":"39","name":"Greene","state":"OH","sourceId":"census-counties-2024"},"geometry":{"type":"Polygon","coordinates":[[[-84.113747,39.5845],[-84.113333,39.588743],[-84.111126,39.611373],[-84.110569,39.618442],[-84.110487,39.619493],[-84.109635,39.625959],[-84.111935,39.626359],[-84.111744,39.627997],[-84.111775,39.628539],[-84.111428,39.632738],[-84.111261,39.638017],[-84.110453,39.640167],[-84.110903,39.641642],[-84.110043,39.651561],[-84.109638,39.656253],[-84.109297,39.660203],[-84.108699,39.66757],[-84.108678,39.66783],[-84.108236,39.671034],[-84.108238,39.671611],[-84.108239,39.671758],[-84.108037,39.673459],[-84.107736,39.674973],[-84.107129,39.682461],[-84.106683,39.688912],[-84.106615,39.689886],[-84.106446,39.692155],[-84.105982,39.697207],[-84.105465,39.706401],[-84.105384,39.707158],[-84.104517,39.717046],[-84.10339,39.728212],[-84.103213,39.728688],[-84.102436,39.736159],[-84.102108,39.739326],[-84.101936,39.740407],[-84.101814,39.74202],[-84.100863,39.75107],[-84.100236,39.756459],[-84.100223,39.758113],[-84.099518,39.765402],[-84.098936,39.770059],[-84.098935,39.770869],[-84.097837,39.780158],[-84.096937,39.793153],[-84.096937,39.793498],[-84.096937,39.793675],[-84.096937,39.793715],[-84.096933,39.795799],[-84.096874,39.796398],[-84.09675,39.797636],[-84.095743,39.809171],[-84.095128,39.814508],[-84.094931,39.817944],[-84.094336,39.823772],[-84.092938,39.838345],[-84.060223,39.836468],[-84.058181,39.836342],[-84.058,39.836331],[-84.055053,39.836211],[-84.054966,39.839114],[-84.054768,39.840592],[-84.053713,39.850714],[-84.037252,39.849511],[-84.036513,39.849461],[-84.026743,39.848829],[-84.023767,39.848662],[-84.018257,39.848329],[-84.015434,39.848159],[-83.993913,39.846759],[-83.986892,39.846364],[-83.985616,39.846358],[-83.95319,39.844431],[-83.939806,39.843449],[-83.941289,39.828838],[-83.922298,39.827828],[-83.919701,39.827733],[-83.888515,39.826074],[-83.865046,39.824946],[-83.848344,39.823941],[-83.82742,39.822562],[-83.829148,39.800656],[-83.829374,39.797766],[-83.824516,39.797267],[-83.822293,39.797088],[-83.822185,39.797076],[-83.76646,39.791746],[-83.740866,39.789044],[-83.739475,39.788957],[-83.740851,39.78151],[-83.72007,39.779902],[-83.715411,39.779628],[-83.675874,39.777227],[-83.647686,39.775207],[-83.647169,39.773029],[-83.648641,39.768478],[-83.648882,39.761115],[-83.652237,39.728663],[-83.652162,39.725212],[-83.653386,39.71774],[-83.65333,39.716876],[-83.653826,39.711708],[-83.658034,39.670348],[-83.658598,39.664994],[-83.659814,39.653924],[-83.661666,39.638285],[-83.663522,39.617725],[-83.665343,39.598772],[-83.670196,39.550254],[-83.678584,39.550786],[-83.716725,39.553131],[-83.723942,39.553642],[-83.73552,39.554336],[-83.764193,39.555843],[-83.765835,39.555924],[-83.778373,39.557031],[-83.781059,39.55717],[-83.788096,39.557533],[-83.803126,39.558586],[-83.830994,39.560361],[-83.832144,39.560433],[-83.843332,39.561065],[-83.847935,39.561326],[-83.858695,39.56169],[-83.868022,39.5624],[-83.883399,39.563499],[-83.922507,39.566194],[-83.938946,39.567028],[-83.943113,39.567253],[-83.967043,39.568502],[-83.976987,39.569402],[-84.027989,39.572791],[-84.032086,39.573057],[-84.047817,39.574045],[-84.056885,39.574657],[-84.06757,39.575344],[-84.097015,39.577137],[-84.102114,39.577487],[-84.114174,39.57823],[-84.113747,39.5845]]]}},{"type":"Feature","id":"39127","properties":{"id":"39127","FIPS":"39127","stateFIPS":"39","name":"Perry","state":"OH","sourceId":"census-counties-2024"},"geometry":{"type":"Polygon","coordinates":[[[-82.472222,39.84188],[-82.471683,39.848581],[-82.471234,39.848981],[-82.470094,39.859913],[-82.469435,39.865938],[-82.467423,39.884718],[-82.46638,39.894685],[-82.46482,39.910477],[-82.464629,39.912548],[-82.462813,39.93038],[-82.451328,39.929687],[-82.418179,39.927936],[-82.418535,39.92392],[-82.418666,39.922447],[-82.408984,39.921968],[-82.402629,39.921612],[-82.38744,39.92074],[-82.368485,39.919743],[-82.34947,39.918697],[-82.336898,39.918004],[-82.234161,39.913268],[-82.233974,39.91326],[-82.170342,39.909846],[-82.167257,39.909553],[-82.162372,39.909374],[-82.167498,39.848692],[-82.170047,39.82075],[-82.138669,39.819098],[-82.132905,39.81891],[-82.132436,39.818795],[-82.125408,39.818588],[-82.079713,39.816535],[-82.078624,39.816485],[-82.072934,39.816227],[-82.073951,39.804015],[-82.074261,39.800073],[-82.074313,39.799238],[-82.074325,39.799092],[-82.07567,39.78276],[-82.076639,39.77096],[-82.07683,39.76863],[-82.079306,39.739285],[-82.079814,39.732677],[-82.080224,39.727673],[-82.024219,39.724686],[-82.028801,39.67249],[-82.031976,39.637728],[-82.032075,39.63666],[-82.032983,39.624129],[-82.035874,39.592846],[-82.037584,39.57936],[-82.039605,39.550217],[-82.047528,39.550825],[-82.06501,39.551733],[-82.120004,39.554571],[-82.128941,39.554769],[-82.142394,39.55572],[-82.150622,39.55614],[-82.159161,39.556574],[-82.168265,39.556807],[-82.221055,39.559771],[-82.257879,39.561791],[-82.263566,39.562137],[-82.261954,39.590592],[-82.275947,39.59111],[-82.28112,39.59141],[-82.291212,39.591976],[-82.299626,39.592122],[-82.349715,39.595148],[-82.37989,39.596738],[-82.375376,39.645636],[-82.374531,39.654959],[-82.373173,39.669098],[-82.372745,39.674022],[-82.37168,39.68463],[-82.371588,39.685574],[-82.368099,39.72144],[-82.366051,39.74252],[-82.404246,39.744605],[-82.403995,39.745069],[-82.403303,39.752228],[-82.397241,39.818499],[-82.3973,39.820964],[-82.396594,39.833057],[-82.424814,39.834477],[-82.472402,39.837223],[-82.472222,39.84188]]]}},{"type":"Feature","id":"26045","properties":{"id":"26045","FIPS":"26045","stateFIPS":"26","name":"Eaton","state":"MI","sourceId":"census-counties-2024"},"geometry":{"type":"Polygon","coordinates":[[[-85.075582,42.683589],[-85.074586,42.741444],[-85.074641,42.742891],[-85.074457,42.755888],[-85.074245,42.770784],[-84.95583,42.77046],[-84.935226,42.770457],[-84.916167,42.770471],[-84.906241,42.770473],[-84.891505,42.770504],[-84.889888,42.770504],[-84.886425,42.770504],[-84.876356,42.770504],[-84.837085,42.770479],[-84.832576,42.770483],[-84.819629,42.770438],[-84.779091,42.770354],[-84.752201,42.770324],[-84.739561,42.770295],[-84.738048,42.770299],[-84.737965,42.770298],[-84.736649,42.770292],[-84.732617,42.770281],[-84.729163,42.770273],[-84.724794,42.77026],[-84.7198,42.770242],[-84.669092,42.769913],[-84.647483,42.769895],[-84.637599,42.769941],[-84.617487,42.769908],[-84.617166,42.769907],[-84.602761,42.76988],[-84.602796,42.762804],[-84.602843,42.753268],[-84.602841,42.753058],[-84.60286,42.750794],[-84.602884,42.748362],[-84.602893,42.741109],[-84.602942,42.733902],[-84.603011,42.726578],[-84.603038,42.721578],[-84.603112,42.70942],[-84.603115,42.709327],[-84.603122,42.708499],[-84.603094,42.703575],[-84.603094,42.697659],[-84.603094,42.697572],[-84.603137,42.694073],[-84.603117,42.693662],[-84.603092,42.692534],[-84.603107,42.689249],[-84.603085,42.685427],[-84.603124,42.683151],[-84.603073,42.680535],[-84.603065,42.676805],[-84.603065,42.676728],[-84.603037,42.669266],[-84.603048,42.665584],[-84.602998,42.654805],[-84.602982,42.653718],[-84.602957,42.649059],[-84.602953,42.647491],[-84.602949,42.640243],[-84.602944,42.639711],[-84.602878,42.632921],[-84.602743,42.62231],[-84.602735,42.621837],[-84.602675,42.618533],[-84.602479,42.596819],[-84.602369,42.589458],[-84.60219,42.574733],[-84.601718,42.538496],[-84.601272,42.509444],[-84.600696,42.465611],[-84.600403,42.421984],[-84.610215,42.421888],[-84.624972,42.421816],[-84.644704,42.421808],[-84.648654,42.421797],[-84.64967,42.421789],[-84.708224,42.421558],[-84.718493,42.42152],[-84.757467,42.421555],[-84.767503,42.421553],[-84.787599,42.421607],[-84.791619,42.421619],[-84.794721,42.421627],[-84.797026,42.421634],[-84.829087,42.421783],[-84.835922,42.421801],[-84.888168,42.422021],[-84.904974,42.422075],[-84.944903,42.422053],[-84.946897,42.422182],[-84.954019,42.422116],[-84.978635,42.422065],[-84.98626,42.422011],[-84.992777,42.422006],[-85.005954,42.421948],[-85.053455,42.421643],[-85.064855,42.421508],[-85.071609,42.421428],[-85.073153,42.479518],[-85.073813,42.509173],[-85.073998,42.520037],[-85.074052,42.523703],[-85.074081,42.525971],[-85.074177,42.529013],[-85.074883,42.581876],[-85.075043,42.596279],[-85.075023,42.600839],[-85.075126,42.610733],[-85.075376,42.639713],[-85.075566,42.679404],[-85.075582,42.683589]]]}},{"type":"Feature","id":"26059","properties":{"id":"26059","FIPS":"26059","stateFIPS":"26","name":"Hillsdale","state":"MI","sourceId":"census-counties-2024"},"geometry":{"type":"Polygon","coordinates":[[[-84.826491,42.072468],[-84.807355,42.072114],[-84.796096,42.071918],[-84.772681,42.071486],[-84.709556,42.070366],[-84.691055,42.070551],[-84.67559,42.070754],[-84.651131,42.070989],[-84.641764,42.071102],[-84.592936,42.07176],[-84.583881,42.071784],[-84.575025,42.071824],[-84.560181,42.071969],[-84.555194,42.072019],[-84.546048,42.072103],[-84.527279,42.07228],[-84.51669,42.072404],[-84.510967,42.072448],[-84.492651,42.072648],[-84.477935,42.072935],[-84.455606,42.072945],[-84.450197,42.072973],[-84.445521,42.073],[-84.435984,42.07303],[-84.420459,42.073069],[-84.411966,42.073139],[-84.372649,42.073419],[-84.368202,42.073437],[-84.363563,42.073454],[-84.363297,42.073456],[-84.363259,42.070725],[-84.363102,42.066193],[-84.363009,42.04878],[-84.362349,41.986194],[-84.362067,41.920814],[-84.361989,41.901751],[-84.361976,41.898765],[-84.361912,41.864399],[-84.361826,41.85509],[-84.361696,41.8477],[-84.36165,41.840582],[-84.36144,41.811526],[-84.361378,41.801353],[-84.361311,41.794504],[-84.361277,41.791417],[-84.361173,41.779782],[-84.361098,41.771591],[-84.361011,41.76045],[-84.360811,41.738113],[-84.360519,41.71399],[-84.360443,41.709846],[-84.3604162952785,41.7066246193358],[-84.360546,41.706621],[-84.396547,41.705935],[-84.3995471043526,41.7058604309323],[-84.438067,41.704903],[-84.456869016649,41.7045016257027],[-84.4664314047729,41.7042974935138],[-84.4759235258818,41.7040948613434],[-84.4759390099525,41.7040945307986],[-84.5727913052094,41.7020269854561],[-84.5803148602462,41.7018663770664],[-84.6701819807137,41.6999479470913],[-84.6894445052587,41.6995367421446],[-84.7087109746989,41.6991254529846],[-84.747530824296,41.6982967498648],[-84.749955,41.698245],[-84.805972,41.696118],[-84.805996,41.696118],[-84.8060088134515,41.7027384774162],[-84.806018,41.707485],[-84.806042,41.720544],[-84.806065,41.732909],[-84.806074,41.737603],[-84.806134,41.743115],[-84.8058836606909,41.7601709861554],[-84.805883,41.760216],[-84.818873,41.760059],[-84.8251299096574,41.7599907212136],[-84.825192,41.777946],[-84.825217,41.781274],[-84.825337,41.810954],[-84.825256,41.832795],[-84.825104,41.876711],[-84.825135,41.883408],[-84.825069,41.897911],[-84.825216,41.912378],[-84.825584,41.948625],[-84.82609,41.985672],[-84.826126,41.993505],[-84.826174,42.007416],[-84.826275,42.058379],[-84.826279,42.058807],[-84.826491,42.072468]]]}},{"type":"Feature","id":"26087","properties":{"id":"26087","FIPS":"26087","stateFIPS":"26","name":"Lapeer","state":"MI","sourceId":"census-counties-2024"},"geometry":{"type":"Polygon","coordinates":[[[-83.460708,43.232791],[-83.431566,43.233461],[-83.43049,43.233426],[-83.411082,43.233895],[-83.401732,43.234063],[-83.392332,43.234277],[-83.371519,43.234736],[-83.351709,43.235193],[-83.352375,43.256912],[-83.352554,43.264174],[-83.354418,43.322257],[-83.342316,43.322422],[-83.322141,43.322791],[-83.282586,43.323585],[-83.238085,43.324485],[-83.228609,43.3247],[-83.222962,43.324797],[-83.202263,43.325241],[-83.19936,43.32532],[-83.192662,43.325469],[-83.189584,43.325564],[-83.169557,43.325999],[-83.120396,43.327049],[-83.119027,43.28368],[-83.099484,43.284135],[-83.07955,43.284127],[-83.00043,43.284913],[-82.999664,43.248402],[-82.999494,43.241762],[-82.999074,43.226461],[-82.998806,43.219259],[-82.998625,43.215011],[-82.99852,43.212336],[-82.998439,43.210391],[-82.998369,43.208343],[-82.998195,43.204562],[-82.997986,43.197536],[-82.996257,43.154099],[-82.994156,43.123127],[-82.99389,43.119064],[-82.990961,43.068591],[-82.990494,43.061535],[-82.988946,43.033031],[-82.988587,43.025991],[-82.988295,43.01871],[-82.988146,43.015404],[-82.987308,42.996658],[-82.987376,42.995431],[-82.986554,42.982436],[-82.987765,42.982393],[-82.986703,42.9595],[-82.985742,42.937845],[-82.984992,42.922999],[-82.983647,42.893741],[-82.990032,42.893624],[-83.003,42.893181],[-83.023573,42.890543],[-83.04297,42.890195],[-83.102891,42.888647],[-83.132496,42.888155],[-83.138511,42.888025],[-83.1437,42.887896],[-83.181203,42.886617],[-83.202847,42.886026],[-83.221744,42.885545],[-83.221913,42.885543],[-83.236709,42.88516],[-83.261321,42.884531],[-83.305489,42.883391],[-83.336678,42.882788],[-83.356447,42.882387],[-83.372988,42.882037],[-83.405807,42.881322],[-83.446539,42.880501],[-83.448457,42.880526],[-83.453364,42.880432],[-83.453397,42.88108],[-83.453588,42.882287],[-83.455685,42.931223],[-83.456781,42.963137],[-83.45688,42.96862],[-83.457366,42.983515],[-83.458255,43.015823],[-83.458253,43.016158],[-83.458725,43.035747],[-83.458971,43.044465],[-83.459081,43.050014],[-83.459113,43.053858],[-83.459134,43.057639],[-83.459002,43.068458],[-83.458988,43.079091],[-83.459003,43.089853],[-83.459098,43.097487],[-83.459262,43.108186],[-83.459379,43.118184],[-83.459594,43.136961],[-83.459661,43.143377],[-83.459875,43.165767],[-83.460005,43.179648],[-83.460369,43.206853],[-83.460389,43.208775],[-83.46049,43.210792],[-83.460403,43.215297],[-83.460633,43.219626],[-83.460639,43.219712],[-83.460733,43.223131],[-83.460708,43.232791]]]}},{"type":"Feature","id":"26077","properties":{"id":"26077","FIPS":"26077","stateFIPS":"26","name":"Kalamazoo","state":"MI","sourceId":"census-counties-2024"},"geometry":{"type":"Polygon","coordinates":[[[-85.765964,42.275363],[-85.765909,42.289248],[-85.765893,42.295334],[-85.76577,42.302456],[-85.765686,42.31356],[-85.765506,42.331714],[-85.764658,42.381598],[-85.764433,42.419736],[-85.764697,42.420715],[-85.753632,42.420799],[-85.70248,42.421024],[-85.686189,42.421022],[-85.675983,42.420975],[-85.669905,42.420963],[-85.661431,42.420892],[-85.660308,42.42089],[-85.649957,42.420963],[-85.608282,42.421181],[-85.567789,42.421395],[-85.543191,42.421433],[-85.532498,42.421522],[-85.52942,42.421517],[-85.525658,42.421509],[-85.525328,42.421508],[-85.454913,42.420743],[-85.425166,42.420197],[-85.418099,42.420194],[-85.415477,42.42016],[-85.338369,42.419728],[-85.308409,42.419832],[-85.298879,42.419849],[-85.29955,42.419455],[-85.298489,42.376503],[-85.298258,42.364322],[-85.29826,42.360633],[-85.298022,42.351714],[-85.298016,42.350727],[-85.297982,42.347325],[-85.297885,42.340156],[-85.297083,42.332832],[-85.297776,42.332815],[-85.297235,42.273136],[-85.297227,42.27272],[-85.297223,42.271728],[-85.297145,42.260487],[-85.296996,42.246071],[-85.296173,42.201874],[-85.295351,42.15825],[-85.29491,42.136983],[-85.293888,42.086092],[-85.293626,42.071553],[-85.303418,42.071532],[-85.308234,42.071503],[-85.313133,42.071487],[-85.359512,42.071433],[-85.371643,42.071429],[-85.391211,42.071384],[-85.404685,42.071332],[-85.405907,42.071328],[-85.411192,42.071264],[-85.430674,42.071217],[-85.479712,42.070962],[-85.529149,42.070703],[-85.597544,42.070235],[-85.602257,42.070241],[-85.604611,42.070244],[-85.645332,42.070326],[-85.651182,42.070272],[-85.762943,42.069327],[-85.763413,42.098262],[-85.763585,42.106853],[-85.76368,42.112841],[-85.764004,42.131044],[-85.764605,42.157254],[-85.765322,42.197513],[-85.765243,42.20055],[-85.765428,42.215457],[-85.765646,42.222934],[-85.765827,42.229741],[-85.766066,42.244693],[-85.765964,42.275363]]]}},{"type":"Feature","id":"26165","properties":{"id":"26165","FIPS":"26165","stateFIPS":"26","name":"Wexford","state":"MI","sourceId":"census-counties-2024"},"geometry":{"type":"Polygon","coordinates":[[[-85.82145,44.223251],[-85.821066,44.251297],[-85.82103,44.275758],[-85.821222,44.276429],[-85.820655,44.322317],[-85.820815,44.324559],[-85.820781,44.337998],[-85.820859,44.352478],[-85.820618,44.375469],[-85.819085,44.424498],[-85.817906,44.480766],[-85.818005,44.481219],[-85.817888,44.488493],[-85.817755,44.497737],[-85.817802,44.512969],[-85.797374,44.512931],[-85.794044,44.512901],[-85.757222,44.512984],[-85.696386,44.512691],[-85.686606,44.512671],[-85.656143,44.512429],[-85.615186,44.512314],[-85.575233,44.51221],[-85.556873,44.512122],[-85.520618,44.512131],[-85.456568,44.512309],[-85.354197,44.512335],[-85.334,44.512303],[-85.338404,44.425376],[-85.338015,44.403844],[-85.337092,44.339254],[-85.336606,44.311094],[-85.336198,44.281263],[-85.336113,44.252444],[-85.336065,44.240931],[-85.335975,44.237307],[-85.335737,44.228132],[-85.33586,44.226683],[-85.335367,44.208421],[-85.335087,44.196944],[-85.334777,44.165118],[-85.346795,44.164772],[-85.350255,44.164913],[-85.35276,44.16491],[-85.355183,44.164784],[-85.359866,44.164867],[-85.362098,44.164874],[-85.36552,44.164903],[-85.365765,44.164779],[-85.366137,44.164824],[-85.370585,44.164887],[-85.38582,44.165064],[-85.405477,44.165083],[-85.415479,44.165128],[-85.417335,44.165116],[-85.420104,44.16514],[-85.441965,44.165003],[-85.44442,44.165002],[-85.456091,44.164981],[-85.466563,44.165003],[-85.484531,44.165015],[-85.484615,44.165006],[-85.4925,44.165005],[-85.564554,44.164861],[-85.564772,44.164862],[-85.577123,44.164914],[-85.606649,44.165226],[-85.612012,44.164994],[-85.683785,44.164633],[-85.698898,44.164622],[-85.760904,44.1646],[-85.763567,44.164704],[-85.763853,44.164727],[-85.799961,44.164511],[-85.803849,44.164481],[-85.820436,44.164307],[-85.821186,44.164197],[-85.821133,44.206554],[-85.820904,44.207456],[-85.82118,44.208469],[-85.82145,44.223251]]]}},{"type":"Feature","id":"26143","properties":{"id":"26143","FIPS":"26143","stateFIPS":"26","name":"Roscommon","state":"MI","sourceId":"census-counties-2024"},"geometry":{"type":"Polygon","coordinates":[[[-84.855795,44.421984],[-84.851295,44.502468],[-84.851363,44.503259],[-84.850929,44.511069],[-84.844383,44.511174],[-84.843401,44.511096],[-84.778089,44.511082],[-84.756928,44.511236],[-84.752227,44.51127],[-84.741186,44.511371],[-84.731251,44.511453],[-84.691475,44.511399],[-84.681458,44.511335],[-84.671343,44.511301],[-84.610633,44.51135],[-84.601011,44.511296],[-84.593092,44.511253],[-84.550422,44.510889],[-84.489438,44.510765],[-84.470285,44.51073],[-84.451042,44.509844],[-84.449123,44.509831],[-84.370643,44.507223],[-84.369896,44.420739],[-84.369584,44.360074],[-84.36959,44.359421],[-84.36956,44.334081],[-84.368631,44.247072],[-84.368237,44.226983],[-84.366324,44.175508],[-84.368039,44.160538],[-84.487295,44.160491],[-84.608104,44.160482],[-84.6087,44.160484],[-84.610069,44.16055],[-84.684618,44.160664],[-84.68531,44.160758],[-84.728755,44.160859],[-84.78714,44.160898],[-84.796683,44.160992],[-84.844866,44.161443],[-84.848282,44.161367],[-84.851705,44.161375],[-84.853163,44.248767],[-84.852863,44.270753],[-84.852672,44.274398],[-84.852881,44.274957],[-84.853218,44.284508],[-84.852857,44.291433],[-84.854332,44.335756],[-84.854865,44.359098],[-84.854731,44.359581],[-84.855105,44.361556],[-84.855795,44.421984]]]}},{"type":"Feature","id":"39017","properties":{"id":"39017","FIPS":"39017","stateFIPS":"39","name":"Butler","state":"OH","sourceId":"census-counties-2024"},"geometry":{"type":"Polygon","coordinates":[[[-84.819238,39.317044],[-84.8185656789124,39.3486409782274],[-84.817647,39.391816],[-84.8167374878586,39.4330077144542],[-84.8157582374297,39.4773578690213],[-84.815736,39.478365],[-84.8157294359,39.479449881627],[-84.8155541729003,39.5084164738986],[-84.815536,39.51142],[-84.8153652290776,39.5219502743529],[-84.815346,39.523136],[-84.815155,39.548687],[-84.815155,39.559851],[-84.8149842281569,39.5647186300164],[-84.8149691648998,39.5651479886334],[-84.814885,39.567547],[-84.8149405460834,39.5677117935465],[-84.808178,39.56771],[-84.785967,39.567664],[-84.770004,39.567623],[-84.763092,39.566604],[-84.75785,39.566806],[-84.74636,39.566955],[-84.73983,39.567241],[-84.721641,39.567565],[-84.714062,39.567454],[-84.703037,39.567467],[-84.69661,39.567487],[-84.650372,39.567365],[-84.645998,39.567364],[-84.643361,39.567364],[-84.632061,39.567353],[-84.591531,39.567532],[-84.553743,39.567779],[-84.524849,39.568069],[-84.515281,39.568122],[-84.510223,39.568195],[-84.498016,39.568283],[-84.478927,39.56879],[-84.47908,39.573844],[-84.479213,39.591024],[-84.474246,39.590155],[-84.463146,39.589956],[-84.435445,39.590056],[-84.412856,39.589861],[-84.365242,39.589855],[-84.365232,39.589493],[-84.364528,39.562316],[-84.364486,39.559457],[-84.364305,39.54381],[-84.362688,39.542562],[-84.361546,39.542168],[-84.358371,39.542762],[-84.354111,39.544394],[-84.347202,39.545412],[-84.333012,39.548741],[-84.331682,39.549213],[-84.331826,39.548517],[-84.331963,39.547858],[-84.332093,39.547183],[-84.332576,39.541797],[-84.333385,39.532524],[-84.334124,39.525128],[-84.334152,39.524861],[-84.334207,39.524326],[-84.33487,39.517402],[-84.335206,39.513569],[-84.335426,39.511353],[-84.335534,39.510227],[-84.336692,39.496601],[-84.337343,39.488754],[-84.337359,39.488584],[-84.3379,39.482374],[-84.338005,39.481181],[-84.338273,39.478541],[-84.338691,39.473352],[-84.338795,39.47201],[-84.340211,39.456696],[-84.336719,39.455994],[-84.338454,39.440168],[-84.338465,39.440049],[-84.33984,39.427458],[-84.339866,39.427216],[-84.341405,39.412423],[-84.343054,39.397814],[-84.34385,39.390269],[-84.344667,39.382709],[-84.345958,39.371889],[-84.346331,39.368446],[-84.34652,39.366487],[-84.347769,39.35333],[-84.347916,39.351819],[-84.348081,39.349872],[-84.348199,39.348512],[-84.348343,39.346891],[-84.348899,39.340805],[-84.349262,39.3371],[-84.349296,39.336661],[-84.349603,39.332664],[-84.349861,39.330217],[-84.350895,39.318652],[-84.351007,39.317509],[-84.351972,39.306901],[-84.352389,39.302429],[-84.352578,39.299348],[-84.353209,39.292287],[-84.362011,39.293328],[-84.369919,39.294299],[-84.370755,39.294398],[-84.378935,39.295676],[-84.37913,39.295711],[-84.391083,39.297579],[-84.391871,39.29753],[-84.395127,39.297646],[-84.401185,39.297875],[-84.409335,39.297858],[-84.410254,39.298238],[-84.429133,39.298763],[-84.439499,39.299963],[-84.44696,39.300808],[-84.452667,39.301483],[-84.465455,39.302922],[-84.484573,39.301606],[-84.485147,39.301546],[-84.494048,39.303409],[-84.50273,39.305502],[-84.504644,39.305957],[-84.512774,39.304835],[-84.518247,39.304034],[-84.523336,39.303288],[-84.523685,39.303278],[-84.524107,39.303343],[-84.531278,39.304488],[-84.542391,39.306256],[-84.554565,39.307358],[-84.562347,39.308079],[-84.571327,39.308048],[-84.579655,39.308058],[-84.598746,39.308556],[-84.608746,39.310156],[-84.609338,39.310256],[-84.609655,39.310299],[-84.616339,39.311227],[-84.630047,39.312056],[-84.63079,39.311978],[-84.630992,39.311942],[-84.637291,39.310247],[-84.638589,39.309746],[-84.639825,39.308832],[-84.641814,39.305044],[-84.654347,39.304756],[-84.659233,39.304847],[-84.688443,39.304755],[-84.702248,39.304655],[-84.70328,39.304748],[-84.706049,39.304655],[-84.727202,39.304746],[-84.744849,39.304754],[-84.74971,39.304926],[-84.76281,39.304951],[-84.763276,39.304918],[-84.766524,39.304868],[-84.772675,39.305155],[-84.795744,39.30565],[-84.819451,39.305152],[-84.819238,39.317044]]]}},{"type":"Feature","id":"39033","properties":{"id":"39033","FIPS":"39033","stateFIPS":"39","name":"Crawford","state":"OH","sourceId":"census-counties-2024"},"geometry":{"type":"Polygon","coordinates":[[[-83.112737,40.993447],[-83.083653,40.993595],[-83.07421,40.993616],[-83.0163,40.993703],[-82.977916,40.993682],[-82.973232,40.993669],[-82.958694,40.993668],[-82.881928,40.993686],[-82.862333,40.993672],[-82.853184,40.993661],[-82.853166,40.994793],[-82.852966,40.996943],[-82.829512,40.996624],[-82.820318,40.996476],[-82.804834,40.996242],[-82.798077,40.996149],[-82.796424,40.99614],[-82.762548,40.99583],[-82.730226,40.995666],[-82.724792,40.995638],[-82.724326,40.961993],[-82.724263,40.947198],[-82.724247,40.937147],[-82.724184,40.930462],[-82.724521,40.901558],[-82.724526,40.901369],[-82.724955,40.843284],[-82.725689,40.814498],[-82.726145,40.79519],[-82.726212,40.787395],[-82.726259,40.785114],[-82.726254,40.784933],[-82.726413,40.776347],[-82.726431,40.772318],[-82.7266,40.760562],[-82.726617,40.756276],[-82.726628,40.755178],[-82.726652,40.753],[-82.726751,40.749524],[-82.726949,40.738592],[-82.727164,40.711203],[-82.765021,40.711875],[-82.788254,40.71213],[-82.792136,40.712155],[-82.792592,40.712157],[-82.79299,40.712165],[-82.796631,40.712179],[-82.797468,40.712186],[-82.801512,40.712246],[-82.813405,40.712497],[-82.849249,40.712527],[-82.858197,40.712423],[-82.858302,40.705019],[-82.87193,40.70488],[-82.939289,40.704378],[-82.957773,40.703287],[-82.975734,40.703453],[-82.977001,40.703453],[-83.004355,40.703232],[-83.068214,40.703164],[-83.073247,40.702913],[-83.08279,40.702904],[-83.090577,40.70255],[-83.092274,40.70285],[-83.11136,40.702915],[-83.11163,40.724048],[-83.111742,40.734538],[-83.111699,40.745998],[-83.111815,40.775145],[-83.112162,40.804177],[-83.112225,40.819111],[-83.112324,40.843186],[-83.112384,40.848228],[-83.112376,40.854747],[-83.112425,40.87068],[-83.112445,40.871528],[-83.112634,40.88812],[-83.112665,40.891907],[-83.112612,40.90593],[-83.112522,40.906517],[-83.112271,40.916773],[-83.112737,40.993447]]]}},{"type":"Feature","id":"26113","properties":{"id":"26113","FIPS":"26113","stateFIPS":"26","name":"Missaukee","state":"MI","sourceId":"census-counties-2024"},"geometry":{"type":"Polygon","coordinates":[[[-85.338404,44.425376],[-85.334,44.512303],[-85.304779,44.512194],[-85.233477,44.512038],[-85.213213,44.511737],[-85.161509,44.511183],[-85.154669,44.511133],[-85.133787,44.511022],[-85.126784,44.510886],[-85.112339,44.511044],[-85.092947,44.510461],[-85.006835,44.510391],[-85.005537,44.51047],[-84.850929,44.511069],[-84.851363,44.503259],[-84.851295,44.502468],[-84.855795,44.421984],[-84.855105,44.361556],[-84.854731,44.359581],[-84.854865,44.359098],[-84.854332,44.335756],[-84.852857,44.291433],[-84.853218,44.284508],[-84.852881,44.274957],[-84.852672,44.274398],[-84.852863,44.270753],[-84.853163,44.248767],[-84.851705,44.161375],[-84.867516,44.161402],[-84.877207,44.161643],[-84.878936,44.161412],[-84.921776,44.161763],[-84.952179,44.162091],[-84.967927,44.162409],[-84.972504,44.162475],[-85.057952,44.163705],[-85.073622,44.164008],[-85.087403,44.164242],[-85.092083,44.164307],[-85.092765,44.164302],[-85.100395,44.164412],[-85.106476,44.164453],[-85.112629,44.164505],[-85.143873,44.164492],[-85.147597,44.164494],[-85.150489,44.164555],[-85.20647,44.1649],[-85.213504,44.164892],[-85.297679,44.164827],[-85.297984,44.16486],[-85.304052,44.16483],[-85.307386,44.164849],[-85.325969,44.164802],[-85.334,44.164831],[-85.334777,44.165118],[-85.335087,44.196944],[-85.335367,44.208421],[-85.33586,44.226683],[-85.335737,44.228132],[-85.335975,44.237307],[-85.336065,44.240931],[-85.336113,44.252444],[-85.336198,44.281263],[-85.336606,44.311094],[-85.337092,44.339254],[-85.338015,44.403844],[-85.338404,44.425376]]]}},{"type":"Feature","id":"39141","properties":{"id":"39141","FIPS":"39141","stateFIPS":"39","name":"Ross","state":"OH","sourceId":"census-counties-2024"},"geometry":{"type":"Polygon","coordinates":[[[-83.394005,39.272592],[-83.393167,39.274858],[-83.390969,39.276129],[-83.384861,39.277675],[-83.381297,39.278361],[-83.381106,39.279328],[-83.382141,39.284119],[-83.38159,39.285496],[-83.378511,39.288064],[-83.376629,39.290944],[-83.376669,39.29226],[-83.379124,39.293612],[-83.381844,39.29401],[-83.382581,39.296231],[-83.383087,39.296901],[-83.382784,39.30214],[-83.381975,39.304863],[-83.384774,39.30848],[-83.383733,39.310955],[-83.383342,39.316607],[-83.385066,39.317856],[-83.386057,39.31969],[-83.38699,39.322018],[-83.38586,39.326063],[-83.382835,39.327421],[-83.384022,39.331463],[-83.383674,39.334342],[-83.382781,39.335782],[-83.382229,39.3393],[-83.379427,39.341667],[-83.379126,39.341987],[-83.378354,39.343191],[-83.377848,39.343464],[-83.377477,39.343714],[-83.377143,39.344189],[-83.376611,39.345385],[-83.375868,39.346263],[-83.375423,39.346964],[-83.375048,39.348281],[-83.37726,39.35279],[-83.378142,39.354146],[-83.379,39.3547],[-83.380254,39.356608],[-83.377978,39.361498],[-83.376959,39.362686],[-83.373402,39.368579],[-83.374517,39.371995],[-83.374577,39.37484],[-83.372714,39.377416],[-83.353132,39.402675],[-83.33344,39.42881],[-83.328862,39.435103],[-83.32362,39.441986],[-83.317496,39.449993],[-83.301724,39.470747],[-83.275352,39.504788],[-83.266737,39.516249],[-83.224839,39.514579],[-83.165611,39.51219],[-83.155472,39.511776],[-83.112946,39.510255],[-83.111871,39.510274],[-83.102395,39.509956],[-83.07166,39.50893],[-83.065757,39.508761],[-83.061667,39.508634],[-82.992597,39.506388],[-82.990401,39.505951],[-82.98456,39.506754],[-82.983253,39.506155],[-82.984025,39.504029],[-82.981887,39.501971],[-82.978741,39.500854],[-82.979603,39.498861],[-82.978804,39.496557],[-82.980095,39.492861],[-82.980396,39.490261],[-82.982296,39.489362],[-82.986498,39.490861],[-82.9895,39.491054],[-82.992901,39.489861],[-82.995104,39.488161],[-82.996203,39.484361],[-82.998204,39.480061],[-82.916737,39.476656],[-82.913628,39.47652],[-82.904201,39.476036],[-82.879987,39.474895],[-82.870237,39.474393],[-82.850998,39.473409],[-82.774296,39.469374],[-82.768457,39.469075],[-82.749998,39.468062],[-82.749879,39.468899],[-82.740729,39.46835],[-82.740615,39.467621],[-82.741107,39.46257],[-82.741316,39.460459],[-82.743389,39.435797],[-82.747444,39.3819],[-82.748591,39.368165],[-82.749709,39.357164],[-82.753892,39.308641],[-82.755133,39.294219],[-82.7576,39.266155],[-82.758695,39.252932],[-82.758679,39.252335],[-82.760111,39.237644],[-82.762892,39.207967],[-82.764643,39.189439],[-82.766692,39.167768],[-82.785891,39.168769],[-82.840365,39.172012],[-82.956746,39.177963],[-82.972701,39.178722],[-82.975205,39.178841],[-83.016618,39.180933],[-83.040647,39.182011],[-83.051172,39.182637],[-83.075636,39.183752],[-83.091465,39.184739],[-83.145022,39.187572],[-83.151106,39.187903],[-83.152427,39.187975],[-83.181467,39.189553],[-83.248285,39.193186],[-83.258039,39.193688],[-83.353531,39.197585],[-83.344225,39.230932],[-83.343479,39.233216],[-83.347503,39.232479],[-83.347847,39.232847],[-83.347061,39.236739],[-83.345967,39.239168],[-83.346007,39.242528],[-83.346912,39.245995],[-83.345248,39.248281],[-83.345073,39.250734],[-83.347006,39.252824],[-83.347974,39.252835],[-83.352988,39.251483],[-83.355745,39.250065],[-83.355521,39.247684],[-83.357001,39.245134],[-83.359419,39.242216],[-83.362351,39.240576],[-83.365739,39.241706],[-83.36885,39.243527],[-83.370492,39.24506],[-83.371866,39.247373],[-83.373886,39.248464],[-83.377184,39.248485],[-83.381125,39.249618],[-83.381333,39.251634],[-83.379648,39.253587],[-83.378192,39.25651],[-83.378029,39.258607],[-83.380044,39.26161],[-83.381734,39.26274],[-83.38668,39.263715],[-83.392967,39.266656],[-83.393694,39.267788],[-83.394005,39.272592]]]}},{"type":"Feature","id":"26005","properties":{"id":"26005","FIPS":"26005","stateFIPS":"26","name":"Allegan","state":"MI","sourceId":"census-counties-2024"},"geometry":{"type":"Polygon","coordinates":[[[-86.261852,42.442088],[-86.257272,42.453572],[-86.24893,42.481227],[-86.2488746881132,42.4814375787307],[-86.246597,42.490109],[-86.246404,42.498183],[-86.2452406697671,42.5059359483809],[-86.244455,42.511172],[-86.243954,42.517967],[-86.242675,42.524245],[-86.2410726409927,42.5366626911758],[-86.240642,42.54],[-86.2397410340513,42.5434216774554],[-86.237749,42.550987],[-86.23528,42.564958],[-86.234436,42.568327],[-86.231715,42.574358],[-86.229429,42.578976],[-86.228082,42.583397],[-86.2260372887117,42.5928114503543],[-86.2259781524994,42.593083730817],[-86.225613,42.594765],[-86.2257386010998,42.595974224398],[-86.2261089176697,42.5995394466139],[-86.2268485410196,42.6066601692958],[-86.227264,42.61066],[-86.227991,42.614978],[-86.2280802157456,42.6168913903545],[-86.228705,42.630291],[-86.229195,42.633796],[-86.228854,42.637655],[-86.2281451466135,42.6397437871383],[-86.226527,42.644512],[-86.2231140381206,42.6504049396773],[-86.221252,42.65362],[-86.217052,42.660527],[-86.215314,42.665388],[-86.21511953321,42.6660575069992],[-86.2146872266628,42.6675458447209],[-86.213575,42.671375],[-86.2134465842135,42.6766694758624],[-86.213431,42.677312],[-86.211451,42.680919],[-86.2113051170403,42.6813999344799],[-86.209503,42.687341],[-86.208353,42.692177],[-86.207025,42.701592],[-86.206392,42.709525],[-86.206382,42.719479],[-86.2063900756557,42.719964779026],[-86.2068368394768,42.7468391904589],[-86.206838,42.746909],[-86.2077,42.753204],[-86.207864,42.762186],[-86.2088649386908,42.7675398909916],[-86.19781,42.767682],[-86.196566,42.76779],[-86.176689,42.768024],[-86.167466,42.768142],[-86.166564,42.768143],[-86.161863,42.76822],[-86.154116,42.768285],[-86.151385,42.768294],[-86.151185,42.768294],[-86.146951,42.768301],[-86.142309,42.768323],[-86.137046,42.768342],[-86.120139,42.768439],[-86.116786,42.76846],[-86.106984,42.768539],[-86.097147,42.768587],[-86.086249,42.768646],[-86.081448,42.768683],[-86.064609,42.768802],[-86.062913,42.768816],[-86.06264,42.768813],[-86.052603,42.76886],[-86.037315,42.768937],[-86.018138,42.768915],[-85.990737,42.768921],[-85.98545,42.768909],[-85.980266,42.768892],[-85.97051,42.768825],[-85.965447,42.768778],[-85.960514,42.768734],[-85.907458,42.767783],[-85.906412,42.767824],[-85.901422,42.767667],[-85.873856,42.767509],[-85.870864,42.767513],[-85.861279,42.767526],[-85.85775,42.767552],[-85.841384,42.767624],[-85.821938,42.767769],[-85.782498,42.7682],[-85.741511,42.76827],[-85.727213,42.768252],[-85.719615,42.76824],[-85.682989,42.768186],[-85.663296,42.768099],[-85.644291,42.768224],[-85.62479,42.768191],[-85.604991,42.768257],[-85.545564,42.768139],[-85.545524,42.764938],[-85.545539,42.746739],[-85.545498,42.739523],[-85.54529,42.717795],[-85.545107,42.681428],[-85.544754,42.667163],[-85.544488,42.652785],[-85.544384,42.645402],[-85.544159,42.630868],[-85.54386,42.609355],[-85.543513,42.594812],[-85.543437,42.591674],[-85.543239,42.590905],[-85.543178,42.566475],[-85.543021,42.536477],[-85.543036,42.534177],[-85.543026,42.530737],[-85.543024,42.530583],[-85.543103,42.523318],[-85.543107,42.521458],[-85.543134,42.508836],[-85.543294,42.479811],[-85.543391,42.473658],[-85.543435,42.46529],[-85.543433,42.436173],[-85.54344,42.428353],[-85.543191,42.421433],[-85.567789,42.421395],[-85.608282,42.421181],[-85.649957,42.420963],[-85.660308,42.42089],[-85.661431,42.420892],[-85.669905,42.420963],[-85.675983,42.420975],[-85.686189,42.421022],[-85.70248,42.421024],[-85.753632,42.420799],[-85.764697,42.420715],[-85.77811,42.420658],[-85.80952,42.420526],[-85.809744,42.420525],[-85.86279,42.420169],[-85.879614,42.419998],[-85.891,42.419858],[-85.894982,42.419812],[-85.899245,42.419696],[-85.912513,42.419405],[-85.922846,42.419314],[-85.956471,42.419165],[-85.957154,42.418994],[-85.95772,42.419152],[-85.973054,42.419074],[-85.994649,42.418957],[-86.011619,42.418906],[-86.048228,42.418931],[-86.089876,42.41889],[-86.101553,42.418952],[-86.110553,42.419023],[-86.129175,42.4191],[-86.168259,42.418983],[-86.2255,42.419401],[-86.226465,42.419407],[-86.256033,42.419307],[-86.259553,42.41931],[-86.260189,42.419315],[-86.261539,42.419313],[-86.2737626735126,42.4192820644461],[-86.261852,42.442088]]]}},{"type":"Feature","id":"26065","properties":{"id":"26065","FIPS":"26065","stateFIPS":"26","name":"Ingham","state":"MI","sourceId":"census-counties-2024"},"geometry":{"type":"Polygon","coordinates":[[[-84.603137,42.694073],[-84.603094,42.697572],[-84.603094,42.697659],[-84.603094,42.703575],[-84.603122,42.708499],[-84.603115,42.709327],[-84.603112,42.70942],[-84.603038,42.721578],[-84.603011,42.726578],[-84.602942,42.733902],[-84.602893,42.741109],[-84.602884,42.748362],[-84.60286,42.750794],[-84.602841,42.753058],[-84.602843,42.753268],[-84.602796,42.762804],[-84.602761,42.76988],[-84.601864,42.769873],[-84.584264,42.769736],[-84.566969,42.769752],[-84.555738,42.769715],[-84.551732,42.769711],[-84.54272,42.769649],[-84.532474,42.769683],[-84.523019,42.769611],[-84.519484,42.769696],[-84.51307,42.769666],[-84.512355,42.769663],[-84.503175,42.769622],[-84.488444,42.769513],[-84.48359,42.769479],[-84.478206,42.769545],[-84.475146,42.769583],[-84.452709,42.769595],[-84.449317,42.769584],[-84.441186,42.769561],[-84.432691,42.769593],[-84.420923,42.769681],[-84.373445,42.770001],[-84.36366,42.769971],[-84.363659,42.775778],[-84.361795,42.775783],[-84.357712,42.7758],[-84.350884,42.77581],[-84.346329,42.775832],[-84.329053,42.775915],[-84.32148,42.775929],[-84.315558,42.775978],[-84.272493,42.776069],[-84.18705,42.776348],[-84.158189,42.776639],[-84.156845,42.764369],[-84.156683,42.762583],[-84.156076,42.756807],[-84.155436,42.750244],[-84.154393,42.739353],[-84.153742,42.731767],[-84.153172,42.724389],[-84.1512,42.699047],[-84.150564,42.68848],[-84.150279,42.6852],[-84.149255,42.666864],[-84.149204,42.665881],[-84.149128,42.664836],[-84.148297,42.651422],[-84.147754,42.643278],[-84.147522,42.639679],[-84.14726,42.635772],[-84.147017,42.632146],[-84.145367,42.605898],[-84.144834,42.599563],[-84.141718,42.546285],[-84.141735,42.543556],[-84.141655,42.541645],[-84.141562,42.538658],[-84.140616,42.509933],[-84.140835,42.468218],[-84.140844,42.453772],[-84.140713,42.424611],[-84.200244,42.424867],[-84.206177,42.424867],[-84.214202,42.424863],[-84.225133,42.424858],[-84.248316,42.42476],[-84.250413,42.424765],[-84.258292,42.424745],[-84.29726,42.424656],[-84.297815,42.424628],[-84.319673,42.424735],[-84.327287,42.424711],[-84.334022,42.424715],[-84.355817,42.424663],[-84.364805,42.424694],[-84.364783,42.422147],[-84.408479,42.422049],[-84.413679,42.422047],[-84.433509,42.42205],[-84.462743,42.422079],[-84.482268,42.422111],[-84.50444,42.422087],[-84.506895,42.422066],[-84.521808,42.422048],[-84.538963,42.422046],[-84.540956,42.422051],[-84.580445,42.421953],[-84.591019,42.421951],[-84.600403,42.421984],[-84.600696,42.465611],[-84.601272,42.509444],[-84.601718,42.538496],[-84.60219,42.574733],[-84.602369,42.589458],[-84.602479,42.596819],[-84.602675,42.618533],[-84.602735,42.621837],[-84.602743,42.62231],[-84.602878,42.632921],[-84.602944,42.639711],[-84.602949,42.640243],[-84.602953,42.647491],[-84.602957,42.649059],[-84.602982,42.653718],[-84.602998,42.654805],[-84.603048,42.665584],[-84.603037,42.669266],[-84.603065,42.676728],[-84.603065,42.676805],[-84.603073,42.680535],[-84.603124,42.683151],[-84.603085,42.685427],[-84.603107,42.689249],[-84.603092,42.692534],[-84.603117,42.693662],[-84.603137,42.694073]]]}},{"type":"Feature","id":"39137","properties":{"id":"39137","FIPS":"39137","stateFIPS":"39","name":"Putnam","state":"OH","sourceId":"census-counties-2024"},"geometry":{"type":"Polygon","coordinates":[[[-84.399486,40.990315],[-84.389906,40.99041],[-84.380393,40.990452],[-84.375145,40.990488],[-84.370105,40.990531],[-84.361328,40.990537],[-84.341911,40.990692],[-84.342157,41.005135],[-84.342223,41.019821],[-84.342163,41.026876],[-84.342127,41.037747],[-84.342088,41.042405],[-84.341937,41.062966],[-84.341917,41.064052],[-84.341896,41.077964],[-84.341931,41.092566],[-84.341853,41.121759],[-84.341612,41.158013],[-84.341602,41.165524],[-84.331905,41.165441],[-84.28601,41.165609],[-84.228222,41.165862],[-84.161599,41.166185],[-84.112573,41.166505],[-84.093166,41.16651],[-84.03535,41.166896],[-83.996951,41.167074],[-83.919398,41.167504],[-83.881149,41.167824],[-83.881117,41.153136],[-83.880982,41.12844],[-83.88089,41.127385],[-83.880821,41.106782],[-83.880762,41.080361],[-83.880754,41.076324],[-83.880674,41.027561],[-83.880603,40.993155],[-83.880592,40.970215],[-83.880487,40.951271],[-83.880476,40.949505],[-83.880423,40.920429],[-83.918652,40.920287],[-83.937745,40.920261],[-83.995228,40.919843],[-83.995208,40.915026],[-83.995165,40.905066],[-84.009388,40.904963],[-84.013692,40.904948],[-84.020359,40.904893],[-84.070163,40.904905],[-84.109516,40.90473],[-84.109937,40.894299],[-84.10968,40.868148],[-84.109586,40.860994],[-84.22485,40.859307],[-84.224863,40.860112],[-84.252739,40.859755],[-84.268161,40.859696],[-84.286828,40.859637],[-84.287441,40.859647],[-84.313068,40.859426],[-84.320275,40.859339],[-84.32315,40.859305],[-84.323183,40.859405],[-84.329623,40.859295],[-84.334366,40.859189],[-84.340531,40.859099],[-84.340573,40.859783],[-84.340781,40.888689],[-84.340969,40.903596],[-84.350619,40.903579],[-84.398407,40.903265],[-84.399135,40.965336],[-84.399486,40.990315]]]}},{"type":"Feature","id":"26129","properties":{"id":"26129","FIPS":"26129","stateFIPS":"26","name":"Ogemaw","state":"MI","sourceId":"census-counties-2024"},"geometry":{"type":"Polygon","coordinates":[[[-84.370643,44.507223],[-84.188224,44.507595],[-84.176643,44.507652],[-84.127992,44.50812],[-84.053101,44.508354],[-84.050603,44.508533],[-84.049969,44.508652],[-84.047541,44.508439],[-84.007246,44.508861],[-83.913145,44.50899],[-83.912463,44.509065],[-83.886634,44.508976],[-83.885239,44.458568],[-83.885178,44.458169],[-83.884918,44.450777],[-83.884044,44.422097],[-83.883785,44.404643],[-83.883461,44.350706],[-83.883516,44.350614],[-83.883496,44.349021],[-83.88345,44.334653],[-83.883245,44.305646],[-83.883442,44.276727],[-83.883393,44.262347],[-83.883428,44.248065],[-83.883977,44.161786],[-83.927493,44.161834],[-83.972099,44.161942],[-83.997862,44.161975],[-83.999839,44.161972],[-84.004984,44.161967],[-84.007458,44.161965],[-84.032142,44.161925],[-84.047519,44.161884],[-84.05963,44.161888],[-84.065117,44.161881],[-84.104971,44.161892],[-84.125599,44.161823],[-84.127194,44.161817],[-84.166107,44.161788],[-84.246596,44.161663],[-84.266821,44.161472],[-84.288746,44.16131],[-84.355981,44.160733],[-84.368039,44.160538],[-84.366324,44.175508],[-84.368237,44.226983],[-84.368631,44.247072],[-84.36956,44.334081],[-84.36959,44.359421],[-84.369584,44.360074],[-84.369896,44.420739],[-84.370643,44.507223]]]}},{"type":"Feature","id":"39009","properties":{"id":"39009","FIPS":"39009","stateFIPS":"39","name":"Athens","state":"OH","sourceId":"census-counties-2024"},"geometry":{"type":"Polygon","coordinates":[[[-82.297656,39.3033],[-82.290233,39.378412],[-82.289663,39.384195],[-82.285745,39.421778],[-82.284298,39.435648],[-82.28041,39.472906],[-82.252524,39.471255],[-82.236543,39.470316],[-82.202314,39.468289],[-82.198018,39.468109],[-82.186223,39.467327],[-82.175656,39.466693],[-82.172176,39.466477],[-82.170171,39.46635],[-82.167379,39.466307],[-82.165379,39.488289],[-82.163946,39.504041],[-82.163019,39.514223],[-82.162289,39.522236],[-82.159161,39.556574],[-82.150622,39.55614],[-82.142394,39.55572],[-82.128941,39.554769],[-82.120004,39.554571],[-82.06501,39.551733],[-82.047528,39.550825],[-82.052889,39.491876],[-82.054204,39.477399],[-82.055779,39.460053],[-82.044411,39.459494],[-82.032333,39.458899],[-82.027002,39.458636],[-81.965013,39.455562],[-81.950308,39.454828],[-81.940542,39.454339],[-81.927255,39.453773],[-81.869618,39.451293],[-81.844863,39.450216],[-81.84651,39.42361],[-81.848901,39.384938],[-81.84984,39.369741],[-81.850299,39.362315],[-81.850847,39.353654],[-81.85293,39.325373],[-81.853668,39.318165],[-81.834635,39.317563],[-81.835447,39.302807],[-81.816614,39.302058],[-81.817595,39.285514],[-81.818361,39.272581],[-81.72181,39.269568],[-81.7255834730739,39.2158352234561],[-81.726973,39.215068],[-81.729949,39.211884],[-81.733357,39.205868],[-81.735805,39.196268],[-81.737085,39.193836],[-81.7388473084324,39.1921561016742],[-81.741533,39.189596],[-81.749853,39.186489],[-81.752754,39.184676],[-81.7537186011459,39.1834863252534],[-81.755754,39.180976],[-81.7558150545194,39.1805241965567],[-81.840465,39.183904],[-81.841324,39.183937],[-81.843096,39.184007],[-81.857718,39.1846],[-81.925254,39.187323],[-81.937098,39.187797],[-81.960882,39.188744],[-81.984104,39.189745],[-81.988689,39.189532],[-82.004171,39.190607],[-82.017233,39.191167],[-82.049259,39.192282],[-82.055212,39.192784],[-82.079193,39.193802],[-82.15635,39.197851],[-82.178216,39.19899],[-82.192247,39.199719],[-82.268583,39.20376],[-82.267403,39.216385],[-82.264132,39.25137],[-82.263952,39.253289],[-82.263816,39.253479],[-82.263735,39.254434],[-82.263167,39.261608],[-82.263169,39.261673],[-82.263103,39.26236],[-82.26227,39.271267],[-82.261629,39.278085],[-82.260936,39.285514],[-82.260626,39.288834],[-82.260243,39.292915],[-82.270705,39.293486],[-82.298476,39.294996],[-82.297656,39.3033]]]}},{"type":"Feature","id":"39113","properties":{"id":"39113","FIPS":"39113","stateFIPS":"39","name":"Montgomery","state":"OH","sourceId":"census-counties-2024"},"geometry":{"type":"Polygon","coordinates":[[[-84.485367,39.918491],[-84.449591,39.919206],[-84.446528,39.919262],[-84.427473,39.919597],[-84.425902,39.919622],[-84.383296,39.920298],[-84.369275,39.920497],[-84.362304,39.920583],[-84.347418,39.920784],[-84.341411,39.920884],[-84.317204,39.921262],[-84.315237,39.921366],[-84.313382,39.921232],[-84.301945,39.921354],[-84.286062,39.921554],[-84.278085,39.921554],[-84.274822,39.921763],[-84.242014,39.922214],[-84.232105,39.922348],[-84.227198,39.922344],[-84.198703,39.922708],[-84.188674,39.922797],[-84.174604,39.922913],[-84.1691,39.92293],[-84.166988,39.922761],[-84.157671,39.92297],[-84.16289,39.917586],[-84.164031,39.915683],[-84.167065,39.912197],[-84.167193,39.911366],[-84.166024,39.904934],[-84.164648,39.899111],[-84.164463,39.897177],[-84.163491,39.894854],[-84.161294,39.892671],[-84.159062,39.889456],[-84.157593,39.88813],[-84.157217,39.885994],[-84.151831,39.885696],[-84.145598,39.885339],[-84.139237,39.884947],[-84.13611,39.884749],[-84.121376,39.883904],[-84.098454,39.882533],[-84.098182,39.882525],[-84.051012,39.87981],[-84.053713,39.850714],[-84.054768,39.840592],[-84.054966,39.839114],[-84.055053,39.836211],[-84.058,39.836331],[-84.058181,39.836342],[-84.060223,39.836468],[-84.092938,39.838345],[-84.094336,39.823772],[-84.094931,39.817944],[-84.095128,39.814508],[-84.095743,39.809171],[-84.09675,39.797636],[-84.096874,39.796398],[-84.096933,39.795799],[-84.096937,39.793715],[-84.096937,39.793675],[-84.096937,39.793498],[-84.096937,39.793153],[-84.097837,39.780158],[-84.098935,39.770869],[-84.098936,39.770059],[-84.099518,39.765402],[-84.100223,39.758113],[-84.100236,39.756459],[-84.100863,39.75107],[-84.101814,39.74202],[-84.101936,39.740407],[-84.102108,39.739326],[-84.102436,39.736159],[-84.103213,39.728688],[-84.10339,39.728212],[-84.104517,39.717046],[-84.105384,39.707158],[-84.105465,39.706401],[-84.105982,39.697207],[-84.106446,39.692155],[-84.106615,39.689886],[-84.106683,39.688912],[-84.107129,39.682461],[-84.107736,39.674973],[-84.108037,39.673459],[-84.108239,39.671758],[-84.108238,39.671611],[-84.108236,39.671034],[-84.108678,39.66783],[-84.108699,39.66757],[-84.109297,39.660203],[-84.109638,39.656253],[-84.110043,39.651561],[-84.110903,39.641642],[-84.110453,39.640167],[-84.111261,39.638017],[-84.111428,39.632738],[-84.111775,39.628539],[-84.111744,39.627997],[-84.111935,39.626359],[-84.109635,39.625959],[-84.110487,39.619493],[-84.110569,39.618442],[-84.111126,39.611373],[-84.113333,39.588743],[-84.113747,39.5845],[-84.114174,39.57823],[-84.133862,39.579478],[-84.142597,39.580056],[-84.153529,39.580777],[-84.162995,39.581438],[-84.187334,39.583081],[-84.197568,39.583714],[-84.201408,39.583948],[-84.210934,39.584611],[-84.211556,39.584652],[-84.222057,39.585346],[-84.223166,39.585419],[-84.22341,39.585439],[-84.230047,39.585875],[-84.230198,39.585888],[-84.237673,39.586441],[-84.242374,39.586722],[-84.242819,39.586748],[-84.248433,39.587082],[-84.284317,39.589462],[-84.28505,39.58951],[-84.285687,39.589552],[-84.286319,39.589576],[-84.286704,39.589577],[-84.296159,39.589536],[-84.296261,39.589535],[-84.306897,39.58953],[-84.307942,39.58953],[-84.323683,39.589519],[-84.323799,39.589518],[-84.324559,39.589518],[-84.325098,39.589512],[-84.326791,39.589512],[-84.334999,39.589496],[-84.337437,39.589492],[-84.345608,39.589476],[-84.365232,39.589493],[-84.365242,39.589855],[-84.412856,39.589861],[-84.435445,39.590056],[-84.463146,39.589956],[-84.474246,39.590155],[-84.479213,39.591024],[-84.479416,39.604091],[-84.479569,39.612195],[-84.479713,39.620969],[-84.479726,39.621916],[-84.480149,39.65705],[-84.479961,39.661484],[-84.480088,39.662282],[-84.480304,39.663561],[-84.480458,39.670963],[-84.480567,39.677342],[-84.481411,39.722809],[-84.481885,39.7448],[-84.482704,39.788283],[-84.483137,39.809343],[-84.483308,39.817663],[-84.48359,39.830398],[-84.483761,39.839283],[-84.484215,39.85991],[-84.485162,39.897716],[-84.48537,39.905297],[-84.485299,39.910791],[-84.485653,39.918132],[-84.485367,39.918491]]]}},{"type":"Feature","id":"39145","properties":{"id":"39145","FIPS":"39145","stateFIPS":"39","name":"Scioto","state":"OH","sourceId":"census-counties-2024"},"geometry":{"type":"Polygon","coordinates":[[[-83.270817,39.015791],[-83.268734,39.014453],[-83.261827,39.015224],[-83.259951,39.013444],[-83.257183,39.014943],[-83.255497,39.012895],[-83.24842,39.010037],[-83.244239,39.010902],[-83.242641,39.009604],[-83.238512,39.010003],[-83.237811,39.009856],[-83.23823,39.005897],[-83.236379,39.004861],[-83.2348,39.004318],[-83.232246,39.001394],[-83.23406,38.998819],[-83.227315,38.998004],[-83.22654,38.995482],[-83.22068,38.994045],[-83.215252,38.991922],[-83.213996,38.990251],[-83.214007,38.988393],[-83.213365,38.986061],[-83.214101,38.983721],[-83.215715,38.981156],[-83.216556,38.978186],[-83.217234,38.971758],[-83.215143,38.971514],[-83.2133,38.9721],[-83.21073,38.969856],[-83.210503,38.968456],[-83.214655,38.963355],[-83.214304,38.961527],[-83.212107,38.960148],[-83.177736,38.959267],[-83.171178,38.959092],[-83.162102,38.958858],[-83.129412,38.957909],[-83.121976,38.958049],[-83.044758,38.956956],[-83.04362,38.956939],[-83.043473,38.956937],[-82.974831,38.955387],[-82.973159,38.953843],[-82.970759,38.955274],[-82.955582,38.954714],[-82.941064,38.954139],[-82.934795,38.953883],[-82.899694,38.952388],[-82.892495,38.952046],[-82.881375,38.951512],[-82.863512,38.950694],[-82.86126,38.95059],[-82.852647,38.950189],[-82.80709,38.948073],[-82.806544,38.948045],[-82.753391,38.945373],[-82.75572,38.922269],[-82.755655,38.920773],[-82.758348,38.888431],[-82.75849,38.886274],[-82.761985,38.869522],[-82.76069,38.854875],[-82.760531,38.854867],[-82.739072,38.854014],[-82.729548,38.853396],[-82.686009,38.851211],[-82.650039,38.849073],[-82.654461,38.804871],[-82.659086,38.762677],[-82.661386,38.762477],[-82.662886,38.747977],[-82.667951,38.74829],[-82.695387,38.749977],[-82.701486,38.690878],[-82.706383,38.677485],[-82.758286,38.679734],[-82.763895,38.679974],[-82.765354,38.657473],[-82.766188,38.644678],[-82.762388,38.640678],[-82.759025,38.631217],[-82.756026,38.625079],[-82.746361,38.607652],[-82.740383,38.597167],[-82.758479,38.590943],[-82.774227,38.585461],[-82.809024,38.573257],[-82.8159813238463,38.5707183365762],[-82.820161,38.572703],[-82.8367688321434,38.5842360024938],[-82.839538,38.586159],[-82.844306,38.590862],[-82.8470555751281,38.5949710872748],[-82.847186,38.595166],[-82.851314,38.604334],[-82.854291,38.613454],[-82.854919035355,38.616527364503],[-82.855795,38.620814],[-82.856791,38.632878],[-82.8563972302811,38.6432735205781],[-82.856291,38.646078],[-82.8565321817375,38.6471905480149],[-82.859391,38.660378],[-82.863291,38.669277],[-82.869592,38.678177],[-82.8746642639175,38.6826271938144],[-82.874892,38.682827],[-82.877592,38.690177],[-82.876892,38.697377],[-82.875292,38.704977],[-82.871192,38.718377],[-82.870392,38.722077],[-82.8699221948745,38.7278086225307],[-82.869892,38.728177],[-82.8700173214918,38.7291794824191],[-82.871292,38.739376],[-82.872592,38.742576],[-82.8739413081967,38.7447628098361],[-82.8743343865574,38.7453998678689],[-82.875492,38.747276],[-82.879492,38.751476],[-82.8848457983137,38.7540146529474],[-82.889193,38.756076],[-82.894193,38.756576],[-82.9175843886149,38.7514221399276],[-82.923694,38.750076],[-82.9282577256186,38.7484816402969],[-82.9313965104898,38.7473850905625],[-82.943147,38.74328],[-82.9478713936103,38.7407888033693],[-82.958114797191,38.7353874048848],[-82.958895,38.734976],[-82.9646421904,38.7313400224],[-82.968695,38.728776],[-82.9692904420084,38.7286201833997],[-82.9748812496526,38.7271571683152],[-82.979395,38.725976],[-82.986095,38.726276],[-82.993996,38.728576],[-82.9970268334725,38.7290334842977],[-82.9970379195962,38.7290351576749],[-82.999296,38.729376],[-83.0115737711362,38.7300438244524],[-83.011816,38.730057],[-83.0132883446179,38.729869252352],[-83.021752,38.72879],[-83.027917,38.727143],[-83.030702,38.72572],[-83.0308858850033,38.725567690406],[-83.033014,38.723805],[-83.035964,38.720152],[-83.0382745077073,38.7166321587591],[-83.038442,38.716377],[-83.042338,38.708319],[-83.053104,38.695831],[-83.064319,38.688976],[-83.0798265464706,38.6828328085866],[-83.084226,38.68109],[-83.102746,38.677316],[-83.107436,38.67522],[-83.112372,38.671685],[-83.11786,38.666073],[-83.122547,38.6592],[-83.126311,38.645244],[-83.128973,38.640231],[-83.135046,38.631719],[-83.142836,38.625076],[-83.1535089215046,38.6189834553318],[-83.153783,38.618827],[-83.1563380180079,38.6188673217739],[-83.175961,38.619177],[-83.1990826022559,38.617139381218],[-83.203728,38.61673],[-83.213113,38.618888],[-83.226189,38.625307],[-83.232404,38.627569],[-83.239515,38.628588],[-83.245664,38.628564],[-83.251103,38.626224],[-83.254558,38.623403],[-83.261126,38.622723],[-83.266392,38.619615],[-83.2670668881558,38.6181775965671],[-83.268245,38.618529],[-83.268233,38.620223],[-83.268186,38.709889],[-83.268207,38.742787],[-83.268077,38.755888],[-83.268262,38.79128],[-83.268235,38.79189],[-83.268399,38.839201],[-83.268434,38.849646],[-83.268578,38.882521],[-83.268856,38.903578],[-83.268912,38.907753],[-83.269205,38.930047],[-83.270817,39.015791]]]}},{"type":"Feature","id":"39051","properties":{"id":"39051","FIPS":"39051","stateFIPS":"39","name":"Fulton","state":"OH","sourceId":"census-counties-2024"},"geometry":{"type":"Polygon","coordinates":[[[-84.3995471043526,41.7058604309323],[-84.396547,41.705935],[-84.360546,41.706621],[-84.3604162952785,41.7066246193358],[-84.3559173584578,41.7067501595865],[-84.2496974140851,41.7097141661888],[-84.2307395073208,41.7102431756997],[-84.2213960273115,41.7105039001484],[-84.2213036454734,41.7105064780106],[-84.2110590625835,41.7107923472182],[-84.2106483051164,41.7108038091696],[-84.2022324840487,41.7110386478278],[-84.134417,41.712931],[-84.1198415827283,41.7134044565414],[-84.1149850139168,41.713562213553],[-84.0766741703259,41.7148066732597],[-84.0373725465091,41.7160833167023],[-84.019373,41.716668],[-83.998849,41.716822],[-83.9986943992492,41.7168268977318],[-83.9577039056121,41.718125471275],[-83.899764,41.719961],[-83.880539,41.720081],[-83.8803872579474,41.7200894477788],[-83.879335,41.686285],[-83.878417,41.65777],[-83.878042,41.643718],[-83.87795,41.63984],[-83.877864,41.636218],[-83.877368,41.617547],[-83.882443,41.617517],[-83.882443,41.614187],[-83.882455,41.603225],[-83.882487,41.599801],[-83.882496,41.597051],[-83.882469,41.589943],[-83.882463,41.589048],[-83.882466,41.588648],[-83.882527,41.581078],[-83.882572,41.574992],[-83.882585,41.572508],[-83.882589,41.572054],[-83.882593,41.571643],[-83.882594,41.57106],[-83.882619,41.567187],[-83.882674,41.556293],[-83.882696,41.545295],[-83.882776,41.530612],[-83.882877,41.515915],[-83.882932,41.497593],[-83.882943,41.487543],[-83.941311,41.487213],[-83.999001,41.486766],[-84.076497,41.486072],[-84.114862,41.486009],[-84.114863,41.486304],[-84.125202,41.486214],[-84.18718,41.485762],[-84.191993,41.485793],[-84.211527,41.485775],[-84.217245,41.485735],[-84.223564,41.48566],[-84.228914,41.485581],[-84.228919,41.485942],[-84.241256,41.485914],[-84.26763,41.485805],[-84.281943,41.485746],[-84.306064,41.485715],[-84.311181,41.485757],[-84.32547,41.485795],[-84.341902,41.485519],[-84.342051,41.514107],[-84.380735,41.513942],[-84.380719,41.521249],[-84.380895,41.572016],[-84.380988,41.586462],[-84.3812,41.60192],[-84.381312,41.61673],[-84.398375,41.61698],[-84.398613,41.636946],[-84.399242,41.673159],[-84.399155,41.674727],[-84.3995471043526,41.7058604309323]]]}},{"type":"Feature","id":"26131","properties":{"id":"26131","FIPS":"26131","stateFIPS":"26","name":"Ontonagon","state":"MI","sourceId":"census-counties-2024"},"geometry":{"type":"Polygon","coordinates":[[[-89.8853874922337,46.7654749888557],[-89.849141,46.795126],[-89.829155,46.804534],[-89.788755,46.818103],[-89.758264,46.823767],[-89.750856,46.825596],[-89.720277,46.830413],[-89.716173,46.830815],[-89.707167,46.8312],[-89.699053,46.830167],[-89.692895,46.830399],[-89.686933,46.830735],[-89.679647,46.832734],[-89.673375,46.833229],[-89.660625,46.831056],[-89.6596814148528,46.8307623945182],[-89.6517953978808,46.8283085854266],[-89.642255,46.82534],[-89.639115,46.823966],[-89.637712,46.822462],[-89.63687,46.820182],[-89.634938,46.819488],[-89.629758,46.818521],[-89.619329,46.81889],[-89.613198,46.819488],[-89.600883,46.822913],[-89.597804,46.824775],[-89.595177,46.826396],[-89.589072,46.827264],[-89.583495,46.829301],[-89.5815225971149,46.8296696276452],[-89.5719386132983,46.8314608039879],[-89.5706902240154,46.8316941187966],[-89.5704020109799,46.8317479837008],[-89.569808,46.831859],[-89.556158,46.834603],[-89.551495,46.836714],[-89.549785,46.836757],[-89.549014,46.836191],[-89.544447,46.835027],[-89.535683,46.835878],[-89.526589,46.838369],[-89.520373,46.839168],[-89.513938,46.841835],[-89.507239,46.841352],[-89.505685,46.840263],[-89.502662,46.840043],[-89.500612,46.84157],[-89.49908,46.841621],[-89.495769,46.840987],[-89.493633,46.839238],[-89.491252,46.838448],[-89.484815,46.838092],[-89.480777,46.838901],[-89.47942,46.838318],[-89.477158,46.837728],[-89.47154,46.837359],[-89.4399734983546,46.8393293324745],[-89.437047,46.839512],[-89.425331,46.841452],[-89.415154,46.843983],[-89.393434,46.850734],[-89.388988,46.852678],[-89.372032,46.857386],[-89.36185,46.860161],[-89.35229,46.862973],[-89.3454764577987,46.8661446036723],[-89.343656,46.866992],[-89.3353613543284,46.8718974849701],[-89.332814,46.873404],[-89.330106766931,46.8756237699717],[-89.328782,46.87671],[-89.3267512385883,46.8763391593797],[-89.325803,46.876166],[-89.3205,46.877121],[-89.311994,46.87927],[-89.305446,46.882221],[-89.297681,46.886518],[-89.294806,46.887863],[-89.2923581135023,46.8884459289032],[-89.287726,46.889549],[-89.283551,46.889866],[-89.273013,46.894631],[-89.256674,46.902026],[-89.254911,46.901895],[-89.2543688096173,46.9020295135988],[-89.249143,46.903326],[-89.2283623497987,46.9127506596701],[-89.227914,46.912954],[-89.223045,46.91631],[-89.218749,46.918527],[-89.201511,46.931149],[-89.1974815561425,46.9353148162004],[-89.1836928436257,46.9495701933731],[-89.181862,46.951463],[-89.177294,46.959687],[-89.175021,46.962411],[-89.17323,46.963885],[-89.168244,46.965536],[-89.157636,46.969298],[-89.14873,46.97666],[-89.148821,46.978327],[-89.148276,46.979625],[-89.142595,46.984859],[-89.138541,46.986605],[-89.134437,46.98883],[-89.128698,46.992599],[-89.1247989116532,46.9932091382576],[-89.118339,46.99422],[-89.115902957706,46.9919330071959],[-89.113158,46.989356],[-89.106277,46.98648],[-89.100466,46.985391],[-89.093931,46.985143],[-89.086742,46.985298],[-89.0804629827269,46.9856286279102],[-89.07812,46.985752],[-89.0775602062444,46.9858552582209],[-89.063103,46.988522],[-89.0597604662221,46.9902400790702],[-89.0515,46.994486],[-89.044323,46.996506],[-89.03949,46.999419],[-89.02893,47.00114],[-89.025953,46.997131],[-89.022994,46.99512],[-89.016393,46.99404],[-89.007389,46.994402],[-88.998417,46.995314],[-88.987197,46.997239],[-88.9784328044613,47.0001961168969],[-88.972802,47.002096],[-88.9603365494284,47.0080527597744],[-88.959409,47.008496],[-88.950811,47.014103],[-88.944045,47.020129],[-88.939412,47.024738],[-88.933617,47.030793],[-88.933301762633,47.0311855525701],[-88.932932,46.967706],[-88.932505,46.894253],[-88.932547,46.857758],[-88.932343,46.808076],[-88.932132,46.794263],[-88.932953,46.77979],[-88.93248,46.764787],[-88.90607,46.764951],[-88.888837,46.765005],[-88.885013,46.765101],[-88.863906,46.765013],[-88.864,46.751769],[-88.864473,46.679311],[-88.989529,46.680119],[-88.99078,46.593157],[-88.991234,46.478973],[-88.991236,46.419704],[-88.991013,46.333236],[-88.991012,46.332308],[-89.012149,46.33285],[-89.116381,46.332663],[-89.365507,46.333078],[-89.366371,46.347545],[-89.366293,46.362393],[-89.365155,46.376399],[-89.365683,46.419274],[-89.365409,46.495866],[-89.365094,46.505949],[-89.551272,46.506185],[-89.56131,46.506134],[-89.740568,46.505642],[-89.740009,46.54985],[-89.740001,46.592494],[-89.86442,46.592643],[-89.863793,46.765405],[-89.8853874922337,46.7654749888557]]]}},{"type":"Feature","id":"39157","properties":{"id":"39157","FIPS":"39157","stateFIPS":"39","name":"Tuscarawas","state":"OH","sourceId":"census-counties-2024"},"geometry":{"type":"Polygon","coordinates":[[[-81.712366,40.371101],[-81.711602,40.389711],[-81.711501,40.392181],[-81.70956,40.436879],[-81.709316,40.441568],[-81.709198,40.443888],[-81.709132,40.444775],[-81.707117,40.444894],[-81.69859,40.444697],[-81.697406,40.444661],[-81.689011,40.444399],[-81.669765,40.443892],[-81.668062,40.487903],[-81.667802,40.494627],[-81.66752,40.501796],[-81.667058,40.509561],[-81.66676,40.516818],[-81.665942,40.535362],[-81.665112,40.554193],[-81.66549,40.560921],[-81.664793,40.578757],[-81.664489,40.591528],[-81.662777,40.627269],[-81.665199,40.627355],[-81.668187,40.627465],[-81.66795,40.632379],[-81.64911,40.634525],[-81.605001,40.639548],[-81.57794,40.64264],[-81.566188,40.64398],[-81.553957,40.64533],[-81.537606,40.647102],[-81.510397,40.650247],[-81.508912,40.650415],[-81.48703,40.652864],[-81.469104,40.654941],[-81.467461,40.655914],[-81.460876,40.666363],[-81.460224,40.666729],[-81.458952,40.666916],[-81.455521,40.666582],[-81.449464,40.665284],[-81.442783,40.663686],[-81.438317,40.662994],[-81.43582,40.661402],[-81.434814,40.659349],[-81.435996,40.658116],[-81.440986,40.657383],[-81.442509,40.656206],[-81.44609,40.654471],[-81.446925,40.65364],[-81.434015,40.653457],[-81.412788,40.653232],[-81.393239,40.653009],[-81.374947,40.652785],[-81.373473,40.652763],[-81.361701,40.652618],[-81.357261,40.652565],[-81.355687,40.652538],[-81.355484,40.652535],[-81.352425,40.65249],[-81.317876,40.651934],[-81.317739,40.651579],[-81.317983,40.644557],[-81.319138,40.615479],[-81.321006,40.579308],[-81.321659,40.566648],[-81.277052,40.565414],[-81.268575,40.565158],[-81.264744,40.565042],[-81.264902,40.561635],[-81.266385,40.529668],[-81.267112,40.513477],[-81.26747,40.506112],[-81.26827,40.482759],[-81.268431,40.476816],[-81.269951,40.433486],[-81.271224,40.398908],[-81.27172,40.3891],[-81.27254,40.369099],[-81.273148,40.357547],[-81.273695,40.345465],[-81.274142,40.332632],[-81.275319,40.303434],[-81.284886,40.30344],[-81.32508,40.30416],[-81.327787,40.304048],[-81.334601,40.304316],[-81.335239,40.2915],[-81.335389,40.288189],[-81.337401,40.23053],[-81.337524,40.229877],[-81.338064,40.214077],[-81.411858,40.216018],[-81.429948,40.216453],[-81.43325,40.21654],[-81.437058,40.216638],[-81.487045,40.217922],[-81.505007,40.218545],[-81.511344,40.218675],[-81.51799,40.218825],[-81.524608,40.218951],[-81.528028,40.219027],[-81.552394,40.219642],[-81.552701,40.219643],[-81.622351,40.221306],[-81.62078,40.262378],[-81.62033,40.271447],[-81.620177,40.273815],[-81.61975,40.283364],[-81.619222,40.295031],[-81.619155,40.296822],[-81.61802,40.330488],[-81.616307,40.368125],[-81.622268,40.368292],[-81.681446,40.369998],[-81.682634,40.370036],[-81.68323,40.369944],[-81.684161,40.36997],[-81.70015,40.370584],[-81.710425,40.370688],[-81.712383,40.370763],[-81.712366,40.371101]]]}},{"type":"Feature","id":"39125","properties":{"id":"39125","FIPS":"39125","stateFIPS":"39","name":"Paulding","state":"OH","sourceId":"census-counties-2024"},"geometry":{"type":"Polygon","coordinates":[[[-84.80355,41.172075],[-84.803431,41.180322],[-84.8034375809803,41.1850639188717],[-84.8035312568312,41.2525619614428],[-84.727827,41.252455],[-84.689309,41.252443],[-84.669205,41.252568],[-84.649979,41.252648],[-84.611228,41.25281],[-84.572482,41.252788],[-84.56014,41.25256],[-84.558917,41.252632],[-84.457217,41.253485],[-84.457064,41.238188],[-84.456988,41.223964],[-84.456951,41.216423],[-84.457059,41.209434],[-84.436886,41.209175],[-84.399529,41.209281],[-84.362999,41.209266],[-84.360973,41.209261],[-84.341607,41.20906],[-84.341602,41.165524],[-84.341612,41.158013],[-84.341853,41.121759],[-84.341931,41.092566],[-84.341896,41.077964],[-84.341917,41.064052],[-84.341937,41.062966],[-84.342088,41.042405],[-84.342127,41.037747],[-84.342163,41.026876],[-84.342223,41.019821],[-84.342157,41.005135],[-84.341911,40.990692],[-84.361328,40.990537],[-84.370105,40.990531],[-84.375145,40.990488],[-84.380393,40.990452],[-84.389906,40.99041],[-84.399486,40.990315],[-84.457198,40.990134],[-84.476418,40.9901],[-84.572657,40.989865],[-84.580303,40.989877],[-84.591866,40.989792],[-84.682535,40.989557],[-84.688093,40.989577],[-84.692895,40.989584],[-84.7833,40.989471],[-84.8032582490465,40.9893939921809],[-84.8032800179985,41.009576007531],[-84.8033532613393,41.0774799759882],[-84.803366,41.08929],[-84.803398229874,41.0968668642052],[-84.803502,41.121262],[-84.8034908174015,41.1359070105507],[-84.803486,41.142216],[-84.803444727748,41.1616359117428],[-84.8034395880907,41.1640542845708],[-84.803439,41.164331],[-84.80355,41.172075]]]}},{"type":"Feature","id":"39079","properties":{"id":"39079","FIPS":"39079","stateFIPS":"39","name":"Jackson","state":"OH","sourceId":"census-counties-2024"},"geometry":{"type":"Polygon","coordinates":[[[-82.80709,38.948073],[-82.806425,38.954905],[-82.801361,39.005312],[-82.799047,39.025606],[-82.798689,39.028414],[-82.797789,39.035506],[-82.79957,39.03563],[-82.795145,39.080401],[-82.794746,39.084079],[-82.790369,39.124367],[-82.785891,39.168769],[-82.766692,39.167768],[-82.764643,39.189439],[-82.762892,39.207967],[-82.682721,39.203887],[-82.650087,39.202269],[-82.651486,39.189567],[-82.633601,39.18792],[-82.610985,39.18557],[-82.594833,39.185526],[-82.574483,39.18547],[-82.547609,39.182495],[-82.537068,39.180983],[-82.536414,39.180775],[-82.536306,39.180757],[-82.537515,39.16976],[-82.538719,39.159228],[-82.540282,39.144471],[-82.532235,39.143813],[-82.514821,39.142389],[-82.49988,39.141172],[-82.452121,39.138977],[-82.424693,39.137816],[-82.425429,39.130505],[-82.426259,39.122211],[-82.435309,39.035079],[-82.435574,39.031524],[-82.437524,39.009796],[-82.43784,39.008156],[-82.44366,38.947439],[-82.443685,38.947091],[-82.44857,38.90256],[-82.448593,38.902352],[-82.448815,38.900291],[-82.449009,38.898488],[-82.449224,38.897507],[-82.449267,38.896081],[-82.453566,38.859357],[-82.454342,38.852255],[-82.455197,38.844579],[-82.465297,38.84566],[-82.473885,38.846578],[-82.574383,38.853475],[-82.575583,38.844478],[-82.597346,38.845814],[-82.650039,38.849073],[-82.686009,38.851211],[-82.729548,38.853396],[-82.739072,38.854014],[-82.760531,38.854867],[-82.76069,38.854875],[-82.761985,38.869522],[-82.75849,38.886274],[-82.758348,38.888431],[-82.755655,38.920773],[-82.75572,38.922269],[-82.753391,38.945373],[-82.806544,38.948045],[-82.80709,38.948073]]]}},{"type":"Feature","id":"39169","properties":{"id":"39169","FIPS":"39169","stateFIPS":"39","name":"Wayne","state":"OH","sourceId":"census-counties-2024"},"geometry":{"type":"Polygon","coordinates":[[[-82.129334,40.991807],[-82.078836,40.991156],[-82.078627,40.991153],[-82.074473,40.991093],[-82.030748,40.990413],[-82.000841,40.990144],[-81.98717,40.990023],[-81.977381,40.989961],[-81.939981,40.989637],[-81.909565,40.989364],[-81.89237,40.989164],[-81.889498,40.989152],[-81.885184,40.989134],[-81.880007,40.989048],[-81.86944,40.988822],[-81.859116,40.988788],[-81.828875,40.988272],[-81.822274,40.988354],[-81.807552,40.988249],[-81.806433,40.988251],[-81.805484,40.988253],[-81.803453,40.988257],[-81.79464,40.988209],[-81.79379,40.988207],[-81.785722,40.988203],[-81.785284,40.988198],[-81.78057,40.988201],[-81.775543,40.988207],[-81.76098,40.988208],[-81.759447,40.988209],[-81.729871,40.988391],[-81.715559,40.988526],[-81.688491,40.98859],[-81.669703,40.988568],[-81.649483,40.988558],[-81.647689,40.988563],[-81.64766,40.98732],[-81.647661,40.987259],[-81.647675,40.970322],[-81.64764,40.960481],[-81.647719,40.948153],[-81.647727,40.943399],[-81.647767,40.928803],[-81.64785,40.925197],[-81.647735,40.914016],[-81.647733,40.911387],[-81.647695,40.902264],[-81.647843,40.876875],[-81.647843,40.873904],[-81.64784,40.872586],[-81.647859,40.853981],[-81.647924,40.844072],[-81.647924,40.843851],[-81.64795,40.840436],[-81.647991,40.825776],[-81.648049,40.814371],[-81.648123,40.804923],[-81.648123,40.804623],[-81.648176,40.796368],[-81.648233,40.777655],[-81.648235,40.776376],[-81.648338,40.74882],[-81.64897,40.736863],[-81.649279,40.734202],[-81.649241,40.730093],[-81.649208,40.726452],[-81.64955,40.718757],[-81.649524,40.702774],[-81.64983,40.668113],[-81.650026,40.667774],[-81.69766,40.667992],[-81.726247,40.668066],[-81.729512,40.668052],[-81.745928,40.667882],[-81.765051,40.66778],[-81.765052,40.668028],[-81.784152,40.667862],[-81.789008,40.667911],[-81.796321,40.667941],[-81.817676,40.667939],[-81.832401,40.66775],[-81.841951,40.667592],[-81.861197,40.667267],[-81.876906,40.667341],[-81.877219,40.667193],[-81.931782,40.667231],[-81.946914,40.667452],[-81.952853,40.667515],[-81.992653,40.667957],[-81.995321,40.667963],[-82.025194,40.66816],[-82.040914,40.668341],[-82.052873,40.66841],[-82.063273,40.668377],[-82.106974,40.667825],[-82.106977,40.668114],[-82.126196,40.668357],[-82.126229,40.675769],[-82.126307,40.695065],[-82.126345,40.704544],[-82.126366,40.712015],[-82.126404,40.719331],[-82.126428,40.726534],[-82.126234,40.726537],[-82.126536,40.749272],[-82.126628,40.750056],[-82.126696,40.762975],[-82.127327,40.804252],[-82.126887,40.813787],[-82.126557,40.82131],[-82.125493,40.850301],[-82.125495,40.85817],[-82.12501,40.886263],[-82.125852,40.893269],[-82.127423,40.90089],[-82.1279,40.900902],[-82.128078,40.915319],[-82.128313,40.92172],[-82.128544,40.929977],[-82.127917,40.937169],[-82.128835,40.964201],[-82.129101,40.975448],[-82.129334,40.991807]]]}},{"type":"Feature","id":"39133","properties":{"id":"39133","FIPS":"39133","stateFIPS":"39","name":"Portage","state":"OH","sourceId":"census-counties-2024"},"geometry":{"type":"Polygon","coordinates":[[[-81.393284,41.019936],[-81.393267,41.029035],[-81.393228,41.03763],[-81.393222,41.039001],[-81.393216,41.04064],[-81.393137,41.048397],[-81.393056,41.060666],[-81.392784,41.063708],[-81.392935,41.066197],[-81.392946,41.066267],[-81.392832,41.083217],[-81.392744,41.085672],[-81.392731,41.085969],[-81.392628,41.092083],[-81.392629,41.092705],[-81.392534,41.100435],[-81.392456,41.109043],[-81.392442,41.110646],[-81.392336,41.117911],[-81.392532,41.120955],[-81.392203,41.135494],[-81.392114,41.135722],[-81.392357,41.136952],[-81.392449,41.139766],[-81.392407,41.153274],[-81.392345,41.166238],[-81.392268,41.171362],[-81.392269,41.173631],[-81.392238,41.175913],[-81.392238,41.180702],[-81.392231,41.198537],[-81.391931,41.202855],[-81.392134,41.239743],[-81.391931,41.254189],[-81.391831,41.276488],[-81.391831,41.276654],[-81.391759,41.284053],[-81.391746,41.306956],[-81.39174,41.311743],[-81.391719,41.336658],[-81.391709,41.340634],[-81.391694,41.348272],[-81.367841,41.347969],[-81.364087,41.347944],[-81.339654,41.347698],[-81.322787,41.34752],[-81.298567,41.347319],[-81.19142,41.347569],[-81.143144,41.347454],[-81.113719,41.347354],[-81.09852,41.347474],[-81.079132,41.347456],[-81.053623,41.347769],[-81.003191,41.347859],[-81.00319,41.309897],[-81.00288,41.271842],[-81.002764,41.234892],[-81.002759,41.22968],[-81.002758,41.229527],[-81.002745,41.202693],[-81.002713,41.200985],[-81.002578,41.193773],[-81.002572,41.192746],[-81.002617,41.178819],[-81.002614,41.176301],[-81.002615,41.1683],[-81.002532,41.134187],[-81.00229,41.134189],[-81.002404,41.104016],[-81.002402,41.099884],[-81.002405,41.098669],[-81.002375,41.087838],[-81.00236,41.062093],[-81.00259,41.053806],[-81.002417,41.042051],[-81.001859,41.034381],[-81.00192,41.021698],[-81.001797,41.00786],[-81.001695,40.987783],[-81.041275,40.987958],[-81.050158,40.987781],[-81.050722,40.987835],[-81.086312,40.988031],[-81.09882,40.988074],[-81.144297,40.988214],[-81.144786,40.988214],[-81.15331,40.988221],[-81.183849,40.988208],[-81.195679,40.988205],[-81.203146,40.987989],[-81.24939,40.988359],[-81.278753,40.988439],[-81.299767,40.988511],[-81.302728,40.988534],[-81.329592,40.988641],[-81.342366,40.988657],[-81.344628,40.988657],[-81.344909,40.988657],[-81.357529,40.988717],[-81.369954,40.988649],[-81.381674,40.988601],[-81.393249,40.988531],[-81.393274,41.017476],[-81.393284,41.019936]]]}}]}